﻿id,sell_trx_id,seller,num_cards,buy_price,fee_percent,market_item_id,rental_tx,rental_date,renter,status,market_account,rental_days,next_rental_payment,payment_currency,payment_amount,escrow_currency,escrow_amount,paid_amount,cancel_tx,cancel_player,cancel_date,card_id,card_detail_id,gold,xp,edition
17355471,8b8d0242a155390fe16c549652424c965b088022-10,blindinglight,1,19.999,500,17355471,6ce071e0e4083b70d609877209232e15c5b0901d,2021-10-31T16:41:33.000Z,dyre,2,peakmonsters,1,2021-11-01T16:41:33.000Z,DEC,19.999,DEC,19.999,19.999,,,,G3-91-WSS3HT40XC,91,true,200,3
18018373,978e08df98fd11e45a6440df00c2adae45734dfb-15,revisesociology,1,4.484,500,18018373,8cd95fba8aaddc09e7d61427f8d62f9cbcc2a5a4,2021-10-31T16:41:15.000Z,dyre,2,peakmonsters,1,2021-11-01T16:41:15.000Z,DEC,4.484,DEC,4.484,4.484,,,,C3-131-EU6H949SWW,131,false,0,3
17901814,0f584656d359716498417c7cf8db8da84c617d73-0,spirits4you,1,7.800,500,17901814,331a1f6884b2921fb6cabcf43c0baf840a599b37,2021-10-31T16:41:00.000Z,dyre,2,peakmonsters,1,2021-11-01T16:41:00.000Z,DEC,7.800,DEC,7.800,7.800,,,,C4-293-UU9Q8MRC34,293,false,1,4
18089961,45f2b4c8df0ae566089f87401474f457df13cac7-41,procaptainjoe,1,9.950,500,18089961,26c25c78c736d0b1806b68880510bc9e10527019,2021-10-31T16:40:48.000Z,dyre,2,peakmonsters,1,2021-11-01T16:40:48.000Z,DEC,9.950,DEC,9.950,9.950,,,,C-1LLJBS35SG,18,false,200,0
10266801,dd95c908af04c819cb77e9c8efc1fbda8df353e4-0,gungunkrishu,1,20.000,500,10266801,3e06fcb36f18564b26ccb179aea5d990478b2050,2021-10-31T16:38:54.000Z,dyre,2,peakmonsters,1,2021-11-01T16:38:54.000Z,DEC,20.000,DEC,20.000,20.000,,,,G1-14-861K3ILD68,14,true,200,1
10413824,76e4523e80c0935814b250121893a72e6c15491b-0,gigel4,1,14.000,500,10413824,809547dbfa23f8b5d1bab1572706354dbc88dcbf,2021-10-31T16:38:48.000Z,dyre,2,peakmonsters,1,2021-11-01T16:38:48.000Z,DEC,14.000,DEC,14.000,14.000,,,,G3-103-X4830IMR28,103,true,200,3
17369140,e260d32387a9683a46adc4c5e25788e8184d2b23-63,tishntash,1,40.950,500,17369140,4cb188d39f632542e15dc0ae28fc265f8f9a7c5b,2021-10-31T16:38:42.000Z,dyre,2,peakmonsters,1,2021-11-01T16:38:42.000Z,DEC,40.950,DEC,40.950,40.950,,,,G4-178-1KU5IFVA00,178,true,1,4
10426912,6a55c4153f173bc398dd96f85fa1589f547d399f-1,cyguy,1,5.950,500,10426912,df1f5c5050d4db59fda0272b1d69fd69f1337e86,2021-10-31T16:38:33.000Z,dyre,2,peakmonsters,1,2021-11-01T16:38:33.000Z,DEC,5.950,DEC,5.950,5.950,,,,G1-12-9OVVDIUWYO,12,true,200,1
18365881,3b99f8832f9daab7ed80f4f11e5d645aca4058c5-13,lvlup,1,5.900,500,18365881,9672a206029691d1c407661a6bdcffbdde2ad76c,2021-10-31T16:38:15.000Z,dyre,2,peakmonsters,1,2021-11-01T16:38:15.000Z,DEC,5.900,DEC,5.900,5.900,,,,G4-169-SQULH20HVK,169,true,1,4
17181029,95b2c4bcb35a3006109a2ff210d08d2c5e29bea4-11,molins,1,74.500,500,17181029,cd3064e83e2da1397f28795b6e64a2ff27cc250c,2021-10-30T04:37:48.000Z,dyre,2,splinterlands,1,2021-10-31T04:37:48.000Z,DEC,74.500,DEC,74.500,74.500,,,,C4-142-0FJAK7FGG0,142,false,46,4
10295728,afa09200d4779701f1c37d3130546d16babe3ba6-9,pbj214,1,76.600,500,10295728,46a8d187356c6210cb8b2dcda8204ec3c9c79153,2021-10-30T02:51:06.000Z,dyre,2,splinterlands,1,2021-10-31T02:51:06.000Z,DEC,76.600,DEC,76.600,76.600,,,,C1-34-IJDEWJ6ITC,34,false,7560,1
10246872,715edc400aa4aa2f4950aedd18954ff1f3ae36f8-0,cryptocopy,1,7.500,500,10246872,af4a0adf92d6d3002aee674202f48b55ffe8b9ee,2021-10-26T23:08:36.000Z,dyre,2,peakmonsters,1,2021-10-27T23:08:36.000Z,DEC,7.500,DEC,7.500,7.500,,,,C-EC4AVU9YCG,18,false,100,0
16036907,331dbf9dad1a85ac0d38dadc8e7f771fe835c78a-18,aatrox,1,14.840,500,16036907,978faee06313164b52971a10404b81548650a08e,2021-10-26T23:08:12.000Z,dyre,2,peakmonsters,1,2021-10-27T23:08:12.000Z,DEC,14.840,DEC,14.840,14.840,,,,G-3DRJQKHVO0,14,true,250,0
17058141,5859a42f4eed8ee00b16d3ddb5c1399d04cda8ce-28,ty2nicerva,1,1.666,500,17058141,978faee06313164b52971a10404b81548650a08e,2021-10-26T23:08:12.000Z,dyre,2,peakmonsters,1,2021-10-27T23:08:12.000Z,DEC,8.050,DEC,8.050,8.050,,,,G4-169-1ZEEAA1HJK,169,true,1,4
15717571,482077d28619cd91d6b5da782ccb6929aae729d2-9,faceb,1,9.740,500,15717571,978faee06313164b52971a10404b81548650a08e,2021-10-26T23:08:12.000Z,dyre,2,peakmonsters,1,2021-10-27T23:08:12.000Z,DEC,9.740,DEC,9.740,9.740,,,,G3-103-KFM13CFLM8,103,true,200,3
16186769,bdc4f75c6626d4f44cc78c375af17f87b033c971-0,imno,1,31.940,500,16186769,978faee06313164b52971a10404b81548650a08e,2021-10-26T23:08:12.000Z,dyre,2,peakmonsters,1,2021-10-27T23:08:12.000Z,DEC,31.940,DEC,31.940,31.940,,,,G4-178-ZDQ948PIHC,178,true,1,4
17655320,c1aa1ef47dfb457d3d2a205f77115c05d14c3f39-6,aatrox,1,14.750,500,17655320,978faee06313164b52971a10404b81548650a08e,2021-10-26T23:08:12.000Z,dyre,2,peakmonsters,1,2021-10-27T23:08:12.000Z,DEC,14.750,DEC,14.750,14.750,,,,G0-12-80OD3BVW4G,12,true,250,0
11228511,172c1eb68665827d7d98dc87eb3dc10b6db897d5-0,splintercards,1,2.500,500,11228511,86572813cad2206979cc0003581daf47eaa1b752,2021-10-21T12:36:45.000Z,dyre,2,peakmonsters,1,2021-10-22T12:36:45.000Z,DEC,5.000,DEC,5.000,5.000,,,,C3-131-BGS2FMODI8,131,false,0,3
15909969,71e63f5151ec917998112d139967de08280bac54-65,moriarty95,1,49.700,500,15909969,ba79ff913ec0778359d29ab646693a13df6de933,2021-10-21T12:36:36.000Z,dyre,2,peakmonsters,1,2021-10-22T12:36:36.000Z,DEC,49.700,DEC,49.700,49.700,,,,G4-178-DC1M7BASRK,178,true,1,4
11207793,8241c8e8b4c7491d105c0254ceaab981b9a9a28b-18,smalp,1,34.950,500,11207793,655ea91aa4bd9bcaaf67bbcec0326363d3b64e5b,2021-10-21T12:36:27.000Z,dyre,2,peakmonsters,1,2021-10-22T12:36:27.000Z,DEC,34.950,DEC,34.950,34.950,,,,G1-18-ZV6CSNZ7M8,18,true,400,1
15986931,e19287044a874c2dcffe6bd8f03f7ba5429391fe-14,avestan,1,23.000,500,15986931,ed79dbce06762184e37ec34a6a0b89f61f9892d8,2021-10-21T12:36:18.000Z,dyre,2,peakmonsters,1,2021-10-22T12:36:18.000Z,DEC,41.950,DEC,41.950,41.950,,,,G-ZAOWHSSBXC,14,true,250,0
10119079,f62992f2ba846f3a997487a6bdec2f47b9c7b002-0,nicanor-mosquera,1,10.000,500,10119079,50cdd383e7607100d9d3a7f4559af4d670de937f,2021-10-21T12:36:09.000Z,dyre,2,peakmonsters,1,2021-10-22T12:36:09.000Z,DEC,10.000,DEC,10.000,10.000,,,,G3-91-GD5TP6KAPS,91,true,200,3
15777828,4615a771b9348c68d31febf54f4728e034c5d36c-0,codebull,1,6.000,500,15777828,2eaf1960b3fb450402590b3c2044d04b68e841fb,2021-10-21T12:35:57.000Z,dyre,2,peakmonsters,1,2021-10-22T12:35:57.000Z,DEC,6.000,DEC,6.000,6.000,,,,G4-171-6YET6R2S00,171,true,1,4
12532001,86b258e8dcc13addfd58090fa2a01135ca346556-0,bitcoinportugal,1,11.800,500,12532001,2eaf1960b3fb450402590b3c2044d04b68e841fb,2021-10-21T12:35:57.000Z,dyre,2,peakmonsters,1,2021-10-22T12:35:57.000Z,DEC,11.800,DEC,11.800,11.800,,,,G3-103-97D6BE3ZXS,103,true,200,3
14611451,abc7c05dea4e491694f198a46433c9d13a6171f9-0,thebluewin,1,19.200,500,14611451,3ed2202d96cd9bf788944c2e23c3269dc2a92498,2021-10-16T00:52:00.000Z,dyre,2,peakmonsters,1,2021-10-17T00:52:00.000Z,DEC,19.200,DEC,19.200,19.200,,,,C0-18-3ME52A9PCG,18,false,700,0
10301925,ef41639eae6cfc2fdff1830617c2f526b2d9791a-0,duukov,1,20.000,500,10301925,bf46b38ac84ae8cb304f9c050e9b138e2c2ad26c,2021-10-16T00:51:03.000Z,dyre,2,peakmonsters,1,2021-10-17T00:51:03.000Z,DEC,30.000,DEC,30.000,30.000,,,,G1-14-GF20WYSCJ4,14,true,200,1
10367436,d97af5301887fab7ec0a86c60d74b4f6aedf1eb0-42,the10legmulti,1,3.690,500,10367436,bf46b38ac84ae8cb304f9c050e9b138e2c2ad26c,2021-10-16T00:51:03.000Z,dyre,2,peakmonsters,1,2021-10-17T00:51:03.000Z,DEC,3.690,DEC,3.690,3.690,,,,G4-171-MG7KZSQFGG,171,true,1,4
14893069,0f359a0a48486e6eafd709d2e06e574f96f23a3e-1,jron,1,4.150,500,14893069,bf46b38ac84ae8cb304f9c050e9b138e2c2ad26c,2021-10-16T00:51:03.000Z,dyre,2,peakmonsters,1,2021-10-17T00:51:03.000Z,DEC,4.150,DEC,4.150,4.150,,,,G1-12-JD7DV3JUJK,12,true,200,1
15013713,061a2a383053e24254ccec483121307660aabbbf-1,earthsplinters,1,3.200,500,15013713,bf46b38ac84ae8cb304f9c050e9b138e2c2ad26c,2021-10-16T00:51:03.000Z,dyre,2,peakmonsters,1,2021-10-17T00:51:03.000Z,DEC,3.200,DEC,3.200,3.200,,,,G4-169-03BPEVMRXS,169,true,1,4
10652560,3e12ca52679032371f71871d5938f8e763bdce19-0,teammonsters,1,30.000,500,10652560,bf46b38ac84ae8cb304f9c050e9b138e2c2ad26c,2021-10-16T00:51:03.000Z,dyre,2,peakmonsters,1,2021-10-17T00:51:03.000Z,DEC,30.000,DEC,30.000,30.000,,,,G3-131-TLIVIT7100,131,true,400,3
11793619,5154f8fef270cf3fddf17c0752c198bb802299ce-8,ccoin,1,19.000,500,11793619,bf46b38ac84ae8cb304f9c050e9b138e2c2ad26c,2021-10-16T00:51:03.000Z,dyre,2,peakmonsters,1,2021-10-17T00:51:03.000Z,DEC,19.000,DEC,19.000,19.000,,,,G3-91-OYHYM1G2QO,91,true,200,3
14244984,640be6d1adab1a3ea287142dc2f3977fbd6c646e-0,tbnfl4sun,1,5.000,500,14244984,bf46b38ac84ae8cb304f9c050e9b138e2c2ad26c,2021-10-16T00:51:03.000Z,dyre,2,peakmonsters,1,2021-10-17T00:51:03.000Z,DEC,5.000,DEC,5.000,5.000,,,,G3-103-IWD65Z1XTS,103,true,200,3
9308144,b57adb0460f786acc7234a50b3a9d880e2a24e6d-41,smalp,1,179.850,500,9308144,ca39977cda0ee28079fb757fff7221260f3a3171,2021-10-14T20:20:33.000Z,dyre,2,splinterlands,1,2021-10-15T20:20:33.000Z,DEC,179.850,DEC,179.850,179.850,,,,C1-113-P6JMLSWIUO,113,false,7500,1
11169424,7ddb18ec5a3fdbb75384177cc333b67d388dad34-0,db-cooper,1,2.500,500,11169424,f674280a3d5dc05ab7db7972d3074ed5fdc6958a,2021-10-11T00:24:00.000Z,dyre,2,peakmonsters,1,2021-10-12T00:24:00.000Z,DEC,2.500,DEC,2.500,2.500,,,,G4-171-59YVUWTG5S,171,true,1,4
15858149,3cd88f6b76cfe09f0537782e13595b9516a0fe76-0,potence,1,12.200,500,15858149,72e41c409c8940b163e2003c8ee0ccefd05efa83,2021-10-11T00:22:48.000Z,dyre,2,peakmonsters,1,2021-10-12T00:22:48.000Z,DEC,13.900,DEC,13.900,13.900,,,,G3-103-2ORHT5Q7RK,103,true,200,3
10327021,f3ad0142edfd6fa8708219040e0dc533b35cab72-11,deezrentals,1,12.285,500,10327021,72e41c409c8940b163e2003c8ee0ccefd05efa83,2021-10-11T00:22:48.000Z,dyre,2,peakmonsters,1,2021-10-12T00:22:48.000Z,DEC,12.285,DEC,12.285,12.285,,,,G1-14-W78V9YBFDC,14,true,200,1
10543975,ca76bc2183b310140fb0fb5a71920e5724b7cc74-0,sonniwins,1,24.800,500,10543975,72e41c409c8940b163e2003c8ee0ccefd05efa83,2021-10-11T00:22:48.000Z,dyre,2,peakmonsters,1,2021-10-12T00:22:48.000Z,DEC,24.800,DEC,24.800,24.800,,,,G1-18-K4X3UA8U0G,18,true,400,1
11260108,b4387c8d8f59726df186888fa2a34b828c31e13f-4,d-pend,1,19.930,500,11260108,040f36e7082636645079789e429e548ffea06827,2021-10-06T16:15:09.000Z,dyre,2,peakmonsters,1,2021-10-07T16:15:09.000Z,DEC,19.930,DEC,19.930,19.930,,,,G1-14-ETRRJGFD4W,14,true,200,1
12136264,a27ae60be47b5fcbf3f43046c28457a0a1ccb367-90,clove71,1,30.509,500,12136264,040f36e7082636645079789e429e548ffea06827,2021-10-06T16:15:09.000Z,dyre,2,peakmonsters,1,2021-10-07T16:15:09.000Z,DEC,30.509,DEC,30.509,30.509,,,,G3-131-XY6MNYKKZ4,131,true,400,3
10600962,350d95884e96566481d7e4f260f753633b490b23-70,namelessnameless,1,9.844,500,10600962,c0c6b0720ba763a3d5ab3ff0fb56da8700fe3593,2021-10-06T16:14:18.000Z,dyre,2,peakmonsters,1,2021-10-07T16:14:18.000Z,DEC,9.844,DEC,9.844,9.844,,,,G3-103-1MAZI0ZSY8,103,true,200,3
10831055,82f023135e651751bc657a3e13a849086ba51cde-17,qinetix,1,2.353,500,10831055,c0c6b0720ba763a3d5ab3ff0fb56da8700fe3593,2021-10-06T16:14:18.000Z,dyre,2,peakmonsters,1,2021-10-07T16:14:18.000Z,DEC,2.353,DEC,2.353,2.353,,,,G4-171-CRHAF7CNC0,171,true,1,4
14859629,2c1903da7f420f341d2e86e8f670dba00a07ee7d-0,rekodesign,1,25.000,500,14859629,c0c6b0720ba763a3d5ab3ff0fb56da8700fe3593,2021-10-06T16:14:18.000Z,dyre,2,peakmonsters,1,2021-10-07T16:14:18.000Z,DEC,25.000,DEC,25.000,25.000,,,,G1-18-D5RX3DFE7K,18,true,400,1
11683804,1de513affe507125a0136bb9b2feb0e294bb9aaa-55,toocurious,1,11.940,500,11683804,c0c6b0720ba763a3d5ab3ff0fb56da8700fe3593,2021-10-06T16:14:18.000Z,dyre,2,peakmonsters,1,2021-10-07T16:14:18.000Z,DEC,11.940,DEC,11.940,11.940,,,,G3-91-7G1YQ2PDG0,91,true,200,3