﻿id,sell_trx_id,seller,num_cards,buy_price,fee_percent,market_item_id,rental_tx,rental_date,renter,status,market_account,rental_days,next_rental_payment,payment_currency,payment_amount,escrow_currency,escrow_amount,paid_amount,cancel_tx,cancel_player,cancel_date,card_id,card_detail_id,gold,xp,edition
18077110,c3862ef9e220293a808aaff32dce143020b2bc76-0,kush-hyg,1,4.500,500,18077110,dd9ee0746fe1013c0cb526fa97c8ca85cc36dc37,2021-11-01T02:26:45.000Z,cobeacon,2,peakmonsters,1,2021-11-02T02:26:45.000Z,DEC,4.500,DEC,4.500,4.500,,,,C-01MVUFS0HC,14,false,20,0
10164226,baa2a435d673bf25f2f69bb40ea62cc188b14a90-0,pardinus,1,7.900,500,10164226,e6403cc6bfe66f617a8561f2c9325d301a4ae5ee,2021-11-01T02:26:00.000Z,cobeacon,2,peakmonsters,1,2021-11-02T02:26:00.000Z,DEC,7.900,DEC,7.900,7.900,,,,G3-103-Z0QWV4H91C,103,true,200,3
11557519,8b52b1048fd37ba4828c46fd51c6122a5d002d98-0,fujifluz42,1,4.000,500,11557519,1ad79fdeb2461bab13d83054604ec4c7dabf9bdd,2021-11-01T02:25:15.000Z,cobeacon,2,peakmonsters,1,2021-11-02T02:25:15.000Z,DEC,4.000,DEC,4.000,4.000,,,,C3-91-3OHE9XFC1C,91,false,60,3
15231439,788cc906d2bffa8b3a78da6214ff88406a104ee4-0,oriridragon,1,5.800,500,15231439,2fe116825e97ba04f099fd5dc1337c671c9e3a0f,2021-11-01T02:21:57.000Z,cobeacon,2,peakmonsters,1,2021-11-02T02:21:57.000Z,DEC,5.800,DEC,5.800,5.800,,,,C3-131-7J14U4O2KG,131,false,0,3
10460095,f8341debb9f08f1e9dcb9bbd17e6be9e3dcc8d23-0,vaca3,1,24.000,500,10460095,4595bde7a2ce41f584cf41f1746f429e4084e0d1,2021-11-01T02:21:06.000Z,cobeacon,2,peakmonsters,1,2021-11-02T02:21:06.000Z,DEC,24.000,DEC,24.000,24.000,,,,C0-18-09A6Q1NG1C,18,false,300,0
18144109,a1407bda2ddb45b4c81f504650baf04d8421e7d8-21,ddma,1,8.696,500,18144109,718d986f570be0509a5438b96efc0416b547c05e,2021-11-01T02:20:06.000Z,cobeacon,2,peakmonsters,1,2021-11-02T02:20:06.000Z,DEC,8.696,DEC,8.696,8.696,,,,C4-293-FSNVWWL6B4,293,false,1,4
11732894,6ce1c5bc4705ab9d36faedcc5465bb4ac77f71cb-0,coffeedrinker112,1,60.000,500,11732894,26bee4136cfe057118f6b5382323ea27f7534449,2021-11-01T02:18:03.000Z,cobeacon,2,peakmonsters,1,2021-11-02T02:18:03.000Z,DEC,60.000,DEC,60.000,60.000,,,,G4-178-6F9C1913W0,178,true,1,4
17529630,250e5ddd3e45b1974b746d017f0f107bb8d25075-0,warrioroflife,1,7.450,500,17529630,b166468c3e973c6c85c93e154e133f98b0686d6a,2021-11-01T02:17:48.000Z,cobeacon,2,peakmonsters,1,2021-11-02T02:17:48.000Z,DEC,7.450,DEC,7.450,7.450,,,,G4-169-PGCQCVFBSW,169,true,1,4
16244381,3a09dccac66f4979c52e16153734293a1ef315c3-3,doloknight,1,4.350,500,16244381,b166468c3e973c6c85c93e154e133f98b0686d6a,2021-11-01T02:17:48.000Z,cobeacon,2,peakmonsters,1,2021-11-02T02:17:48.000Z,DEC,4.350,DEC,4.350,4.350,,,,G1-12-DUWD017UM8,12,true,200,1
10367713,10a80dbfcbf85e180128e08c4a83b724fccf0d67-0,aatrox,1,66.000,500,10367713,24fd459f4fed105de1d038767172b5369c7edd58,2021-10-30T05:21:48.000Z,cobeacon,2,splinterlands,1,2021-10-31T05:21:48.000Z,DEC,66.000,DEC,66.000,66.000,,,,G0-51-OMAHZWZOVK,51,true,500,0
15582870,143e79e2c6f78d2226daf9805aa3347ee0c45b29-16,fighter4-freedom,1,29.000,500,15582870,516c622c15f5a900227135983af968331c7341b7,2021-10-30T05:21:03.000Z,cobeacon,2,splinterlands,1,2021-10-31T05:21:03.000Z,DEC,29.000,DEC,29.000,29.000,,,,G3-131-TIIHVWTUK0,131,true,400,3
15588618,e3b218da9e63685e47d3b54964dbad2f6da32cdc-11,lucky-cards,1,40.000,500,15588618,f1c2f08be3f783d1119882425f3d90edaa819234,2021-10-30T05:20:00.000Z,cobeacon,2,splinterlands,1,2021-10-31T05:20:00.000Z,DEC,40.000,DEC,40.000,40.000,,,,G4-180-5QRSGPPLDS,180,true,9,4
14432646,bce499ea43f3d844bffb5fe6660bdea631e75329-0,happyme,1,19.500,500,14432646,4725df2fe6e69ecbff52e78ec6104619f18be945,2021-10-26T14:56:30.000Z,cobeacon,2,peakmonsters,1,2021-10-27T14:56:30.000Z,DEC,19.500,DEC,19.500,19.500,,,,G3-91-UQZ4EOVSOG,91,true,200,3
17169422,1689bf0b8531e09bfd77e52b69249f698d61982e-98,slugf,1,5.000,500,17169422,ec81f72d56bb713e0663e0ab4bc921f22019def8,2021-10-26T14:56:18.000Z,cobeacon,2,peakmonsters,1,2021-10-27T14:56:18.000Z,DEC,5.000,DEC,5.000,5.000,,,,G4-169-E9P2U91U3K,169,true,1,4
15774487,1129126e3777af083918207a3fef52f52d5b0738-0,bitfiend,1,10.000,500,15774487,73adcc9856da2a69010eca79309385a38992f6bd,2021-10-26T14:56:06.000Z,cobeacon,2,peakmonsters,1,2021-10-27T14:56:06.000Z,DEC,10.000,DEC,10.000,10.000,,,,C-W5CC4WL3LS,14,false,60,0
10679602,669f4f490038bb260f31fe39a23ed97e7ff096f9-2,phython,1,3.000,500,10679602,5a4a2ff5ccf162c8f2117e6e42d398baf1d98558,2021-10-26T14:55:21.000Z,cobeacon,2,peakmonsters,1,2021-10-27T14:55:21.000Z,DEC,3.000,DEC,3.000,3.000,,,,C3-131-8JCKMA22OG,131,false,0,3
12300555,db7a2817ce5088cb804e055b6d5f6beae468efb6-0,mightyfiction2,1,4.500,500,12300555,624f1358d8aa3bf08754e728f7638b9fdfa3871f,2021-10-26T14:54:42.000Z,cobeacon,2,peakmonsters,1,2021-10-27T14:54:42.000Z,DEC,4.500,DEC,4.500,4.500,,,,G4-171-2N8RX6N3SG,171,true,5,4
10200914,b1712f7266912b1507d70b8ce7fb24b68213e431-0,cal1,1,12.000,500,10200914,624f1358d8aa3bf08754e728f7638b9fdfa3871f,2021-10-26T14:54:42.000Z,cobeacon,2,peakmonsters,1,2021-10-27T14:54:42.000Z,DEC,12.000,DEC,12.000,12.000,,,,G3-103-3UU1G66WHS,103,true,200,3
11463487,94093b3840f8a3a69175875405152486177ebee9-2,monstergames,1,8.182,500,11463487,624f1358d8aa3bf08754e728f7638b9fdfa3871f,2021-10-26T14:54:42.000Z,cobeacon,2,peakmonsters,1,2021-10-27T14:54:42.000Z,DEC,8.182,DEC,8.182,8.182,,,,G1-12-DFFBFZP52O,12,true,200,1
12188335,fe4afeee98e9d7a99a1abe8a4a2d72dc82d85d5c-42,dreemsteem,1,2.936,500,12188335,e800f24732740933360217a196590be21c01d80e,2021-10-21T04:08:06.000Z,cobeacon,2,peakmonsters,1,2021-10-22T04:08:06.000Z,DEC,2.936,DEC,2.936,2.936,,,,C-3IQGOK9L1S,18,false,0,0
10644320,8ad0c9dddd6c191df42b68b8554d4e8d4b304b2c-12,fighter4-freedom,1,25.000,500,10644320,f7b4ce79fd941954fd7297937801e4e3ae342e06,2021-10-21T04:06:42.000Z,cobeacon,2,peakmonsters,1,2021-10-22T04:06:42.000Z,DEC,25.000,DEC,25.000,25.000,,,,G3-91-IVW5TFEEN4,91,true,200,3
15619832,2b2a9dd7806a4b88e4c0ded723bd77b43c25ee92-14,wargames,1,44.900,500,15619832,33939d128338b4abb56f7f1b7d65a31b7dc0e2b1,2021-10-21T04:04:48.000Z,cobeacon,2,peakmonsters,1,2021-10-22T04:04:48.000Z,DEC,44.900,DEC,44.900,44.900,,,,G4-178-VDI92TF7LC,178,true,1,4
11379314,e9bc96eb98a4c7693f99cb5411c65701150ca688-2,davemccoy,1,12.739,500,11379314,2e8155c1ff08490d421a8e738f6a97948de9e6d8,2021-10-21T04:04:45.000Z,cobeacon,2,peakmonsters,1,2021-10-22T04:04:45.000Z,DEC,12.739,DEC,12.739,12.739,,,,G3-103-HT4SOXD3VK,103,true,200,3
15500971,992a6aef5e0054e5fe86baa398f127cd9fa13595-0,lucky-cards,1,15.000,500,15500971,2e8155c1ff08490d421a8e738f6a97948de9e6d8,2021-10-21T04:04:45.000Z,cobeacon,2,peakmonsters,1,2021-10-22T04:04:45.000Z,DEC,15.000,DEC,15.000,15.000,,,,G1-14-37TSMTFDRK,14,true,200,1
15582873,143e79e2c6f78d2226daf9805aa3347ee0c45b29-19,fighter4-freedom,1,29.000,500,15582873,2e8155c1ff08490d421a8e738f6a97948de9e6d8,2021-10-21T04:04:45.000Z,cobeacon,2,peakmonsters,1,2021-10-22T04:04:45.000Z,DEC,29.000,DEC,29.000,29.000,,,,G3-131-UMBSQD4E7K,131,true,400,3
11584447,059a67f64fe6045821f5ef7fba51409d2813df54-0,bengiles,1,8.000,500,11584447,bd05187052619836875d454fd5c07783f76bef8b,2021-10-16T16:45:48.000Z,cobeacon,2,peakmonsters,1,2021-10-17T16:45:48.000Z,DEC,8.000,DEC,8.000,8.000,,,,G4-169-FSF0MJCDVK,169,true,1,4
15924751,eb927c44b561be28c9f1dd08eb9ea370189cdbd4-0,potence,1,14.650,500,15924751,bd05187052619836875d454fd5c07783f76bef8b,2021-10-16T16:45:48.000Z,cobeacon,2,peakmonsters,1,2021-10-17T16:45:48.000Z,DEC,14.650,DEC,14.650,14.650,,,,G1-14-QQS66ZUUGG,14,true,200,1
12476493,53273785c2365b3526d37c8545d953c177226513-0,bitcoinportugal,1,11.740,500,12476493,a348889293bbcb7c2598de10889167f27cf12171,2021-10-16T16:44:57.000Z,cobeacon,2,peakmonsters,1,2021-10-17T16:44:57.000Z,DEC,11.740,DEC,11.740,11.740,,,,G3-103-NX5DNGJFOW,103,true,200,3
11207791,8241c8e8b4c7491d105c0254ceaab981b9a9a28b-16,smalp,1,34.950,500,11207791,570974348de09ca86daa717c4fdf1599d52233fb,2021-10-16T16:39:33.000Z,cobeacon,2,peakmonsters,1,2021-10-17T16:39:33.000Z,DEC,34.950,DEC,34.950,34.950,,,,G1-18-F83FDANOG0,18,true,400,1
11671996,a60a05073ec1b0f9b81dddabf30effbeb5a91583-0,oldtimer,1,15.000,500,11671996,570974348de09ca86daa717c4fdf1599d52233fb,2021-10-16T16:39:33.000Z,cobeacon,2,peakmonsters,1,2021-10-17T16:39:33.000Z,DEC,15.000,DEC,15.000,15.000,,,,G4-178-RJR7AF6GIO,178,true,1,4
11205965,f63a8444321b54e1627d356ed4b215e7a124dfe6-59,smalp,1,56.900,500,11205965,ea61d3c33831e981572bb71f1030ad318a35660f,2021-10-15T11:01:21.000Z,cobeacon,2,splinterlands,1,2021-10-16T11:01:21.000Z,DEC,56.900,DEC,56.900,56.900,,,,C3-85-2BWLPXHYDS,85,false,8550,3
10896471,b596057d8a81571ffcb80a62c4f42147dec972a2-0,cryptofrancois,1,13.450,500,10896471,6a14b2a65f65c051c10474354cfd69c3e77578fc,2021-10-12T03:46:00.000Z,cobeacon,2,peakmonsters,1,2021-10-13T03:46:00.000Z,DEC,13.450,DEC,13.450,13.450,,,,G3-103-TZEZDCN2CW,103,true,200,3
15909420,43d825243c8a4252eb9e45b83f2f717bbd0bfc2c-117,moriarty95,1,5.150,500,15909420,6a14b2a65f65c051c10474354cfd69c3e77578fc,2021-10-12T03:46:00.000Z,cobeacon,2,peakmonsters,1,2021-10-13T03:46:00.000Z,DEC,5.150,DEC,5.150,5.150,,,,G4-171-ZTOXK1XEDS,171,true,1,4
15866078,7c9f9025de291db24b404ba55eb6bfe85703094d-0,fighter4-freedom,1,8.000,500,15866078,6a14b2a65f65c051c10474354cfd69c3e77578fc,2021-10-12T03:46:00.000Z,cobeacon,2,peakmonsters,1,2021-10-13T03:46:00.000Z,DEC,8.000,DEC,8.000,8.000,,,,G4-169-1YOOHC5BFK,169,true,1,4
13972279,29b3481bb802e10e63c4f1492e41b04a45ff5e04-0,subjectnorth,1,9.375,500,13972279,116cae605225f7888fe3e5653cb2b10de6cc5c25,2021-10-12T03:45:33.000Z,cobeacon,2,peakmonsters,1,2021-10-13T03:45:33.000Z,DEC,9.375,DEC,9.375,9.375,,,,C4-293-AE237BW6QO,293,false,3,4
13332639,2a727305f7383285a2b78b19271ede4e87684089-113,toocurious,1,11.840,500,13332639,a17ccb008e5f0360a14fd7b1851d2e9571a0876c,2021-10-06T16:08:12.000Z,cobeacon,2,peakmonsters,1,2021-10-07T16:08:12.000Z,DEC,11.840,DEC,11.840,11.840,,,,G3-91-GKR17JQQ68,91,true,200,3
15125719,810f428a2169c46b6ed61f3970d88d01166aef77-0,db-cooper,1,55.000,500,15125719,d9e2436f4a77d6780327f2c3a850233485aad78d,2021-10-06T16:07:36.000Z,cobeacon,2,peakmonsters,1,2021-10-07T16:07:36.000Z,DEC,55.000,DEC,55.000,55.000,,,,G4-293-V3880NJTXC,293,true,1,4
12208865,56cc3fe76c2b29d3ff6c7fae7c01f798b921851f-42,auminda,1,4.548,500,12208865,d9e2436f4a77d6780327f2c3a850233485aad78d,2021-10-06T16:07:36.000Z,cobeacon,2,peakmonsters,1,2021-10-07T16:07:36.000Z,DEC,4.548,DEC,4.548,4.548,,,,G1-12-YED78FGZ68,12,true,200,1
9947105,11d94b915bf794d90b9ca5f741bf1814a37d6ae5-19,masterthematrix,1,2.296,500,9947105,d9e2436f4a77d6780327f2c3a850233485aad78d,2021-10-06T16:07:36.000Z,cobeacon,2,peakmonsters,1,2021-10-07T16:07:36.000Z,DEC,2.296,DEC,2.296,2.296,,,,G4-171-O5YVSFYBE8,171,true,1,4
13041655,f7e6f2fae72da152874791461d3b90e358dd314b-39,kalam,1,7.778,500,13041655,d9e2436f4a77d6780327f2c3a850233485aad78d,2021-10-06T16:07:36.000Z,cobeacon,2,peakmonsters,1,2021-10-07T16:07:36.000Z,DEC,7.778,DEC,7.778,7.778,,,,G3-103-JCEDUWBN4W,103,true,200,3
11115329,c408314d20d3e448e0e9527a5b51e02b0f104ef7-29,skittlez,1,23.650,500,11115329,d9e2436f4a77d6780327f2c3a850233485aad78d,2021-10-06T16:07:36.000Z,cobeacon,2,peakmonsters,1,2021-10-07T16:07:36.000Z,DEC,23.650,DEC,23.650,23.650,,,,G1-18-FUJ1OYC0HC,18,true,400,1