﻿id,sell_trx_id,seller,num_cards,buy_price,fee_percent,market_item_id,rental_tx,rental_date,renter,status,market_account,rental_days,next_rental_payment,payment_currency,payment_amount,escrow_currency,escrow_amount,paid_amount,cancel_tx,cancel_player,cancel_date,card_id,card_detail_id,gold,xp,edition
15864985,7439da2746de1b99796e0bb1f2a56cee458f566a-43,fighter4-freedom,1,15.000,500,15864985,a8ac2c6b35995e3ec1b7454ee0980fb432da607b,2021-10-30T14:36:03.000Z,spyeye,2,splinterlands,1,2021-10-31T14:36:03.000Z,DEC,15.000,DEC,15.000,15.000,,,,G2-120-V875UBHC4G,120,true,200,2
9308013,4550e8ffe291c08823498ee1e63fa86236d1877c-49,smalp,1,20.870,500,9308013,05b3c4a67eef4132bb9aa5de39fa546ed36b8942,2021-10-30T14:35:33.000Z,spyeye,2,splinterlands,1,2021-10-31T14:35:33.000Z,DEC,20.870,DEC,20.870,20.870,,,,C3-90-68I3VE9FDC,90,false,2565,3
17856625,00c57b3c8f426122733198c5b627ed509a6c8e62-49,renterlands,1,43.800,500,17856625,a918158f045b23b1346a21d2b2815a7fdb767c6c,2021-10-30T08:07:06.000Z,spyeye,2,splinterlands,1,2021-10-31T08:07:06.000Z,DEC,43.800,DEC,43.800,43.800,,,,C3-226-K6ZC3C9PXS,226,false,400,3
15588095,0f5658cf799da478bb740def54a06b65fd7bb3ae-3,lucky-cards,1,80.000,500,15588095,c3698777bc64a0443e598bd4006525cc01609009,2021-10-30T08:06:45.000Z,spyeye,2,splinterlands,1,2021-10-31T08:06:45.000Z,DEC,80.000,DEC,80.000,80.000,,,,C4-166-JCYXCVZ6Y8,166,false,6,4
17733227,5d6b612cad4db91b7ab99c5128cc785666a93cdf-51,enminers-vault,1,2.900,500,17733227,6b47461b71e6af426f34c12509ab8766f95d3f62,2021-10-29T16:15:45.000Z,spyeye,2,peakmonsters,1,2021-10-30T16:15:45.000Z,DEC,2.900,DEC,2.900,2.900,,,,C3-131-Z2Q4SIRHG0,131,false,0,3
16681731,4e6ae78949747fdeb40facc94abffd54bcb5c7e8-1,eveymor,1,5.000,500,16681731,dbf0f89336ad6a0d5f1114999be6ea2fd3ed956b,2021-10-29T16:15:18.000Z,spyeye,2,peakmonsters,1,2021-10-30T16:15:18.000Z,DEC,5.000,DEC,5.000,5.000,,,,C-L24GC7J4J4,18,false,300,0
16304855,4b3acfcdb8a3b90782a65dd5ec46f07b0efc201e-7,imno,1,8.890,500,16304855,c56ca1dc708af29cb2bea8a99d51a50daf9ac1a7,2021-10-29T16:15:06.000Z,spyeye,2,peakmonsters,1,2021-10-30T16:15:06.000Z,DEC,8.890,DEC,8.890,8.890,,,,C4-293-RLJUJ30DOG,293,false,1,4
18021394,28099ecd8642bb634697875be1ae2fef1d0a6c49-1,marcuswahl,1,14.400,500,18021394,d471eeb25436c2ec1fcee5807042ab274283a4d1,2021-10-29T16:14:57.000Z,spyeye,2,peakmonsters,1,2021-10-30T16:14:57.000Z,DEC,14.400,DEC,14.400,14.400,,,,G1-14-55JQSGXNQ8,14,true,200,1
10301708,3b421046f97e97bc285214788539e328c2d4cebc-0,rea,1,10.000,500,10301708,d471eeb25436c2ec1fcee5807042ab274283a4d1,2021-10-29T16:14:57.000Z,spyeye,2,peakmonsters,1,2021-10-30T16:14:57.000Z,DEC,10.000,DEC,10.000,10.000,,,,G3-103-LMAFCXUA4W,103,true,200,3
18021717,c43e3c8a9051a06f4a5f5fc989bc71e39d483345-46,beesknees,1,7.700,500,18021717,f036b512c84ed3e31aad675c519e7ab2970d795a,2021-10-29T16:14:48.000Z,spyeye,2,peakmonsters,1,2021-10-30T16:14:48.000Z,DEC,7.700,DEC,7.700,7.700,,,,G4-169-283J2T8U9C,169,true,1,4
15233039,dd7270d5048ac549bf5c9c5a4eebe62d254f3c2a-123,zakludick,1,7.300,500,15233039,9e03888b68e2beafe1db87c872081693ad0ba4ca,2021-10-25T07:52:54.000Z,spyeye,2,peakmonsters,1,2021-10-26T07:52:54.000Z,DEC,7.400,DEC,7.400,7.400,,,,C-IPF1D332KG,18,false,100,0
16248319,1d4a22aae17fb9a3b3d738cec7ee37f162c6e94b-0,doloknight,1,8.800,500,16248319,a0c48e510beba61b6b3aeb9048fba2c1120aeaeb,2021-10-25T07:52:39.000Z,spyeye,2,peakmonsters,1,2021-10-26T07:52:39.000Z,DEC,8.800,DEC,8.800,8.800,,,,C4-293-0WCNF2A6G0,293,false,1,4
17191476,4205f8e6e3bfd672450dd2e61a8a79c374d14bc5-24,vugtis,1,49.450,500,17191476,707e8a33ff66eb0e8072cdb5f929ab5dfee60eb2,2021-10-25T07:52:24.000Z,spyeye,2,peakmonsters,1,2021-10-26T07:52:24.000Z,DEC,49.450,DEC,49.450,49.450,,,,G4-178-CC8XC1TNO0,178,true,1,4
9494956,b17d12793e498c7a29ea97c09c4465c2011ceb54-1,smalp,1,33.124,500,9494956,707e8a33ff66eb0e8072cdb5f929ab5dfee60eb2,2021-10-25T07:52:24.000Z,spyeye,2,peakmonsters,1,2021-10-26T07:52:24.000Z,DEC,33.124,DEC,33.124,33.124,,,,G3-131-0J2NO6RFYO,131,true,400,3
10975599,878dd73da30a6b709c19f85de2e660347e4b311d-14,fighter4-freedom,1,19.000,500,10975599,707e8a33ff66eb0e8072cdb5f929ab5dfee60eb2,2021-10-25T07:52:24.000Z,spyeye,2,peakmonsters,1,2021-10-26T07:52:24.000Z,DEC,19.000,DEC,19.000,19.000,,,,G3-91-WOOWD5D4YO,91,true,200,3
11379314,e9bc96eb98a4c7693f99cb5411c65701150ca688-2,davemccoy,1,12.739,500,11379314,707e8a33ff66eb0e8072cdb5f929ab5dfee60eb2,2021-10-25T07:52:24.000Z,spyeye,2,peakmonsters,1,2021-10-26T07:52:24.000Z,DEC,12.739,DEC,12.739,12.739,,,,G3-103-HT4SOXD3VK,103,true,200,3
10566355,4e4107201cc20e3802a6cdf8de600ddcff62642e-1,fighter4-freedom,1,15.000,500,10566355,707e8a33ff66eb0e8072cdb5f929ab5dfee60eb2,2021-10-25T07:52:24.000Z,spyeye,2,peakmonsters,1,2021-10-26T07:52:24.000Z,DEC,15.000,DEC,15.000,15.000,,,,G1-14-D130N05ZOW,14,true,200,1
10426911,6a55c4153f173bc398dd96f85fa1589f547d399f-0,cyguy,1,5.950,500,10426911,707e8a33ff66eb0e8072cdb5f929ab5dfee60eb2,2021-10-25T07:52:24.000Z,spyeye,2,peakmonsters,1,2021-10-26T07:52:24.000Z,DEC,5.950,DEC,5.950,5.950,,,,G1-12-8MSH9XPKVK,12,true,200,1
10227371,5265f3fc7f48b850b7d6489312ef127fc10b717c-0,mawit07,1,7.000,500,10227371,85c6fb42860e5ba08df1cafce522d6d7d1b9fbca,2021-10-20T01:27:06.000Z,spyeye,2,peakmonsters,1,2021-10-21T01:27:06.000Z,DEC,7.000,DEC,7.000,7.000,,,,C-6WEEW6PM80,18,false,300,0
15670082,47da0bc1eb9dee4d8b42bcf46b0c47a4e2247fc5-15,grosh,1,9.794,500,15670082,17c99c2aed31907684832f90bab3856e036cd383,2021-10-20T01:26:36.000Z,spyeye,2,peakmonsters,1,2021-10-21T01:26:36.000Z,DEC,9.794,DEC,9.794,9.794,,,,G3-103-2KM7G4XGDS,103,true,200,3
11174376,b7ffa9763f823f14f3bc4f5350d990e681960d5a-3,alphachicken,1,4.750,500,11174376,50118d4b403070815de43d760067cc78aa5c5f80,2021-10-13T12:36:03.000Z,spyeye,2,peakmonsters,1,2021-10-14T12:36:03.000Z,DEC,5.949,DEC,5.949,5.949,,,,C3-131-6F5OTBLTR4,131,false,0,3
10616593,e0f050624314214a7d25c0793561959632ee6f74-14,jeffjagoe,1,14.950,500,10616593,caab123815f5210293596d46e5633880d87f19ff,2021-10-13T12:35:33.000Z,spyeye,2,peakmonsters,1,2021-10-14T12:35:33.000Z,DEC,14.950,DEC,14.950,14.950,,,,C-KMVQSLLVDS,18,false,300,0
10286972,900a7659fb8a6bb6d3420a5492dd3c81dadcc2d6-0,gungunkrishu,1,25.000,500,10286972,e85e965bbfc90beb0195b1fb4659d0c6c3ac9728,2021-10-13T12:35:03.000Z,spyeye,2,peakmonsters,1,2021-10-14T12:35:03.000Z,DEC,25.000,DEC,25.000,25.000,,,,G1-14-JNIUN6AHV4,14,true,200,1
11913790,fca18ee533b812c0a11d828d6145173d6447ca42-0,cryptkeeper17,1,13.695,500,11913790,e85e965bbfc90beb0195b1fb4659d0c6c3ac9728,2021-10-13T12:35:03.000Z,spyeye,2,peakmonsters,1,2021-10-14T12:35:03.000Z,DEC,13.695,DEC,13.695,13.695,,,,G3-103-YDEBEYXC5S,103,true,200,3
16013539,9ebd5ac816796a6f9f5e5d9427a3d2a39bca7539-107,invest0x23,1,5.100,500,16013539,e85e965bbfc90beb0195b1fb4659d0c6c3ac9728,2021-10-13T12:35:03.000Z,spyeye,2,peakmonsters,1,2021-10-14T12:35:03.000Z,DEC,5.100,DEC,5.100,5.100,,,,G4-171-NAH6OB3P1S,171,true,1,4
14400709,532544df3fa57d8fb856224720e7c4dd3a4e920e-41,imno,1,8.790,500,14400709,fd9bd32effc2ef5ee3bf917c6ffcc04dcd72f2ac,2021-10-08T08:04:54.000Z,spyeye,2,peakmonsters,1,2021-10-09T08:04:54.000Z,DEC,9.840,DEC,9.840,9.840,,,,C4-293-SIRJFYVCHS,293,false,1,4
11207793,8241c8e8b4c7491d105c0254ceaab981b9a9a28b-18,smalp,1,34.950,500,11207793,c73a7b8a6d6b2d9461f43f4d7d5b43a2dd03baae,2021-10-08T08:04:42.000Z,spyeye,2,peakmonsters,1,2021-10-09T08:04:42.000Z,DEC,34.950,DEC,34.950,34.950,,,,G1-18-ZV6CSNZ7M8,18,true,400,1
15500987,992a6aef5e0054e5fe86baa398f127cd9fa13595-16,lucky-cards,1,14.100,500,15500987,c73a7b8a6d6b2d9461f43f4d7d5b43a2dd03baae,2021-10-08T08:04:42.000Z,spyeye,2,peakmonsters,1,2021-10-09T08:04:42.000Z,DEC,14.100,DEC,14.100,14.100,,,,G1-14-RJWDLV4ZRK,14,true,200,1
14066934,a67951a2e482b4546ae23ac5f9761b94ac5d5826-89,jeffandhisguitar,1,8.950,500,14066934,c73a7b8a6d6b2d9461f43f4d7d5b43a2dd03baae,2021-10-08T08:04:42.000Z,spyeye,2,peakmonsters,1,2021-10-09T08:04:42.000Z,DEC,8.950,DEC,8.950,8.950,,,,G3-103-DXYRKY7YZK,103,true,200,3