﻿id,sell_trx_id,seller,num_cards,buy_price,fee_percent,market_item_id,rental_tx,rental_date,renter,status,market_account,rental_days,next_rental_payment,payment_currency,payment_amount,escrow_currency,escrow_amount,paid_amount,cancel_tx,cancel_player,cancel_date,card_id,card_detail_id,gold,xp,edition
18286304,a5f68715b83f7e85002b7559c48516115a0d8783-108,americaman,1,4.100,500,18286304,648e5eb8f13aff936fad4145add094c781a09f0a,2021-11-01T03:58:24.000Z,mydoom,2,splinterlands,1,2021-11-02T03:58:24.000Z,DEC,4.100,DEC,4.100,4.100,,,,C3-131-HHB3OGQSVK,131,false,0,3
12174517,9c66b6c1be5c883e088d6998ae9cb8a2b8965d7c-1,cryptkeeper17,1,12.769,500,12174517,67416a490c52ba3276da6a2c477cc1bac77c3d14,2021-11-01T03:52:30.000Z,mydoom,2,peakmonsters,1,2021-11-02T03:52:30.000Z,DEC,12.769,DEC,12.769,12.769,,,,G3-103-ZTZSNYF15S,103,true,200,3
18290853,1dae164de7de7b01eb6a77d5ee2ca8b043498b0b-12,mylibrary,1,78.381,500,18290853,7ffa0a9a34d03bc8cf10392e3e101c7b6020e257,2021-11-01T03:49:57.000Z,mydoom,2,peakmonsters,1,2021-11-02T03:49:57.000Z,DEC,78.381,DEC,78.381,78.381,,,,G4-178-S8NA1YW0Z4,178,true,1,4
14213146,c75d9cb983e93b1c70cd2f528cfe4df19ef4a4d2-103,mawit07,1,13.343,500,14213146,3697b337b4e5cb04dc4bffb3654ba5f44bdbbdeb,2021-11-01T03:49:51.000Z,mydoom,2,peakmonsters,1,2021-11-02T03:49:51.000Z,DEC,13.343,DEC,13.343,13.343,,,,G3-91-ID0XX40234,91,true,200,3
10169232,e50edd826089ae7284e482216956a84d1160c4a7-0,manahunter,1,12.193,500,10169232,3697b337b4e5cb04dc4bffb3654ba5f44bdbbdeb,2021-11-01T03:49:51.000Z,mydoom,2,peakmonsters,1,2021-11-02T03:49:51.000Z,DEC,12.193,DEC,12.193,12.193,,,,G1-18-F2GNJ95KY8,18,true,400,1
10332225,f2b73d821099eea1817899b07e75f221c1489845-5,fighter4-freedom,1,17.000,500,10332225,3697b337b4e5cb04dc4bffb3654ba5f44bdbbdeb,2021-11-01T03:49:51.000Z,mydoom,2,peakmonsters,1,2021-11-02T03:49:51.000Z,DEC,17.000,DEC,17.000,17.000,,,,G1-14-PXVRBT9O4W,14,true,200,1
10529856,70965bbf298c14636ae591945e0be0e9a2209adc-2,cyguy,1,4.699,500,10529856,3697b337b4e5cb04dc4bffb3654ba5f44bdbbdeb,2021-11-01T03:49:51.000Z,mydoom,2,peakmonsters,1,2021-11-02T03:49:51.000Z,DEC,4.699,DEC,4.699,4.699,,,,G1-12-E86554X05S,12,true,200,1
9250328,f933ce00fc6e6b58e1bdfc71687b1acb8174732e-33,nai.collection,1,0.839,500,9250328,3697b337b4e5cb04dc4bffb3654ba5f44bdbbdeb,2021-11-01T03:49:51.000Z,mydoom,2,peakmonsters,1,2021-11-02T03:49:51.000Z,DEC,0.839,DEC,0.839,0.839,,,,G4-169-169CVZULF4,169,true,1,4
9307937,10c9d8c3744e1b8a3e9bfe2cc723fcb11bf15b6a-32,smalp,1,99.900,500,9307937,ddee7400e47f56af387be4756682eac335dc4b0b,2021-10-30T04:45:42.000Z,mydoom,2,splinterlands,1,2021-10-31T04:45:42.000Z,DEC,99.900,DEC,99.900,99.900,,,,C3-82-10AEWSSTAO,82,false,7500,3
11494979,c41d937317af2f6065da87b47fcf64bd816d7a2e-17,digital-fortress,1,5.095,500,11494979,b82a451c2af0ec3f13a9e3899a0c29e36a36172f,2021-10-27T14:19:36.000Z,mydoom,2,peakmonsters,1,2021-10-28T14:19:36.000Z,DEC,5.095,DEC,5.095,5.095,,,,C3-131-HE6WCK2SCG,131,false,0,3
17336830,5c40862e7cd5c1dfc6310659579e57fb166a1f4f-33,renterlands,1,7.300,500,17336830,6c03e699d662d9c25207ee0ba8dd181d7a2d5699,2021-10-27T14:19:09.000Z,mydoom,2,peakmonsters,1,2021-10-28T14:19:09.000Z,DEC,7.300,DEC,7.300,7.300,,,,C-ZPRCZPLSXS,18,false,100,0
12524765,f7a19528576a7a107adf5e4882d56e4385c05e23-0,bitcoinportugal,1,11.800,500,12524765,f15692be6ddd322bb32db71c5385ba0793b82ff1,2021-10-27T14:18:51.000Z,mydoom,2,peakmonsters,1,2021-10-28T14:18:51.000Z,DEC,11.800,DEC,11.800,11.800,,,,G3-103-G0H3TODDTC,103,true,200,3
11376521,e0bafe80d89681ca15c63ea4b33d7c2c2d3e200f-0,world4play2earn,1,10.000,500,11376521,f15692be6ddd322bb32db71c5385ba0793b82ff1,2021-10-27T14:18:51.000Z,mydoom,2,peakmonsters,1,2021-10-28T14:18:51.000Z,DEC,10.000,DEC,10.000,10.000,,,,G3-91-J4R29K1PSW,91,true,200,3
17829740,b790b74202496764c646c7497a2a0da8f7e28135-0,dreimaldad,1,49.000,500,17829740,f15692be6ddd322bb32db71c5385ba0793b82ff1,2021-10-27T14:18:51.000Z,mydoom,2,peakmonsters,1,2021-10-28T14:18:51.000Z,DEC,49.000,DEC,49.000,49.000,,,,G4-178-57Q06X0RNK,178,true,1,4
15092518,425669980d67e6f43119410d17c6dfc41e3f1226-0,cal1,1,13.000,500,15092518,f15692be6ddd322bb32db71c5385ba0793b82ff1,2021-10-27T14:18:51.000Z,mydoom,2,peakmonsters,1,2021-10-28T14:18:51.000Z,DEC,13.000,DEC,13.000,13.000,,,,G1-14-D8FBU4U4WW,14,true,200,1
10601896,4f8a991c97c1173ad270decf29343aa7b71fe2ba-17,sunnsurf,1,7.150,500,10601896,f15692be6ddd322bb32db71c5385ba0793b82ff1,2021-10-27T14:18:51.000Z,mydoom,2,peakmonsters,1,2021-10-28T14:18:51.000Z,DEC,7.150,DEC,7.150,7.150,,,,G4-171-KVY2PTW0B4,171,true,1,4
15069119,0e73becc941608d9f7f3d8b4466a2df7f313a7fd-0,calvinishobbes,1,6.000,500,15069119,f15692be6ddd322bb32db71c5385ba0793b82ff1,2021-10-27T14:18:51.000Z,mydoom,2,peakmonsters,1,2021-10-28T14:18:51.000Z,DEC,6.000,DEC,6.000,6.000,,,,G4-169-MCG44VBRV4,169,true,1,4
14432646,bce499ea43f3d844bffb5fe6660bdea631e75329-0,happyme,1,19.500,500,14432646,74f0ddc42fbc85eb7e073379beffd9f2ef7e9295,2021-10-22T14:31:57.000Z,mydoom,2,peakmonsters,1,2021-10-23T14:31:57.000Z,DEC,19.500,DEC,19.500,19.500,,,,G3-91-UQZ4EOVSOG,91,true,200,3
12544234,c071ca553f95a8b4fc56b4c7871c9a9f7c439ebb-0,ajjec,1,20.000,500,12544234,cce56ffb151ceb323d07be40ec1589ddff4c0cba,2021-10-22T14:27:51.000Z,mydoom,2,peakmonsters,1,2021-10-23T14:27:51.000Z,DEC,20.000,DEC,20.000,20.000,,,,C1-43-27CQ8EODKW,43,false,875,1
17271804,7b0bb23e16634ee7bbd0d6689a7299911da7a70e-48,davel33,1,11.950,500,17271804,06cc10eb29fa1278e7fb4834f2122644ac01fd2d,2021-10-22T14:25:09.000Z,mydoom,2,peakmonsters,1,2021-10-23T14:25:09.000Z,DEC,18.150,DEC,18.150,18.150,,,,C3-344-1YJ8IMD0OG,344,false,25,3
10941857,be2f1c7d0736b60aa65906c8ce3a98bcf5d7ef6e-1,hive-vault,1,59.950,500,10941857,465041008fad853ebf27e0bdedab651e898c656f,2021-10-22T14:17:18.000Z,mydoom,2,peakmonsters,1,2021-10-23T14:17:18.000Z,DEC,59.950,DEC,59.950,59.950,,,,C5-258-GNGKQ134I8,258,false,25,5
11191151,a935f6e59c053df7ad2e60251e20a6e046927d0a-2,giker,1,28.988,500,11191151,56e1e2c0958d37772b42a42a4430052b3c925eb6,2021-10-22T14:16:57.000Z,mydoom,2,peakmonsters,1,2021-10-23T14:16:57.000Z,DEC,28.988,DEC,28.988,28.988,,,,C4-156-DYESVUYKPC,156,false,25,4
14899797,9d9c8a446d2f7bfda1a5ab51914ae6dfef22bd16-125,jarvie,1,97.900,500,14899797,b5453f003ce3f1677cafb0acacc7db381fd2b214,2021-10-22T14:15:39.000Z,mydoom,2,peakmonsters,1,2021-10-23T14:15:39.000Z,DEC,97.900,DEC,97.900,97.900,,,,C-FEJ9MPLXTC,56,false,1000,0
11914778,21521046f7bf3983d7341e88a3f63d7b581b8024-0,reimerlin,1,20.000,500,11914778,628d903613a38bc57a3af794f4118345f6dee151,2021-10-16T17:56:42.000Z,mydoom,2,peakmonsters,1,2021-10-17T17:56:42.000Z,DEC,20.000,DEC,20.000,20.000,,,,C-O1BYMA0N0G,18,false,300,0
13311753,ac13706627befacbb6970a0f0958a75729462d7d-34,steemitromney,1,0.659,500,13311753,f78361f940135315fa220a38b70ac173eca90fac,2021-10-16T17:56:15.000Z,mydoom,2,peakmonsters,1,2021-10-17T17:56:15.000Z,DEC,0.659,DEC,0.659,0.659,,,,C3-91-1IN9AHY7BK,91,false,0,3
14329998,a0412814849aff74bc086e65fe1b8ed3ce9abcce-125,vugtis,1,49.800,500,14329998,6c43662179c0393649eb1a1a922256198b5ddc46,2021-10-16T17:54:21.000Z,mydoom,2,splinterlands,1,2021-10-17T17:54:21.000Z,DEC,49.800,DEC,49.800,49.800,,,,G4-178-7HKXP4RZ8G,178,true,1,4
15717578,482077d28619cd91d6b5da782ccb6929aae729d2-16,faceb,1,9.740,500,15717578,cddb649efbe4a4222bd1d666376d1bc0d1e9f0ac,2021-10-16T17:54:03.000Z,mydoom,2,splinterlands,1,2021-10-17T17:54:03.000Z,DEC,9.740,DEC,9.740,9.740,,,,G3-103-PJHSI7X2K0,103,true,200,3
15777833,4a382cab2c53211b03203e70f13308570714c859-0,codebull,1,6.000,500,15777833,08941277f24090d439743b5f91201f76440cbbba,2021-10-16T17:53:27.000Z,mydoom,2,splinterlands,1,2021-10-17T17:53:27.000Z,DEC,6.000,DEC,6.000,6.000,,,,G4-171-9KOJ3DQVV4,171,true,1,4
11468216,7daa5e05cce6fd5ae756ae6eca0296534895fcf6-5,monstergames,1,8.166,500,11468216,b94ef26e631776aefd0627254fd1a77962d27273,2021-10-16T17:53:18.000Z,mydoom,2,splinterlands,1,2021-10-17T17:53:18.000Z,DEC,8.166,DEC,8.166,8.166,,,,G1-12-UTDO98IJ0G,12,true,200,1
15126698,44b472384b6512ab33f9dcb2adb6864c6e41ccdc-9,thomaswrocks,1,5.950,500,15126698,735d8bacba98b5f7733408ad6cb32005a34ffec0,2021-10-16T17:50:21.000Z,mydoom,2,peakmonsters,1,2021-10-17T17:50:21.000Z,DEC,5.950,DEC,5.950,5.950,,,,C4-293-X1VEB2U0M8,293,false,1,4
9766117,6fc676a9c0caddc7209d0024e2123116f357e7d1-6,aatrox,1,40.000,500,9766117,8c04444d7d4ca9d77751094aafd14ba51a601f4d,2021-10-15T12:57:03.000Z,mydoom,2,splinterlands,1,2021-10-16T12:57:03.000Z,DEC,40.000,DEC,40.000,40.000,,,,C-ME355EKYXS,58,false,7000,0
11206118,3610968fd35bbb264a0605be2ab6d4c54d4b35ae-19,smalp,1,39.950,500,11206118,0fe350e3bfb74f51f97e1df98b70fb5a15616329,2021-10-15T12:55:45.000Z,mydoom,2,splinterlands,1,2021-10-16T12:55:45.000Z,DEC,39.950,DEC,39.950,39.950,,,,G1-39-5ERKXLLRK0,39,true,800,1
9575521,e4ea0bb77f756f7ee288a7411b737e4c2052c886-83,smalp,1,102.812,500,9575521,999d0ab2efc55dd4eca22ab4d966f7df4e09626e,2021-10-15T12:55:15.000Z,mydoom,2,splinterlands,1,2021-10-16T12:55:15.000Z,DEC,102.812,DEC,102.812,102.812,,,,C-L8Y58AMHYO,17,false,8500,0
9472434,f5d1c5de4cfcb742860357ea443cb754de332330-59,smalp,1,11.804,500,9472434,8cc01d838580ded3567bdad4f98ba1a37e81aedb,2021-10-15T10:41:54.000Z,mydoom,2,splinterlands,1,2021-10-16T10:41:54.000Z,DEC,11.804,DEC,11.804,11.804,,,,C1-64-9E5HQKI2N4,64,false,2550,1
15197919,3d8ca315efe917bf367b5a49518186b2e5259fd0-0,db-cooper,1,9.000,500,15197919,997763c667b704ef1e15696ba6207c73399f4c04,2021-10-11T15:12:27.000Z,mydoom,2,peakmonsters,1,2021-10-12T15:12:27.000Z,DEC,9.000,DEC,9.000,9.000,,,,C4-293-YQGG3OZAGW,293,false,1,4
11685983,479b1fccb2a1848002b91726b31ffc6405e3b0c9-1,teammonsters,1,29.900,500,11685983,9594860431dc625baa885431f2ae03e38d1cec2d,2021-10-11T15:12:03.000Z,mydoom,2,peakmonsters,1,2021-10-12T15:12:03.000Z,DEC,29.900,DEC,29.900,29.900,,,,G3-131-AM5M0FXXLS,131,true,400,3
15717305,cea05185733dfa982cff5a04b3f0f38507eae431-108,faceb,1,14.950,500,15717305,c01ee25240a3a21d76b963c5551ec3c44f33b1e6,2021-10-11T15:11:54.000Z,mydoom,2,peakmonsters,1,2021-10-12T15:11:54.000Z,DEC,14.950,DEC,14.950,14.950,,,,G3-91-X5CW8YHQKW,91,true,200,3
11584476,aa89e75749f7a0578234542e2273fbff61f70d27-0,bengiles,1,8.000,500,11584476,b4103365c04430de1a4287bc3b42edf186b0633e,2021-10-11T15:11:45.000Z,mydoom,2,peakmonsters,1,2021-10-12T15:11:45.000Z,DEC,8.000,DEC,8.000,8.000,,,,G4-169-K4RXPF9WZ4,169,true,1,4
14329998,a0412814849aff74bc086e65fe1b8ed3ce9abcce-125,vugtis,1,49.800,500,14329998,b5893b7c6b0cad90b9a9d62f2dd9b3b1f652ad78,2021-10-11T15:11:12.000Z,mydoom,2,peakmonsters,1,2021-10-12T15:11:12.000Z,DEC,49.800,DEC,49.800,49.800,,,,G4-178-7HKXP4RZ8G,178,true,1,4
10052491,136f6928f5f912018de8b9fb092f905bdb50c0a4-0,criticalthinkin,1,35.000,500,10052491,b5893b7c6b0cad90b9a9d62f2dd9b3b1f652ad78,2021-10-11T15:11:12.000Z,mydoom,2,peakmonsters,1,2021-10-12T15:11:12.000Z,DEC,35.000,DEC,35.000,35.000,,,,G1-18-LF0NF93DDC,18,true,800,1
15717564,482077d28619cd91d6b5da782ccb6929aae729d2-2,faceb,1,9.740,500,15717564,b5893b7c6b0cad90b9a9d62f2dd9b3b1f652ad78,2021-10-11T15:11:12.000Z,mydoom,2,peakmonsters,1,2021-10-12T15:11:12.000Z,DEC,9.740,DEC,9.740,9.740,,,,G3-103-ACUI37ZC4G,103,true,200,3
15500981,992a6aef5e0054e5fe86baa398f127cd9fa13595-10,lucky-cards,1,14.900,500,15500981,b5893b7c6b0cad90b9a9d62f2dd9b3b1f652ad78,2021-10-11T15:11:12.000Z,mydoom,2,peakmonsters,1,2021-10-12T15:11:12.000Z,DEC,14.900,DEC,14.900,14.900,,,,G1-14-CC2LG01ZOW,14,true,200,1
15417724,0d83d3aabcb95e7ae9c714e03e26425571d8a0ee-52,legendarycanary,1,2.950,500,15417724,b5893b7c6b0cad90b9a9d62f2dd9b3b1f652ad78,2021-10-11T15:11:12.000Z,mydoom,2,peakmonsters,1,2021-10-12T15:11:12.000Z,DEC,2.950,DEC,2.950,2.950,,,,G4-171-UNYB0USD0W,171,true,1,4
10109868,620938c971e4f713de893f4ee4c36362c9fa482a-1,monsterveritas,1,30.948,500,10109868,1d557e04c8ed1561e4390a0d19f3c9a223475082,2021-10-05T15:42:45.000Z,mydoom,2,peakmonsters,1,2021-10-06T15:42:45.000Z,DEC,30.948,DEC,30.948,30.948,,,,G3-131-3NTAS9E89S,131,true,400,3
11207790,8241c8e8b4c7491d105c0254ceaab981b9a9a28b-15,smalp,1,34.950,500,11207790,1d557e04c8ed1561e4390a0d19f3c9a223475082,2021-10-05T15:42:45.000Z,mydoom,2,peakmonsters,1,2021-10-06T15:42:45.000Z,DEC,34.950,DEC,34.950,34.950,,,,G1-18-A74BCYUIW0,18,true,400,1
10154081,77272c96270b770ce5199541e2188c1f8340fa96-14,monsterveritas,1,30.999,500,10154081,7fc8a9282ed25d719e1c9bda6ebbe4436148062d,2021-10-05T15:42:27.000Z,mydoom,2,peakmonsters,1,2021-10-06T15:42:27.000Z,DEC,30.999,DEC,30.999,30.999,,,,G3-131-ZVX06TX5M8,131,true,400,3
11934105,46cbaa19921c1c595603f06c0775f189f26da497-0,philippekiene,1,10.000,500,11934105,cf436c2dac07985dddf64da2c78e073a933e5421,2021-10-05T15:42:18.000Z,mydoom,2,peakmonsters,1,2021-10-06T15:42:18.000Z,DEC,10.000,DEC,10.000,10.000,,,,G3-103-VS03MLHK3K,103,true,200,3
12066475,eecc75187f845383d40d27859a6278c1d4d15673-3,toocurious,1,16.950,500,12066475,cf436c2dac07985dddf64da2c78e073a933e5421,2021-10-05T15:42:18.000Z,mydoom,2,peakmonsters,1,2021-10-06T15:42:18.000Z,DEC,16.950,DEC,16.950,16.950,,,,G1-14-Y6LVLLWL68,14,true,200,1
11396651,fd2bddd5af605d3dcc645722e868d652d8511684-0,sm-deck,1,4.597,500,11396651,3da8001ba4136e0fb991b9b77ac9cd53f047b1bb,2021-10-05T15:41:48.000Z,mydoom,2,peakmonsters,1,2021-10-06T15:41:48.000Z,DEC,4.597,DEC,4.597,4.597,,,,G1-12-USU5CNWQY8,12,true,200,1