﻿id,sell_trx_id,seller,num_cards,buy_price,fee_percent,market_item_id,rental_tx,rental_date,renter,status,market_account,rental_days,next_rental_payment,payment_currency,payment_amount,escrow_currency,escrow_amount,paid_amount,cancel_tx,cancel_player,cancel_date,card_id,card_detail_id,gold,xp,edition
17224613,40acc8241c9f279639c6d570a5fae78bfc6c3198-42,renterlands,1,17.150,500,17224613,a1f8f92f190bbac48928e2d0c0b7991019d1cdaf,2021-10-30T09:27:42.000Z,bamital,2,splinterlands,1,2021-10-31T09:27:42.000Z,DEC,17.150,DEC,17.150,17.150,,,,G4-156-ZBMPC3W8R4,156,true,1,4
17181024,95b2c4bcb35a3006109a2ff210d08d2c5e29bea4-6,molins,1,91.750,500,17181024,0598b56b780c8a7ae971adbabc6bb181dbd48b83,2021-10-30T06:01:03.000Z,bamital,2,splinterlands,1,2021-10-31T06:01:03.000Z,DEC,91.750,DEC,91.750,91.750,,,,C-KP4765H18G,49,false,8550,1
11988593,d0aeb247aac54e1e57f356bb6d5d708f7d551685-1,axrho,1,7.900,500,11988593,a2ba7f47ee1a7b3131ac3c867af0aa8d73d42c1d,2021-10-29T08:26:36.000Z,bamital,2,peakmonsters,1,2021-10-30T08:26:36.000Z,DEC,7.900,DEC,7.900,7.900,,,,C4-293-FUEBARLKTS,293,false,1,4
10905224,f6997283b964df2a8c7f191fe838f41f49af6e09-0,grosh,1,7.450,500,10905224,3adf9dea27e70fb68e442967cb7e83bc1bf3afe8,2021-10-29T08:26:24.000Z,bamital,2,peakmonsters,1,2021-10-30T08:26:24.000Z,DEC,7.450,DEC,7.450,7.450,,,,C-0D8HISK0J4,18,false,100,0
12136132,8d05e470cb7a0bfbc5a400268b936b5183f14cfa-99,clove71,1,16.578,500,12136132,e18030be48c65d4dfad2320c1fb4f23241f25f7f,2021-10-29T08:26:12.000Z,bamital,2,peakmonsters,1,2021-10-30T08:26:12.000Z,DEC,16.578,DEC,16.578,16.578,,,,G3-91-HDGEYWDPF4,91,true,200,3
15744229,5eb206276e9f842ccda7d0a44cca31fbd4eea4b3-0,warwiccan,1,40.000,500,15744229,e18030be48c65d4dfad2320c1fb4f23241f25f7f,2021-10-29T08:26:12.000Z,bamital,2,peakmonsters,1,2021-10-30T08:26:12.000Z,DEC,40.000,DEC,40.000,40.000,,,,G4-178-LDZSR3BFLS,178,true,1,4
16046592,26a36c86d92e0e9e48deba6ad075f899aa26a510-0,blindinglight,1,12.999,500,16046592,e18030be48c65d4dfad2320c1fb4f23241f25f7f,2021-10-29T08:26:12.000Z,bamital,2,peakmonsters,1,2021-10-30T08:26:12.000Z,DEC,12.999,DEC,12.999,12.999,,,,G3-103-4EU05ND6RK,103,true,200,3
9494961,b17d12793e498c7a29ea97c09c4465c2011ceb54-6,smalp,1,33.124,500,9494961,e18030be48c65d4dfad2320c1fb4f23241f25f7f,2021-10-29T08:26:12.000Z,bamital,2,peakmonsters,1,2021-10-30T08:26:12.000Z,DEC,33.124,DEC,33.124,33.124,,,,G3-131-4NPDLUH4S0,131,true,400,3
13215614,deaadb74c93f2152784e6705d770873a816d1357-0,monstergames,1,15.704,500,13215614,e18030be48c65d4dfad2320c1fb4f23241f25f7f,2021-10-29T08:26:12.000Z,bamital,2,peakmonsters,1,2021-10-30T08:26:12.000Z,DEC,15.704,DEC,15.704,15.704,,,,G1-14-8POV2NME8W,14,true,200,1
17432488,2fdbba61c98f413835c3cb471a1c18777db47bc9-78,americaman,1,4.880,500,17432488,29660c587432a2117ac09df3c3f3f4c6fe4d9820,2021-10-24T02:19:12.000Z,bamital,2,peakmonsters,1,2021-10-25T02:19:12.000Z,DEC,4.880,DEC,4.880,4.880,,,,C3-131-64PXKRELEO,131,false,0,3
17327968,1da04492103e567fdfc3946bf5ec81f79e440452-21,unicorndroppingz,1,49.450,500,17327968,9dbdb38428c68c602c37752886fe50c9bc38d8e0,2021-10-24T02:16:36.000Z,bamital,2,peakmonsters,1,2021-10-25T02:16:36.000Z,DEC,49.450,DEC,49.450,49.450,,,,G4-178-YO7VRFHR34,178,true,1,4
10600962,350d95884e96566481d7e4f260f753633b490b23-70,namelessnameless,1,9.844,500,10600962,9dbdb38428c68c602c37752886fe50c9bc38d8e0,2021-10-24T02:16:36.000Z,bamital,2,peakmonsters,1,2021-10-25T02:16:36.000Z,DEC,9.844,DEC,9.844,9.844,,,,G3-103-1MAZI0ZSY8,103,true,200,3
17321773,78d8c9fce3adcd31c951d5fd87c528486e109d0a-12,didyourmom,1,7.844,500,17321773,9dbdb38428c68c602c37752886fe50c9bc38d8e0,2021-10-24T02:16:36.000Z,bamital,2,peakmonsters,1,2021-10-25T02:16:36.000Z,DEC,7.844,DEC,7.844,7.844,,,,G4-169-CJW3NGP9JK,169,true,1,4
15473340,d5a7f37013cec7f0f8f655869bcdafd98074e38f-0,braaiboy,1,16.528,500,15473340,9dbdb38428c68c602c37752886fe50c9bc38d8e0,2021-10-24T02:16:36.000Z,bamital,2,peakmonsters,1,2021-10-25T02:16:36.000Z,DEC,16.528,DEC,16.528,16.528,,,,G3-91-062PD7THGG,91,true,200,3
16694343,d02e59e5676a2fe1d3f30b4c631351cbf1c1246d-0,kryptomario,1,9.990,500,16694343,9dbdb38428c68c602c37752886fe50c9bc38d8e0,2021-10-24T02:16:36.000Z,bamital,2,peakmonsters,1,2021-10-25T02:16:36.000Z,DEC,9.990,DEC,9.990,9.990,,,,G1-12-Z0PLT322ZK,12,true,200,1
14330006,a0412814849aff74bc086e65fe1b8ed3ce9abcce-133,vugtis,1,49.800,500,14330006,acc4839d6a2d9884c2c9ba0f8f426d5a0cb81e22,2021-10-18T12:03:09.000Z,bamital,2,peakmonsters,1,2021-10-19T12:03:09.000Z,DEC,49.800,DEC,49.800,49.800,,,,G4-178-R8XOIE6FB4,178,true,1,4
16108013,2263f5095a4ef5d5533b146f7362a4a7bcbb1071-0,scooter77,1,45.000,500,16108013,db58bb83cfb627b2339817bb1a65d92d2ad30242,2021-10-18T12:02:45.000Z,bamital,2,peakmonsters,1,2021-10-19T12:02:45.000Z,DEC,45.000,DEC,45.000,45.000,,,,G3-131-CSY217N6O0,131,true,400,3
12043729,f84b341da300ba210f945db9daf7d451d2d34f32-2,felander,1,7.650,500,12043729,1028546395e1a94b4800ab5f876845cca0348bc8,2021-10-18T12:02:39.000Z,bamital,2,peakmonsters,1,2021-10-19T12:02:39.000Z,DEC,7.650,DEC,7.650,7.650,,,,C3-91-2RQK2VTDU8,91,false,165,3
11698576,59ee639a110fedcfd6de714f4da9f93acc60609b-0,hive-vault,1,9.617,500,11698576,29072956095e466bfd7ae26cb0fc7841858ff33b,2021-10-18T12:02:18.000Z,bamital,2,peakmonsters,1,2021-10-19T12:02:18.000Z,DEC,9.617,DEC,9.617,9.617,,,,C4-293-2BZ1UEKKDC,293,false,1,4
9306593,b2ce781fbae9a2200dbb55ad355a3847f9aa5467-3,smalp,1,28.932,500,9306593,a23d3658b18f00d3d3d65bc3abde752aa125ac48,2021-10-18T12:01:54.000Z,bamital,2,peakmonsters,1,2021-10-19T12:01:54.000Z,DEC,28.932,DEC,28.932,28.932,,,,C0-14-B35N42S9OG,14,false,760,0
13243720,76757d8d60c7df66752e6ed9bc4abe5e99a35eae-0,iieeiieeii,1,9.000,500,13243720,dc90bec9d0f1d621c7b875e5ae2d9cb5d2abb2ae,2021-10-18T12:01:33.000Z,bamital,2,peakmonsters,1,2021-10-19T12:01:33.000Z,DEC,9.000,DEC,9.000,9.000,,,,G3-103-HB7WIDK6PS,103,true,200,3
9306581,3e16712043a38a5b8b4dc53bf91c41dbedc41050-38,smalp,1,49.840,500,9306581,95a767ea0c64da2ce40d690e5881dd8986f25afc,2021-10-15T12:15:15.000Z,bamital,2,splinterlands,1,2021-10-16T12:15:15.000Z,DEC,49.840,DEC,49.840,49.840,,,,C-RSDHWMOSI8,12,false,7135,1
15197902,11a43a1d0c1b022628934569eb6064951b237832-0,db-cooper,1,9.000,500,15197902,bb62242f948deb55fb1171ee1f5247651ba8c301,2021-10-10T15:13:48.000Z,bamital,2,peakmonsters,1,2021-10-11T15:13:48.000Z,DEC,9.000,DEC,9.000,9.000,,,,C4-293-UJVR4ZMLZ4,293,false,1,4
10144100,c46bd5b020b30315d48ca8e54456db7bdaac185f-6,lucky-cards,1,30.000,500,10144100,8101dfd2d1907fd356b0d4475f0abb222e3e07c8,2021-10-10T15:13:36.000Z,bamital,2,peakmonsters,1,2021-10-11T15:13:36.000Z,DEC,30.000,DEC,30.000,30.000,,,,G3-131-85NYMPYZNK,131,true,400,3
11531923,13eb125e1c73f926313c17cb83b800304b144ea5-4,monstergames,1,8.661,500,11531923,37318f4941047af14487d2e9e44997b7c18c4792,2021-10-10T15:13:00.000Z,bamital,2,peakmonsters,1,2021-10-11T15:13:00.000Z,DEC,8.661,DEC,8.661,8.661,,,,G1-12-LPFGDUF44W,12,true,200,1
15718280,18fd28a7bbfa85a478bf4dc72cdf11ae32a2f915-92,jeffandhisguitar,1,40.000,500,15718280,37318f4941047af14487d2e9e44997b7c18c4792,2021-10-10T15:13:00.000Z,bamital,2,peakmonsters,1,2021-10-11T15:13:00.000Z,DEC,40.000,DEC,40.000,40.000,,,,G4-178-K39E8ODWXS,178,true,2,4
11260109,b4387c8d8f59726df186888fa2a34b828c31e13f-5,d-pend,1,19.910,500,11260109,37318f4941047af14487d2e9e44997b7c18c4792,2021-10-10T15:13:00.000Z,bamital,2,peakmonsters,1,2021-10-11T15:13:00.000Z,DEC,19.910,DEC,19.910,19.910,,,,G1-14-NZR53TQIWW,14,true,200,1
15717296,cea05185733dfa982cff5a04b3f0f38507eae431-99,faceb,1,14.950,500,15717296,37318f4941047af14487d2e9e44997b7c18c4792,2021-10-10T15:13:00.000Z,bamital,2,peakmonsters,1,2021-10-11T15:13:00.000Z,DEC,14.950,DEC,14.950,14.950,,,,G3-91-K01XBF6WQ8,91,true,200,3
15426845,302d9e6e173a5f855dbf4f46332e4df060274638-5,legendarycanary,1,2.440,500,15426845,37318f4941047af14487d2e9e44997b7c18c4792,2021-10-10T15:13:00.000Z,bamital,2,peakmonsters,1,2021-10-11T15:13:00.000Z,DEC,2.440,DEC,2.440,2.440,,,,G4-171-NZVYN7ISLC,171,true,1,4
11379317,e9bc96eb98a4c7693f99cb5411c65701150ca688-5,davemccoy,1,12.739,500,11379317,37318f4941047af14487d2e9e44997b7c18c4792,2021-10-10T15:13:00.000Z,bamital,2,peakmonsters,1,2021-10-11T15:13:00.000Z,DEC,12.739,DEC,12.739,12.739,,,,G3-103-O67E4IONEO,103,true,200,3
12427412,b369ca9bf85b4b048feee71d1b818296a6dce4ff-0,farm3,1,15.000,500,12427412,f0bd55d67fe9a0f0335675ad735f02600aaa2eaf,2021-10-07T04:15:39.000Z,bamital,2,peakmonsters,1,2021-10-08T04:15:39.000Z,DEC,15.000,DEC,15.000,15.000,,,,G1-14-Y4W4QD37FK,14,true,200,1
13215639,9ea709c014cb1dae46f59cd7afd745d25e294de2-1,monstergames,1,19.337,500,13215639,739867e7a66fa84d4335b92fcb5669bfcf5eb528,2021-10-07T04:13:54.000Z,bamital,2,peakmonsters,1,2021-10-08T04:13:54.000Z,DEC,19.337,DEC,19.337,19.337,,,,G1-18-F9TROZZK4W,18,true,400,1
11395867,ffbe4c424771a893d107bf6c1c8274d8d73b7aba-0,bengiles,1,14.000,500,11395867,739867e7a66fa84d4335b92fcb5669bfcf5eb528,2021-10-07T04:13:54.000Z,bamital,2,peakmonsters,1,2021-10-08T04:13:54.000Z,DEC,14.000,DEC,14.000,14.000,,,,G3-91-96AGM5CVTC,91,true,200,3
11193740,bfe82789d1e1e6f4a2bd1c0a90485f926c9d8947-0,db-cooper,1,2.500,500,11193740,739867e7a66fa84d4335b92fcb5669bfcf5eb528,2021-10-07T04:13:54.000Z,bamital,2,peakmonsters,1,2021-10-08T04:13:54.000Z,DEC,2.500,DEC,2.500,2.500,,,,G4-171-NCSJW0R17K,171,true,1,4
11918687,049515400dc1025b59a9184516ff22fc88a942dc-0,vettev,1,3.800,500,11918687,739867e7a66fa84d4335b92fcb5669bfcf5eb528,2021-10-07T04:13:54.000Z,bamital,2,peakmonsters,1,2021-10-08T04:13:54.000Z,DEC,3.800,DEC,3.800,3.800,,,,G1-12-ZPDVJ8E5RK,12,true,200,1
10571192,153cb631c7bd8709327bdd31fa03eca96894e537-0,ezzy,1,3.900,500,10571192,739867e7a66fa84d4335b92fcb5669bfcf5eb528,2021-10-07T04:13:54.000Z,bamital,2,peakmonsters,1,2021-10-08T04:13:54.000Z,DEC,3.900,DEC,3.900,3.900,,,,G4-169-VXXT0N75CW,169,true,1,4
10432786,2bdf201b10b880e9d758be7bdb6373b74d6de0d7-21,deezrentals,1,7.400,500,10432786,8122bfc26eef14c6a33d2aacf2f8e493161bc6c0,2021-10-07T04:13:42.000Z,bamital,2,peakmonsters,1,2021-10-08T04:13:42.000Z,DEC,9.798,DEC,9.798,9.798,,,,C4-293-HL12DWYRRK,293,false,1,4
10169232,e50edd826089ae7284e482216956a84d1160c4a7-0,manahunter,1,12.193,500,10169232,04972b405938bbe97ec6f79d945a4eba02c53ce2,2021-10-03T03:01:36.000Z,bamital,2,peakmonsters,1,2021-10-04T03:01:36.000Z,DEC,12.193,DEC,12.193,12.193,,,,G1-18-F2GNJ95KY8,18,true,400,1
10297876,399167e97471e9424fc7f4f132a0430a892c1d37-0,rza2121,1,2.950,500,10297876,e82e8a0d4b61b064ef1476cca540ffe5235b9560,2021-10-03T03:01:15.000Z,bamital,2,peakmonsters,1,2021-10-04T03:01:15.000Z,DEC,2.950,DEC,2.950,2.950,,,,G1-12-H5VM2UDJLS,12,true,200,1
10543891,a193fb8421efc6a57a49393f8b121edca6371f8b-47,sonniwins,1,3.850,500,10543891,e82e8a0d4b61b064ef1476cca540ffe5235b9560,2021-10-03T03:01:15.000Z,bamital,2,peakmonsters,1,2021-10-04T03:01:15.000Z,DEC,3.850,DEC,3.850,3.850,,,,G4-169-T5AK9W1VQ8,169,true,1,4
11612416,e70527bbe3ee07b3cd82a1735ea890166aa4e892-0,fitz1567-8,1,25.000,500,11612416,e82e8a0d4b61b064ef1476cca540ffe5235b9560,2021-10-03T03:01:15.000Z,bamital,2,peakmonsters,1,2021-10-04T03:01:15.000Z,DEC,25.000,DEC,25.000,25.000,,,,G4-178-U8ZLR4JJOW,178,true,1,4
10600973,350d95884e96566481d7e4f260f753633b490b23-81,namelessnameless,1,9.844,500,10600973,e82e8a0d4b61b064ef1476cca540ffe5235b9560,2021-10-03T03:01:15.000Z,bamital,2,peakmonsters,1,2021-10-04T03:01:15.000Z,DEC,9.844,DEC,9.844,9.844,,,,G3-103-AD8PMMHAZK,103,true,200,3
10426259,6c94a49150279acb51c5fb9d01e2734d1da74336-0,foggybottom,1,12.335,500,10426259,e82e8a0d4b61b064ef1476cca540ffe5235b9560,2021-10-03T03:01:15.000Z,bamital,2,peakmonsters,1,2021-10-04T03:01:15.000Z,DEC,12.335,DEC,12.335,12.335,,,,G1-14-IYQ71H60VK,14,true,200,1