﻿id,sell_trx_id,seller,num_cards,buy_price,fee_percent,market_item_id,rental_tx,rental_date,renter,status,market_account,rental_days,next_rental_payment,payment_currency,payment_amount,escrow_currency,escrow_amount,paid_amount,cancel_tx,cancel_player,cancel_date,card_id,card_detail_id,gold,xp,edition
16017890,967e18be968fe1a5c282238d54787dbba7983102-7,molins,1,69.700,500,16017890,128666c4a2db7371d6a7eb53ccb48de4f716a92c,2021-10-30T08:12:06.000Z,kpek,2,splinterlands,1,2021-10-31T08:12:06.000Z,DEC,69.700,DEC,69.700,69.700,,,,C3-215-6H8BQW8M3K,215,false,8550,3
15534897,2e77931480725db3ecd6d12f51da57a6bbcb71bc-0,legendarycanary,1,72.958,500,15534897,8c8a1cabfb1b9f994dbd1228d735ab5f9ae8419f,2021-10-30T08:10:54.000Z,kpek,2,splinterlands,1,2021-10-31T08:10:54.000Z,DEC,72.958,DEC,72.958,72.958,,,,C1-5-YPNMS9IIV4,5,false,8550,1
11505743,25bc75d0501e56130c31c4275ede3347e146a679-119,forealife,1,14.900,500,11505743,20508fb12296d09073f240b6104fa0700ac082cc,2021-10-28T06:43:45.000Z,kpek,2,peakmonsters,1,2021-10-29T06:43:45.000Z,DEC,14.900,DEC,14.900,14.900,,,,G3-91-3N01L97ATC,91,true,200,3
17764374,816c4fb09439a78c3bd39902b386fd204439c3b7-0,neoconqueso,1,7.500,500,17764374,ae5f65511b99913ce93a52cd8b0938e2c870ade0,2021-10-28T06:43:27.000Z,kpek,2,peakmonsters,1,2021-10-29T06:43:27.000Z,DEC,7.500,DEC,7.500,7.500,,,,C-9ADPPG02Z4,18,false,100,0
17747278,d594d4603f5235e7cba0da27a874e3cf852f3448-2,modrid,1,0.180,500,17747278,b2bd36d920bfda19ffc3047956b44199db2db2e5,2021-10-28T06:43:00.000Z,kpek,2,peakmonsters,1,2021-10-29T06:43:00.000Z,DEC,0.180,DEC,0.180,0.180,,,,C4-171-XRAU2AUU00,171,false,1,4
10426261,6c94a49150279acb51c5fb9d01e2734d1da74336-2,foggybottom,1,12.335,500,10426261,48305d2e9143539642005c77e3da47e5cd2f8471,2021-10-28T06:42:51.000Z,kpek,2,peakmonsters,1,2021-10-29T06:42:51.000Z,DEC,12.335,DEC,12.335,12.335,,,,G1-14-M1JTLAPCJK,14,true,200,1
15582854,143e79e2c6f78d2226daf9805aa3347ee0c45b29-0,fighter4-freedom,1,29.000,500,15582854,48305d2e9143539642005c77e3da47e5cd2f8471,2021-10-28T06:42:51.000Z,kpek,2,peakmonsters,1,2021-10-29T06:42:51.000Z,DEC,29.000,DEC,29.000,29.000,,,,G3-131-FF413JAQJ4,131,true,400,3
17896651,6927adbce51e5666e4202e46e5ba120c399b604c-3,beescards,1,13.965,500,17896651,48305d2e9143539642005c77e3da47e5cd2f8471,2021-10-28T06:42:51.000Z,kpek,2,peakmonsters,1,2021-10-29T06:42:51.000Z,DEC,13.965,DEC,13.965,13.965,,,,G1-12-T5GGY2D5KW,12,true,200,1
16092643,e4d42a7e6ee3b579f6b97e8864c0aef49c080416-19,sroies,1,9.950,500,16092643,48305d2e9143539642005c77e3da47e5cd2f8471,2021-10-28T06:42:51.000Z,kpek,2,peakmonsters,1,2021-10-29T06:42:51.000Z,DEC,9.950,DEC,9.950,9.950,,,,G4-178-MXU9ZVSZQ8,178,true,1,4
17170521,2f781c3bb0971b51ff1e841c3407bb3087f2a4a4-109,slbrgf,1,30.000,500,17170521,885d62571f79adfd67c97e24944225babf7141a1,2021-10-23T14:52:57.000Z,kpek,2,peakmonsters,1,2021-10-24T14:52:57.000Z,DEC,30.000,DEC,30.000,30.000,,,,G3-131-HZD9YYG9YO,131,true,400,3
17164751,45741b9713f015da297d1a6afad52b507da39bb0-136,slagf,1,15.000,500,17164751,999b276552e98c5b82bfdec1e0155cb54a4520cb,2021-10-23T14:52:36.000Z,kpek,2,peakmonsters,1,2021-10-24T14:52:36.000Z,DEC,15.000,DEC,15.000,15.000,,,,G-O48SHYV45C,14,true,250,0
17187961,0c7a0d35720f7ca5880964ea92f60daea756ebc3-0,channelmagnetic,1,5.149,500,17187961,172897d979a20934113cb2051193dfd2675f0810,2021-10-23T14:51:57.000Z,kpek,2,peakmonsters,1,2021-10-24T14:51:57.000Z,DEC,5.149,DEC,5.149,5.149,,,,G4-171-X4RAHS1ZO0,171,true,1,4
15742074,68ab98a9b3b438e411a65be35ebca991254a334a-116,lrpepps,1,7.400,500,15742074,9084b678cbf79ed9a52f7720c28ba49c647c1291,2021-10-23T14:51:30.000Z,kpek,2,peakmonsters,1,2021-10-24T14:51:30.000Z,DEC,7.400,DEC,7.400,7.400,,,,C-FKXXI9ABXS,18,false,100,0
15866082,7c9f9025de291db24b404ba55eb6bfe85703094d-4,fighter4-freedom,1,8.000,500,15866082,25ba081230fbc121a5bc75e9087651a95b2a1dff,2021-10-23T14:51:06.000Z,kpek,2,peakmonsters,1,2021-10-24T14:51:06.000Z,DEC,8.000,DEC,8.000,8.000,,,,G4-169-8R1R3H2KBK,169,true,1,4
11848104,3cb5e3533f9fd1734923374b0d0384c14d1de280-0,ga-sm,1,14.950,500,11848104,25ba081230fbc121a5bc75e9087651a95b2a1dff,2021-10-23T14:51:06.000Z,kpek,2,peakmonsters,1,2021-10-24T14:51:06.000Z,DEC,14.950,DEC,14.950,14.950,,,,G3-91-RD81XJEASW,91,true,200,3
11463489,94093b3840f8a3a69175875405152486177ebee9-4,monstergames,1,8.182,500,11463489,25ba081230fbc121a5bc75e9087651a95b2a1dff,2021-10-23T14:51:06.000Z,kpek,2,peakmonsters,1,2021-10-24T14:51:06.000Z,DEC,8.182,DEC,8.182,8.182,,,,G1-12-PD74F135GG,12,true,200,1
11207741,d4d96809248aef8a5e1f3b2936c24d6677293f4c-107,smalp,1,14.950,500,11207741,c400cef37590981bc39d2cca3b5057fa357fda08,2021-10-18T03:39:15.000Z,kpek,2,peakmonsters,1,2021-10-19T03:39:15.000Z,DEC,19.950,DEC,19.950,19.950,,,,G3-91-K7YG3MUNI8,91,true,200,3
15866192,355ef27045948e5d1762e1edd53fd3845eb1253e-2,fighter4-freedom,1,30.000,500,15866192,b76cb22d369e31357be775f7aa2333d850c92c2a,2021-10-18T03:38:15.000Z,kpek,2,peakmonsters,1,2021-10-19T03:38:15.000Z,DEC,30.000,DEC,30.000,30.000,,,,G4-178-93NRRR6RJK,178,true,1,4
10496484,6a5513fd748bfd2670a40a7e386213e99c7076bc-21,aatrox,1,4.200,500,10496484,b76cb22d369e31357be775f7aa2333d850c92c2a,2021-10-18T03:38:15.000Z,kpek,2,peakmonsters,1,2021-10-19T03:38:15.000Z,DEC,4.200,DEC,4.200,4.200,,,,G1-12-Y8SAA7YLCG,12,true,200,1
9460941,e61cd667379e948192037866bebb76b8954b6a71-53,smalp,1,74.950,500,9460941,3858881a109488204ff4cb26f58daa6fa6ac9e56,2021-10-15T13:07:18.000Z,kpek,2,splinterlands,1,2021-10-16T13:07:18.000Z,DEC,74.950,DEC,74.950,74.950,,,,C4-204-0JVEFHL5MO,204,false,11,4
15865037,9cb7d4dd3ddc0f8db64add78372195a4d7bfcf58-1,fighter4-freedom,1,80.000,500,15865037,906f55b0c72cd1a739ca735e60f3e9367659545f,2021-10-15T13:04:45.000Z,kpek,2,splinterlands,1,2021-10-16T13:04:45.000Z,DEC,80.000,DEC,80.000,80.000,,,,G2-124-2HTMZKJ54G,124,true,800,2
11207786,8241c8e8b4c7491d105c0254ceaab981b9a9a28b-11,smalp,1,13.950,500,11207786,1dd1e933d3b7aa19f8bdf11d6d08487b35474ffd,2021-10-15T13:03:24.000Z,kpek,2,splinterlands,1,2021-10-16T13:03:24.000Z,DEC,13.950,DEC,13.950,13.950,,,,G1-17-KXEUQS2IHS,17,true,400,1
14806368,e309aea1c263527339344c573409f734583fe726-0,diffraction,1,3.884,500,14806368,a8ff46f98a8403fb21f2316e53ac99be53bbb3c5,2021-10-13T13:27:51.000Z,kpek,2,peakmonsters,1,2021-10-14T13:27:51.000Z,DEC,5.700,DEC,5.700,5.700,,,,C3-131-80Z3N9BYK0,131,false,0,3
10287047,0c3fb4d7d10c081243b91bc6cfb0f124bb8fe4bf-0,gungunkrishu,1,20.000,500,10287047,91cf0ee86b3d6ef1da43a1f857303099d5aa8334,2021-10-13T13:25:15.000Z,kpek,2,peakmonsters,1,2021-10-14T13:25:15.000Z,DEC,20.000,DEC,20.000,20.000,,,,G1-12-0E9XEO7XHC,12,true,200,1
10536477,3c43580d994d345028f932334e2fb0e3daf0eb67-0,sembioz,1,13.900,500,10536477,f8d82fc873ad377d2ad84accba0b975c75fba42c,2021-10-13T13:25:06.000Z,kpek,2,peakmonsters,1,2021-10-14T13:25:06.000Z,DEC,13.900,DEC,13.900,13.900,,,,G3-103-1J3CDA994G,103,true,200,3
12852193,12a6c4c3ce8ac8a76d1240272ff7608e3531f914-0,spirits4you,1,20.000,500,12852193,78ecdf4d0ee76eac2cafea1a6ea39a5573f7af4f,2021-10-13T13:24:33.000Z,kpek,2,peakmonsters,1,2021-10-14T13:24:33.000Z,DEC,20.000,DEC,20.000,20.000,,,,G4-178-RNTA7RE2W0,178,true,1,4
10301734,7fb461b4b07bc788a53a5d19756533e7196a9bac-1,rea,1,7.000,500,10301734,0f7c97339700d8ec3a9fc62e68aba0be3fcf180e,2021-10-08T01:29:54.000Z,kpek,2,peakmonsters,1,2021-10-09T01:29:54.000Z,DEC,7.000,DEC,7.000,7.000,,,,G3-91-75A1J8UMQO,91,true,200,3
12041958,c05138bdb1a62005eff937db9cb77d23ff6e0857-6,ayogom,1,24.950,500,12041958,0f7c97339700d8ec3a9fc62e68aba0be3fcf180e,2021-10-08T01:29:54.000Z,kpek,2,peakmonsters,1,2021-10-09T01:29:54.000Z,DEC,24.950,DEC,24.950,24.950,,,,G1-18-6D6KUIED28,18,true,400,1
12935848,a8ca5f48786e226cbdd36375d0355147f8645c78-5,davemccoy,1,4.190,500,12935848,0f7c97339700d8ec3a9fc62e68aba0be3fcf180e,2021-10-08T01:29:54.000Z,kpek,2,peakmonsters,1,2021-10-09T01:29:54.000Z,DEC,4.190,DEC,4.190,4.190,,,,G1-12-YKQ0GZL4HS,12,true,200,1