﻿id,sell_trx_id,seller,num_cards,buy_price,fee_percent,market_item_id,rental_tx,rental_date,renter,status,market_account,rental_days,next_rental_payment,payment_currency,payment_amount,escrow_currency,escrow_amount,paid_amount,cancel_tx,cancel_player,cancel_date,card_id,card_detail_id,gold,xp,edition
11102190,4ee8cc8761d226b4158116bbaabb3bb5416299b3-36,lucky-cards,1,15.000,500,11102190,41199526ef02c1366f1967b0006d028eb4cf665a,2021-10-30T06:07:48.000Z,zeusbot,2,splinterlands,1,2021-10-31T06:07:48.000Z,DEC,15.000,DEC,15.000,15.000,,,,G1-65-UXZZ42BTZK,65,true,400,1
9307296,279b7e7f49e42f1e8e4931ebfcf70f91c22b8785-9,smalp,1,14.650,500,9307296,4f3632b5e97c3a2902860f1c4b5abd4f357b7f35,2021-10-30T06:07:09.000Z,zeusbot,2,splinterlands,1,2021-10-31T06:07:09.000Z,DEC,14.650,DEC,14.650,14.650,,,,C0-45-MF8WCEDU34,45,false,760,0
10654203,0ecd4effad41bcb3065819d99fd37f4e045aeb8b-43,aatrox,1,9.950,500,10654203,a490629fbd047e79f207aba49eb09c90bf713b9e,2021-10-30T06:04:33.000Z,zeusbot,2,splinterlands,1,2021-10-31T06:04:33.000Z,DEC,9.950,DEC,9.950,9.950,,,,G3-97-6HYGGWBL0G,97,true,400,3
15863700,180eb66899c9d395247a5e1b927fd3e6a49dd8e8-0,fighter4-freedom,1,35.000,500,15863700,1c56c49eb04a82fbbc45ec71869c9420cf89e712,2021-10-30T06:01:36.000Z,zeusbot,2,splinterlands,1,2021-10-31T06:01:36.000Z,DEC,35.000,DEC,35.000,35.000,,,,G0-40-1R7PW93EXC,40,true,500,0
10298566,855ea67579aab9b4bfbfbaf139c916615086d38f-6,rdkmedia,1,0.189,500,10298566,d65ec38903f751e550a1c23af90ac29579f45af7,2021-10-29T02:39:51.000Z,zeusbot,2,peakmonsters,1,2021-10-30T02:39:51.000Z,DEC,0.189,DEC,0.189,0.189,,,,C4-171-X7LRD2S9SG,171,false,1,4
15676471,fbd1ba6a257bd4a2211f6ed941b8ac59dbafbbe5-0,danger-b,1,6.600,500,15676471,21dedf8b7cd12b3b39882b4793cc4184a28ba6ee,2021-10-29T02:39:24.000Z,zeusbot,2,peakmonsters,1,2021-10-30T02:39:24.000Z,DEC,6.600,DEC,6.600,6.600,,,,C-1W6OHHC38G,18,false,100,0
17091354,d7171225d417eef2cf0ce72489493158c28c65d3-0,thebluezoom,1,14.940,500,17091354,227170694565b0479a1a3e4fb6d7d73ab80d39b2,2021-10-29T02:38:51.000Z,zeusbot,2,peakmonsters,1,2021-10-30T02:38:51.000Z,DEC,14.940,DEC,14.940,14.940,,,,G3-91-NWCI47O1F4,91,true,200,3
12313356,e3d1a4597b6fe21469f10323027533ff526d6d1c-15,nai.collection,1,7.950,500,12313356,227170694565b0479a1a3e4fb6d7d73ab80d39b2,2021-10-29T02:38:51.000Z,zeusbot,2,peakmonsters,1,2021-10-30T02:38:51.000Z,DEC,7.950,DEC,7.950,7.950,,,,G3-103-HP3GOSRLF4,103,true,200,3
15537660,a0b9be2b827b94fa71a0156ac028849b95688c5e-47,zonguin,1,13.627,500,15537660,227170694565b0479a1a3e4fb6d7d73ab80d39b2,2021-10-29T02:38:51.000Z,zeusbot,2,peakmonsters,1,2021-10-30T02:38:51.000Z,DEC,13.627,DEC,13.627,13.627,,,,G1-14-IC66RR8TK0,14,true,200,1
17165215,803a99e2ec2adc4b28ce83c8d5748f55c89008db-98,slarf,1,2.700,500,17165215,f1b0b2cb8f47d1405d9e4ee337fd9902d1f0c5b1,2021-10-24T15:30:57.000Z,zeusbot,2,peakmonsters,1,2021-10-25T15:30:57.000Z,DEC,2.700,DEC,2.700,2.700,,,,C0-14-ATOPS4RBHC,14,false,160,0
17194805,21423dfbd8436e5dbaff30ef56cc444d16492d5a-14,enminers-vault,1,5.099,500,17194805,92385ce66c45fd324b932f5e49728faa30fd647a,2021-10-24T15:30:06.000Z,zeusbot,2,peakmonsters,1,2021-10-25T15:30:06.000Z,DEC,5.099,DEC,5.099,5.099,,,,G4-171-P2W5AWR5KW,171,true,1,4
17170517,2f781c3bb0971b51ff1e841c3407bb3087f2a4a4-105,slbrgf,1,30.000,500,17170517,a29628d1ba187368865c46cc427e51061e89563a,2021-10-24T15:29:57.000Z,zeusbot,2,peakmonsters,1,2021-10-25T15:29:57.000Z,DEC,30.000,DEC,30.000,30.000,,,,G3-131-DMLIGB9WXC,131,true,400,3
15742074,68ab98a9b3b438e411a65be35ebca991254a334a-116,lrpepps,1,7.400,500,15742074,79ffa69e2d91bbf2db6b590bc13a3f2e8e844b80,2021-10-24T15:29:33.000Z,zeusbot,2,peakmonsters,1,2021-10-25T15:29:33.000Z,DEC,7.400,DEC,7.400,7.400,,,,C-FKXXI9ABXS,18,false,100,0
15679374,bc271b627013de747bffaa671c06aefc2e43a138-14,deezrentals,1,43.900,500,15679374,cc52f668ea9ffd0250c828ef41471ccea0f0d8ca,2021-10-24T15:29:09.000Z,zeusbot,2,peakmonsters,1,2021-10-25T15:29:09.000Z,DEC,43.900,DEC,43.900,43.900,,,,G4-178-58I12YI8G0,178,true,1,4
12136047,8d05e470cb7a0bfbc5a400268b936b5183f14cfa-14,clove71,1,12.900,500,12136047,cc52f668ea9ffd0250c828ef41471ccea0f0d8ca,2021-10-24T15:29:09.000Z,zeusbot,2,peakmonsters,1,2021-10-25T15:29:09.000Z,DEC,12.900,DEC,12.900,12.900,,,,G3-103-PPZSKW5PU8,103,true,200,3
17273552,ecf7f4a8585c11481735f95741ef1658a950fb15-1,digital-fortress,1,9.899,500,17273552,cc52f668ea9ffd0250c828ef41471ccea0f0d8ca,2021-10-24T15:29:09.000Z,zeusbot,2,peakmonsters,1,2021-10-25T15:29:09.000Z,DEC,9.899,DEC,9.899,9.899,,,,G1-12-VF82IKOM2O,12,true,200,1
10138964,b25feeec8c65887fba5e1ae562f5c65ad3b421f6-0,scooter77,1,11.800,500,10138964,689784e06e36cb6a9077310f9bb9de223ab9bc8b,2021-10-18T11:48:45.000Z,zeusbot,2,peakmonsters,1,2021-10-19T11:48:45.000Z,DEC,11.800,DEC,11.800,11.800,,,,G3-103-81OK2F964G,103,true,200,3
15852431,08cb44eda113fa40f11840794ea4296ddd97485e-57,jeffopenscards,1,7.950,500,15852431,d18b368c8214dfbdf41afd8e5ad04cfdefe44540,2021-10-18T11:48:03.000Z,zeusbot,2,peakmonsters,1,2021-10-19T11:48:03.000Z,DEC,9.490,DEC,9.490,9.490,,,,C4-293-NHPCS5D0YO,293,false,1,4
10230500,df4ae63b61f969f4ada442d73eab25099cc98caf-0,cal3,1,15.000,500,10230500,b06d795eea68665321f3c6a5868d38f6baff3acb,2021-10-18T11:47:36.000Z,zeusbot,2,peakmonsters,1,2021-10-19T11:47:36.000Z,DEC,15.000,DEC,15.000,15.000,,,,C-90477OP4HS,18,false,300,0
14329995,a0412814849aff74bc086e65fe1b8ed3ce9abcce-122,vugtis,1,49.800,500,14329995,3110cbbacd7256ebd38bafd1a3f8fe494ebb7c32,2021-10-18T11:47:15.000Z,zeusbot,2,peakmonsters,1,2021-10-19T11:47:15.000Z,DEC,49.800,DEC,49.800,49.800,,,,G4-178-4FOLGEBGXS,178,true,1,4
10566356,4e4107201cc20e3802a6cdf8de600ddcff62642e-2,fighter4-freedom,1,20.000,500,10566356,3110cbbacd7256ebd38bafd1a3f8fe494ebb7c32,2021-10-18T11:47:15.000Z,zeusbot,2,peakmonsters,1,2021-10-19T11:47:15.000Z,DEC,20.000,DEC,20.000,20.000,,,,G1-14-KA869YK7WG,14,true,200,1
10367435,d97af5301887fab7ec0a86c60d74b4f6aedf1eb0-41,the10legmulti,1,3.690,500,10367435,3110cbbacd7256ebd38bafd1a3f8fe494ebb7c32,2021-10-18T11:47:15.000Z,zeusbot,2,peakmonsters,1,2021-10-19T11:47:15.000Z,DEC,3.690,DEC,3.690,3.690,,,,G4-171-JW7AB9WD4G,171,true,1,4
11073990,718104626b2410032d54c58c4831c165e0f9df5a-3,lucky-cards,1,4.700,500,11073990,3110cbbacd7256ebd38bafd1a3f8fe494ebb7c32,2021-10-18T11:47:15.000Z,zeusbot,2,peakmonsters,1,2021-10-19T11:47:15.000Z,DEC,4.700,DEC,4.700,4.700,,,,G1-12-8BREBFRJPS,12,true,200,1
15333015,8efd0084337233fd23398c5b40972b1a1212faf2-100,legendarycanary,1,30.000,500,15333015,a2bd2d7f515796f8aebf3dd2e6f7b6c99f66e18d,2021-10-15T12:14:15.000Z,zeusbot,2,splinterlands,1,2021-10-16T12:14:15.000Z,DEC,30.000,DEC,30.000,30.000,,,,G4-169-0MPCMWFDG0,169,true,9,4
15894445,de12f9d41d1d387b5572f1b5bff68ce4a08397cd-48,aatrox,1,32.950,500,15894445,ffc21493590be062f14a5d415e2a20ecf7b8b196,2021-10-15T12:13:54.000Z,zeusbot,2,splinterlands,1,2021-10-16T12:13:54.000Z,DEC,32.950,DEC,32.950,32.950,,,,G1-28-ICCI21FFJK,28,true,400,1
12387281,4473fed540dfe46c36abf7c9057c2a2bf556f62f-0,splintercards,1,22.000,500,12387281,70c8fd2ada2d531ac1def283297164468ad52563,2021-10-12T07:48:03.000Z,zeusbot,2,peakmonsters,1,2021-10-13T07:48:03.000Z,DEC,22.000,DEC,22.000,22.000,,,,G3-131-0JFWMOGKB4,131,true,400,3
14560576,0b510996cb8266bb2c1655fd0fed09ce9b71ab0a-0,megalithic,1,7.480,500,14560576,f4124f5a6b067e7505785c6169b6bb3a1a4df1ca,2021-10-12T07:46:00.000Z,zeusbot,2,peakmonsters,1,2021-10-13T07:46:00.000Z,DEC,9.780,DEC,9.780,9.780,,,,C4-293-SQ9XGULPKG,293,false,1,4
12501500,e4544487a368e2bc06a5eccb43b9bb4667121d2a-0,bitcoinportugal,1,11.840,500,12501500,2563b2ef29801ec30a49d529755ceaa298cb3c66,2021-10-12T07:45:09.000Z,zeusbot,2,peakmonsters,1,2021-10-13T07:45:09.000Z,DEC,11.840,DEC,11.840,11.840,,,,G3-103-I89NEJEIXS,103,true,200,3
10335626,218e2a91ea119ceb26d605b4b4062ba2430f9696-1,milomex,1,4.100,500,10335626,2563b2ef29801ec30a49d529755ceaa298cb3c66,2021-10-12T07:45:09.000Z,zeusbot,2,peakmonsters,1,2021-10-13T07:45:09.000Z,DEC,4.100,DEC,4.100,4.100,,,,G4-171-N7NP74JMA8,171,true,1,4
11445056,7551861e4f05cb4f15781d7a869f6f77662d4568-15,fighter4-freedom,1,57.000,500,11445056,55d8d667cb15038c8bb8a9e88fd5432fb1f8c434,2021-10-07T13:31:57.000Z,zeusbot,2,peakmonsters,1,2021-10-08T13:31:57.000Z,DEC,57.000,DEC,57.000,57.000,,,,G3-131-Z1EM6KOJC0,131,true,400,3
15171804,99fc9767dd347749a39e732dfbda08a8853a8524-71,legendarycanary,1,16.450,500,15171804,b2890e95e25575267c2a05da2f3abb618ba5f7af,2021-10-07T13:31:24.000Z,zeusbot,2,peakmonsters,1,2021-10-08T13:31:24.000Z,DEC,16.450,DEC,16.450,16.450,,,,G3-91-HKX73BZ4SW,91,true,200,3
10496486,6a5513fd748bfd2670a40a7e386213e99c7076bc-23,aatrox,1,4.200,500,10496486,d78a42b2161908247cf47b608ab43ed4697e2b59,2021-10-07T13:30:39.000Z,zeusbot,2,peakmonsters,1,2021-10-08T13:30:39.000Z,DEC,4.200,DEC,4.200,4.200,,,,G1-12-ZQJLZ07PM8,12,true,200,1
12476468,7aa70c076a6fda9aa3bf67b87763c5006c1f9420-0,bitcoinportugal,1,11.740,500,12476468,d78a42b2161908247cf47b608ab43ed4697e2b59,2021-10-07T13:30:39.000Z,zeusbot,2,peakmonsters,1,2021-10-08T13:30:39.000Z,DEC,11.740,DEC,11.740,11.740,,,,G3-103-P3WR330E3K,103,true,200,3
11387391,28c0877e4e9f4ad702a31874cea364a7aebc8875-1,ecoinstant,1,2.000,500,11387391,d78a42b2161908247cf47b608ab43ed4697e2b59,2021-10-07T13:30:39.000Z,zeusbot,2,peakmonsters,1,2021-10-08T13:30:39.000Z,DEC,2.000,DEC,2.000,2.000,,,,G4-171-7B5OVD7EZ4,171,true,1,4
10600970,350d95884e96566481d7e4f260f753633b490b23-78,namelessnameless,1,9.844,500,10600970,7bb6dcd732ded1a11eeb515e9cec85a9536ee070,2021-10-03T02:53:42.000Z,zeusbot,2,peakmonsters,1,2021-10-04T02:53:42.000Z,DEC,9.844,DEC,9.844,9.844,,,,G3-103-6QDAZL4T4G,103,true,200,3
10922160,2f416d1ae725710ea06749864ef453ee99ea0fe4-1,nateaguila,1,3.600,500,10922160,8e54602bfbdda21066ce21accb62b82a9292e17d,2021-10-03T02:32:30.000Z,zeusbot,2,peakmonsters,1,2021-10-04T02:32:30.000Z,DEC,3.600,DEC,3.600,3.600,,,,G1-12-VADIK1T6RK,12,true,400,1
12126786,95501093f41fcd985925e9d43bf464e877dd76f6-139,rce,1,0.980,500,12126786,8e54602bfbdda21066ce21accb62b82a9292e17d,2021-10-03T02:32:30.000Z,zeusbot,2,peakmonsters,1,2021-10-04T02:32:30.000Z,DEC,0.980,DEC,0.980,0.980,,,,G4-171-VRM44TSTS0,171,true,1,4