﻿id,sell_trx_id,seller,num_cards,buy_price,fee_percent,market_item_id,rental_tx,rental_date,renter,status,market_account,rental_days,next_rental_payment,payment_currency,payment_amount,escrow_currency,escrow_amount,paid_amount,cancel_tx,cancel_player,cancel_date,card_id,card_detail_id,gold,xp,edition
18165297,8332dfe4bc62d9d44c7899bb8691b2f067b731f8-1,inspiringquotes,1,33.650,500,18165297,addc838ceeec81785635f6a929f185186f290fce,2021-11-01T00:33:54.000Z,reveton,2,peakmonsters,1,2021-11-02T00:33:54.000Z,DEC,33.650,DEC,33.650,33.650,,,,G3-91-4X21Y8EBI8,91,true,800,3
11104079,a3a9f669d7003e3a0fd4163cdb02c49a8eeacbdd-0,kuragemania,1,12.000,500,11104079,9816f1a92ab75659bee85b8a9eb47cee05194bc7,2021-11-01T00:33:09.000Z,reveton,2,peakmonsters,1,2021-11-02T00:33:09.000Z,DEC,12.000,DEC,12.000,12.000,,,,C1-14-1O30Y0B55S,14,false,60,1
18420808,db1b10500a993e0743391727d44c6803d3bfc21b-81,soyrosa,1,2.950,500,18420808,ea57a577d2abe0984a35dfdf502798eae435b448,2021-11-01T00:33:00.000Z,reveton,2,peakmonsters,1,2021-11-02T00:33:00.000Z,DEC,2.950,DEC,2.950,2.950,,,,C1-18-6KMILLS51C,18,false,300,1
15803769,a44cbc104311bad690480624c4f951506f590e0f-27,sirdemian,1,49.750,500,15803769,2b8238f0ee72a45df410eeea65588c176b8f623e,2021-11-01T00:32:24.000Z,reveton,2,peakmonsters,1,2021-11-02T00:32:24.000Z,DEC,49.750,DEC,49.750,49.750,,,,G4-178-XX9RNN4ZWW,178,true,1,4
18104265,c723c1bb960d69034939609e530b39826bc3c749-8,olleo,1,38.900,500,18104265,0e3ab1decf2e57883dae9a958da0d802d49db514,2021-11-01T00:32:15.000Z,reveton,2,peakmonsters,1,2021-11-02T00:32:15.000Z,DEC,38.900,DEC,38.900,38.900,,,,G3-103-IUCWXRFZSW,103,true,200,3
18073920,7493320c49c2482f9c4de023a5abd412144f342d-1,vassal,1,29.800,500,18073920,4a2e9123640d6f42fe11bb13454174cbecf243d1,2021-11-01T00:32:06.000Z,reveton,2,peakmonsters,1,2021-11-02T00:32:06.000Z,DEC,29.800,DEC,29.800,29.800,,,,G3-131-JT4URUP174,131,true,400,3
17470126,1701e8066b7a4a1501fcf3230a31649fa6d77af2-29,imperij4427,1,6.000,500,17470126,6b389b5cd19856a0cb182fde0ff16b665e4ec9af,2021-11-01T00:32:00.000Z,reveton,2,peakmonsters,1,2021-11-02T00:32:00.000Z,DEC,6.000,DEC,6.000,6.000,,,,G4-169-8O6RGQEYRK,169,true,1,4
17070052,c3ef54c8b09e7ff3b8a599c7da7dc1f5466828e5-8,masterthematrix,1,8.116,500,17070052,23402fa5dc100c362acd9e92ceda677c54b656c7,2021-11-01T00:30:27.000Z,reveton,2,peakmonsters,1,2021-11-02T00:30:27.000Z,DEC,8.116,DEC,8.116,8.116,,,,G1-12-K8J1A8O30G,12,true,200,1
15446597,fd2b02068fc64a090be6629e3805199354f20e54-5,lucky-cards,1,45.000,500,15446597,16a527fd0657c4767f0dfbb43573fe761d97ec7a,2021-10-30T05:08:42.000Z,reveton,2,splinterlands,1,2021-10-31T05:08:42.000Z,DEC,45.000,DEC,45.000,45.000,,,,C-MN4I4QXTU8,39,false,8500,0
10367222,3966a7c43d1311668763a3a9300ce048a9f26053-0,aatrox,1,54.920,500,10367222,e794c7b9652120c9b717b522df83d447fcd3058b,2021-10-30T05:07:30.000Z,reveton,2,splinterlands,1,2021-10-31T05:07:30.000Z,DEC,54.920,DEC,54.920,54.920,,,,G-9Q71ERBX6O,30,true,500,0
16240799,180f6377d537d764555ed1befca605f6c462e1c0-6,fighter4-freedom,1,18.000,500,16240799,fe68c6acb13f48472b74e1bd02b936d0b51d8059,2021-10-30T05:05:27.000Z,reveton,2,splinterlands,1,2021-10-31T05:05:27.000Z,DEC,18.000,DEC,18.000,18.000,,,,C1-113-914O3QLVHS,113,false,0,1
17123740,a21fbf96fe5984a3bde9806d5b5c8456d98f02c1-37,raketenklaus,1,12.840,500,17123740,6e7ad32da905ff8f28851313fa4418e580e9b654,2021-10-26T11:09:15.000Z,reveton,2,peakmonsters,1,2021-10-27T11:09:15.000Z,DEC,12.840,DEC,12.840,12.840,,,,G3-103-RB8TLX8NSG,103,true,200,3
15742074,68ab98a9b3b438e411a65be35ebca991254a334a-116,lrpepps,1,7.400,500,15742074,a2c3340527bcaa405f62d7dd57a3454b1b7179f6,2021-10-26T11:09:00.000Z,reveton,2,peakmonsters,1,2021-10-27T11:09:00.000Z,DEC,7.400,DEC,7.400,7.400,,,,C-FKXXI9ABXS,18,false,100,0
16248343,1d4a22aae17fb9a3b3d738cec7ee37f162c6e94b-24,doloknight,1,8.800,500,16248343,6c4fdb0f247f057143f05df843b3d6bef518d38c,2021-10-26T11:08:48.000Z,reveton,2,peakmonsters,1,2021-10-27T11:08:48.000Z,DEC,8.800,DEC,8.800,8.800,,,,C4-293-GI4IE28M34,293,false,1,4
15066735,ea75f8129461537c823f4432388763339a30e429-29,legendarycanary,1,14.900,500,15066735,2e73e4dd93cbc3516c7998a71a94428cb0a170a6,2021-10-26T11:08:30.000Z,reveton,2,peakmonsters,1,2021-10-27T11:08:30.000Z,DEC,14.900,DEC,14.900,14.900,,,,G3-91-6Q5MG378J4,91,true,200,3
16211059,fff0862018ce2fbd3419d0f3da76bacfc648b499-0,irishgirlcrypto,1,32.674,500,16211059,2e73e4dd93cbc3516c7998a71a94428cb0a170a6,2021-10-26T11:08:30.000Z,reveton,2,peakmonsters,1,2021-10-27T11:08:30.000Z,DEC,32.674,DEC,32.674,32.674,,,,G4-178-O7DOAMZTSW,178,true,1,4
15500986,992a6aef5e0054e5fe86baa398f127cd9fa13595-15,lucky-cards,1,14.000,500,15500986,2e73e4dd93cbc3516c7998a71a94428cb0a170a6,2021-10-26T11:08:30.000Z,reveton,2,peakmonsters,1,2021-10-27T11:08:30.000Z,DEC,14.000,DEC,14.000,14.000,,,,G1-14-N7HHO48H9C,14,true,200,1
15909384,43d825243c8a4252eb9e45b83f2f717bbd0bfc2c-81,moriarty95,1,5.150,500,15909384,2e73e4dd93cbc3516c7998a71a94428cb0a170a6,2021-10-26T11:08:30.000Z,reveton,2,peakmonsters,1,2021-10-27T11:08:30.000Z,DEC,5.150,DEC,5.150,5.150,,,,G4-171-BW9G7KDN00,171,true,1,4
10460058,e5e156b4d7cc83a1c8f9c49b95c757bc616984a7-0,vaca4,1,25.000,500,10460058,e49f85b4c1e85aef9494f773133f817818ae1b81,2021-10-21T03:52:39.000Z,reveton,2,peakmonsters,1,2021-10-22T03:52:39.000Z,DEC,25.000,DEC,25.000,25.000,,,,C0-18-HRF24P1AU8,18,false,300,0
15582861,143e79e2c6f78d2226daf9805aa3347ee0c45b29-7,fighter4-freedom,1,29.000,500,15582861,75e6fcb0dd0a3753be7200df8298d3a9ed166c15,2021-10-21T03:51:48.000Z,reveton,2,peakmonsters,1,2021-10-22T03:51:48.000Z,DEC,29.000,DEC,29.000,29.000,,,,G3-131-MU7YA9L7SG,131,true,400,3
15866192,355ef27045948e5d1762e1edd53fd3845eb1253e-2,fighter4-freedom,1,30.000,500,15866192,98225d7ce6bf0bb8f7d2032cd2c3eea166333ee6,2021-10-21T03:50:36.000Z,reveton,2,peakmonsters,1,2021-10-22T03:50:36.000Z,DEC,30.000,DEC,30.000,30.000,,,,G4-178-93NRRR6RJK,178,true,1,4
10596180,516a25041f25ef80a0a2ba117b0b09674505b1a0-0,rege2,1,15.000,500,10596180,98225d7ce6bf0bb8f7d2032cd2c3eea166333ee6,2021-10-21T03:50:36.000Z,reveton,2,peakmonsters,1,2021-10-22T03:50:36.000Z,DEC,15.000,DEC,15.000,15.000,,,,G1-12-VOYD4QSIV4,12,true,200,1
12427412,b369ca9bf85b4b048feee71d1b818296a6dce4ff-0,farm3,1,15.000,500,12427412,98225d7ce6bf0bb8f7d2032cd2c3eea166333ee6,2021-10-21T03:50:36.000Z,reveton,2,peakmonsters,1,2021-10-22T03:50:36.000Z,DEC,15.000,DEC,15.000,15.000,,,,G1-14-Y4W4QD37FK,14,true,200,1
15979667,c340a76163fb008f5240c84764fd2cf6e894e5dd-136,untamedpotential,1,13.698,500,15979667,98225d7ce6bf0bb8f7d2032cd2c3eea166333ee6,2021-10-21T03:50:36.000Z,reveton,2,peakmonsters,1,2021-10-22T03:50:36.000Z,DEC,13.698,DEC,13.698,13.698,,,,G3-91-HT0LA2W1XS,91,true,200,3
9460841,1f427cdfeeb80c8e501f9705c32715b33fb75028-86,smalp,1,24.745,500,9460841,216ca6f65eb19518caebd93832607240bc24fce3,2021-10-15T11:01:54.000Z,reveton,2,splinterlands,1,2021-10-16T11:01:54.000Z,DEC,24.745,DEC,24.745,24.745,,,,C4-144-WAY9WZFC00,144,false,6,4
9494965,b17d12793e498c7a29ea97c09c4465c2011ceb54-10,smalp,1,31.341,500,9494965,b3d961d7f49ebc26cc69d74803af10ab78acab86,2021-10-12T04:49:24.000Z,reveton,2,peakmonsters,1,2021-10-13T04:49:24.000Z,DEC,31.341,DEC,31.341,31.341,,,,G3-131-5F4Z1XFK9C,131,true,400,3
10760939,8905fb07c74be8ef4be06a07f9585d08c3c4b78f-0,popsiclezone,1,9.000,500,10760939,fa0b1a8e4de024d872ad775a3bc56227caa0a3d5,2021-10-12T04:48:51.000Z,reveton,2,peakmonsters,1,2021-10-13T04:48:51.000Z,DEC,9.000,DEC,9.000,9.000,,,,G4-169-1A40RICJ1C,169,true,2,4
9909373,a45801a5a13e0a2ca70f1842126ca3df1b37cef4-11,samsemilia7,1,13.830,500,9909373,fa0b1a8e4de024d872ad775a3bc56227caa0a3d5,2021-10-12T04:48:51.000Z,reveton,2,peakmonsters,1,2021-10-13T04:48:51.000Z,DEC,13.830,DEC,13.830,13.830,,,,G3-103-5KON0E7P9S,103,true,200,3
15562240,a6e676e4bb32937300165307d94b1cf980c76d1d-20,abrockman,1,14.740,500,15562240,fa0b1a8e4de024d872ad775a3bc56227caa0a3d5,2021-10-12T04:48:51.000Z,reveton,2,peakmonsters,1,2021-10-13T04:48:51.000Z,DEC,14.740,DEC,14.740,14.740,,,,G1-12-4R4OICGNUO,12,true,600,1
12135763,17f2e936a82cb46a110898bd2d081d3a63696318-11,clove71,1,16.900,500,12135763,fa0b1a8e4de024d872ad775a3bc56227caa0a3d5,2021-10-12T04:48:51.000Z,reveton,2,peakmonsters,1,2021-10-13T04:48:51.000Z,DEC,16.900,DEC,16.900,16.900,,,,G1-14-IU3ZNQCCSW,14,true,200,1
11611713,41eaf7aba1620d333eae61aee57ecfe86d506d6c-0,jzn,1,10.000,500,11611713,329e48e5dc500678c523d1c9517a46fc351dfb07,2021-10-07T13:28:15.000Z,reveton,2,peakmonsters,1,2021-10-08T13:28:15.000Z,DEC,10.000,DEC,10.000,10.000,,,,G3-91-CV40DDE11C,91,true,200,3
11312694,73eed3fccc569a016d9f0e10618476a33c2bd535-0,goldninja,1,22.733,500,11312694,b80146f98db7429d8444fbc35858933e99bb10f6,2021-10-07T13:27:27.000Z,reveton,2,peakmonsters,1,2021-10-08T13:27:27.000Z,DEC,22.733,DEC,22.733,22.733,,,,G3-131-3CF8I8LUG0,131,true,400,3
10496485,6a5513fd748bfd2670a40a7e386213e99c7076bc-22,aatrox,1,4.200,500,10496485,85b09b25b24736008f8f2782b331fe2b205b4f86,2021-10-07T13:27:18.000Z,reveton,2,peakmonsters,1,2021-10-08T13:27:18.000Z,DEC,4.200,DEC,4.200,4.200,,,,G1-12-ZKBM4B2TNK,12,true,200,1
15417719,0d83d3aabcb95e7ae9c714e03e26425571d8a0ee-47,legendarycanary,1,2.950,500,15417719,85b09b25b24736008f8f2782b331fe2b205b4f86,2021-10-07T13:27:18.000Z,reveton,2,peakmonsters,1,2021-10-08T13:27:18.000Z,DEC,2.950,DEC,2.950,2.950,,,,G4-171-NI93LZE60W,171,true,1,4
13332680,edba5c77e72e14b6d75195b4af0cccc70295351d-13,toocurious,1,9.950,500,13332680,85b09b25b24736008f8f2782b331fe2b205b4f86,2021-10-07T13:27:18.000Z,reveton,2,peakmonsters,1,2021-10-08T13:27:18.000Z,DEC,9.950,DEC,9.950,9.950,,,,G3-103-W2XLWD1A74,103,true,200,3
11042478,f5f71893c1408140e752251ebc4ef8786a692242-1,lucky-cards,1,29.000,500,11042478,85b09b25b24736008f8f2782b331fe2b205b4f86,2021-10-07T13:27:18.000Z,reveton,2,peakmonsters,1,2021-10-08T13:27:18.000Z,DEC,29.000,DEC,29.000,29.000,,,,G1-18-EJWJIX0HZK,18,true,400,1
15260392,93abc6fc82fbe9efc655125f43bd0cbccaae8e5c-0,mulletwang,1,49.000,500,15260392,85b09b25b24736008f8f2782b331fe2b205b4f86,2021-10-07T13:27:18.000Z,reveton,2,peakmonsters,1,2021-10-08T13:27:18.000Z,DEC,49.000,DEC,49.000,49.000,,,,G4-178-U3JCZPJOGW,178,true,1,4
11102737,26add8f24bc88c45e1b84b258743f86e071e9b40-3,lucky-cards,1,19.000,500,11102737,13938cbad8f49024200028ec2294035cd46c71be,2021-10-05T15:35:45.000Z,reveton,2,peakmonsters,1,2021-10-06T15:35:45.000Z,DEC,19.000,DEC,19.000,19.000,,,,G4-178-URYM4FHTSG,178,true,1,4
13332637,2a727305f7383285a2b78b19271ede4e87684089-111,toocurious,1,11.840,500,13332637,13938cbad8f49024200028ec2294035cd46c71be,2021-10-05T15:35:45.000Z,reveton,2,peakmonsters,1,2021-10-06T15:35:45.000Z,DEC,11.840,DEC,11.840,11.840,,,,G3-91-9XDFO0HMZ4,91,true,200,3
12935849,a8ca5f48786e226cbdd36375d0355147f8645c78-6,davemccoy,1,4.190,500,12935849,13938cbad8f49024200028ec2294035cd46c71be,2021-10-05T15:35:45.000Z,reveton,2,peakmonsters,1,2021-10-06T15:35:45.000Z,DEC,4.190,DEC,4.190,4.190,,,,G1-12-YQ65POIDG0,12,true,200,1
12056088,9a87d86d85e6fff230a6d614d40a10ac8b91a076-13,felander,1,9.950,500,12056088,9a2bf8344f09fa34d47b69cb43576965241d0b1a,2021-10-05T15:35:00.000Z,reveton,2,peakmonsters,1,2021-10-06T15:35:00.000Z,DEC,9.950,DEC,9.950,9.950,,,,G3-103-2NEDQJA19S,103,true,200,3