﻿id,sell_trx_id,seller,num_cards,buy_price,fee_percent,market_item_id,rental_tx,rental_date,renter,status,market_account,rental_days,next_rental_payment,payment_currency,payment_amount,escrow_currency,escrow_amount,paid_amount,cancel_tx,cancel_player,cancel_date,card_id,card_detail_id,gold,xp,edition
11260597,fd32176313743024da5db5e6ea82a21b975f2ceb-4,gannibal,1,4.900,500,11260597,5ceb444d488f25531d6291718e641736724d2894,2021-10-31T16:26:33.000Z,heavenlydemon,2,peakmonsters,1,2021-11-01T16:26:33.000Z,DEC,4.900,DEC,4.900,4.900,,,,C3-131-W52F16RIEO,131,false,0,3
15899437,ba69e707be9d74a190de5a400e22f459bad85795-0,elrondaxie,1,19.500,500,15899437,598898b9716539b9804436a2ea852d6d07a694b8,2021-10-31T16:26:15.000Z,heavenlydemon,2,peakmonsters,1,2021-11-01T16:26:15.000Z,DEC,19.500,DEC,19.500,19.500,,,,C0-14-28JY8N3U4G,14,false,60,0
10246872,715edc400aa4aa2f4950aedd18954ff1f3ae36f8-0,cryptocopy,1,7.500,500,10246872,d0324448a451378c48f4f108730d131ace1842d9,2021-10-31T16:24:12.000Z,heavenlydemon,2,peakmonsters,1,2021-11-01T16:24:12.000Z,DEC,7.500,DEC,7.500,7.500,,,,C-EC4AVU9YCG,18,false,100,0
11517392,e1e8c8f0d928535b645dc6235ca0bc5f0188575c-0,achim03,1,7.700,500,11517392,ac795d5b54c578391ed04a1070822046c1e329a3,2021-10-31T16:24:03.000Z,heavenlydemon,2,peakmonsters,1,2021-11-01T16:24:03.000Z,DEC,7.700,DEC,7.700,7.700,,,,C4-293-TYKRYNSJCG,293,false,1,4
17191476,4205f8e6e3bfd672450dd2e61a8a79c374d14bc5-24,vugtis,1,49.450,500,17191476,f3c976456b45a4dd3dcf17fcf307b61d373d33ff,2021-10-31T16:23:54.000Z,heavenlydemon,2,peakmonsters,1,2021-11-01T16:23:54.000Z,DEC,49.450,DEC,49.450,49.450,,,,G4-178-CC8XC1TNO0,178,true,1,4
17169408,1689bf0b8531e09bfd77e52b69249f698d61982e-84,slugf,1,5.000,500,17169408,8137786ec56a77ab574da367f0fcd29a27b994d5,2021-10-31T16:23:33.000Z,heavenlydemon,2,peakmonsters,1,2021-11-01T16:23:33.000Z,DEC,5.000,DEC,5.000,5.000,,,,G4-169-ZE75P4XTTC,169,true,1,4
18396341,7a6212eef277fb71eee0486fd839b908d7acb060-6,steemdiamond,1,4.740,500,18396341,8137786ec56a77ab574da367f0fcd29a27b994d5,2021-10-31T16:23:33.000Z,heavenlydemon,2,peakmonsters,1,2021-11-01T16:23:33.000Z,DEC,4.740,DEC,4.740,4.740,,,,G1-12-RGLROEY94W,12,true,200,1
9587499,0b922a95298c3045689506307d53abe20662f9c0-11,lucky-cards,1,60.000,500,9587499,745dc3c205715eb176456f894c769cedea66430f,2021-10-30T09:22:39.000Z,heavenlydemon,2,splinterlands,1,2021-10-31T09:22:39.000Z,DEC,60.000,DEC,60.000,60.000,,,,C3-218-L3OJRABCI8,218,false,5145,3
10654167,0ecd4effad41bcb3065819d99fd37f4e045aeb8b-7,aatrox,1,33.000,500,10654167,21a1bfb2af8bb7aa25ec920cffac99726986106c,2021-10-30T09:21:21.000Z,heavenlydemon,2,splinterlands,1,2021-10-31T09:21:21.000Z,DEC,33.000,DEC,33.000,33.000,,,,G1-24-9AGLI2QRKW,24,true,800,1
15500308,d2b390334ac4f00be7dfdf80c74f0fd0af5ad9eb-1,lucky-cards,1,20.000,500,15500308,350da7d00f794657ca3088887eec3b4d2b477917,2021-10-30T09:19:42.000Z,heavenlydemon,2,splinterlands,1,2021-10-31T09:19:42.000Z,DEC,20.000,DEC,20.000,20.000,,,,C1-64-19NVIG6CMO,64,false,2550,1
15603378,abf8d0445db33251b587a61933efa947c25726e0-11,legendarycanary,1,16.940,500,15603378,fff936404269b60acb9ae365bf5bf9bb2b3da928,2021-10-30T09:16:30.000Z,heavenlydemon,2,splinterlands,1,2021-10-31T09:16:30.000Z,DEC,16.940,DEC,16.940,16.940,,,,C3-97-34HK09J4S0,97,false,1560,3
17225062,d7d9e34581c5b0493660c854a5966cf544875067-10,renterlands,1,39.750,500,17225062,b2f36bb551cddb8a5299894df8d4188448854bfa,2021-10-30T09:15:36.000Z,heavenlydemon,2,splinterlands,1,2021-10-31T09:15:36.000Z,DEC,39.750,DEC,39.750,39.750,,,,C3-250-SAGIZHDD9S,250,false,115,3
9306462,653fe8ea14025fb93be7076c3716b735519231c9-37,smalp,1,18.166,500,9306462,5285ef190acb8497f2492ebe5c1b1d02cad0ef19,2021-10-30T09:14:51.000Z,heavenlydemon,2,splinterlands,1,2021-10-31T09:14:51.000Z,DEC,18.166,DEC,18.166,18.166,,,,C1-9-LVQROWSN1S,9,false,1750,1
9494968,b17d12793e498c7a29ea97c09c4465c2011ceb54-13,smalp,1,31.341,500,9494968,729d7fa0a76061450f31f887dd29ab5ec043119e,2021-10-27T05:17:33.000Z,heavenlydemon,2,peakmonsters,1,2021-10-28T05:17:33.000Z,DEC,31.341,DEC,31.341,31.341,,,,G3-131-60W6Y5R24W,131,true,400,3
11379312,e9bc96eb98a4c7693f99cb5411c65701150ca688-0,davemccoy,1,12.739,500,11379312,929e86c2bc9ee992ca194e226d41afd996a97c16,2021-10-27T05:17:00.000Z,heavenlydemon,2,peakmonsters,1,2021-10-28T05:17:00.000Z,DEC,12.739,DEC,12.739,12.739,,,,G3-103-ACTUCWNYI8,103,true,200,3
10460058,e5e156b4d7cc83a1c8f9c49b95c757bc616984a7-0,vaca4,1,25.000,500,10460058,17f821101320975c07530bd36159c7be03fedf7e,2021-10-27T05:16:39.000Z,heavenlydemon,2,peakmonsters,1,2021-10-28T05:16:39.000Z,DEC,25.000,DEC,25.000,25.000,,,,C0-18-HRF24P1AU8,18,false,300,0
15875926,2884dc6dbe70696f950303e6f7a9a6313fdb6bf8-12,campinsam,1,8.000,500,15875926,ced8e7801f960f00bc6873ed617a5157d4a4735c,2021-10-27T05:16:15.000Z,heavenlydemon,2,peakmonsters,1,2021-10-28T05:16:15.000Z,DEC,8.000,DEC,8.000,8.000,,,,C4-293-S3ZNXOJFWG,293,false,1,4
15866193,355ef27045948e5d1762e1edd53fd3845eb1253e-3,fighter4-freedom,1,45.000,500,15866193,4945847be3d68469f6b5b65d7cb38995461e298b,2021-10-27T05:16:09.000Z,heavenlydemon,2,peakmonsters,1,2021-10-28T05:16:09.000Z,DEC,45.000,DEC,45.000,45.000,,,,G4-178-B5EWVE8QKG,178,true,1,4
12136121,8d05e470cb7a0bfbc5a400268b936b5183f14cfa-88,clove71,1,16.578,500,12136121,4945847be3d68469f6b5b65d7cb38995461e298b,2021-10-27T05:16:09.000Z,heavenlydemon,2,peakmonsters,1,2021-10-28T05:16:09.000Z,DEC,16.578,DEC,16.578,16.578,,,,G3-91-6XU6P9CD9C,91,true,200,3
13330354,e865b63854c84d8b67982fd2c1654b13d859a3c4-5,toocurious,1,14.850,500,13330354,4945847be3d68469f6b5b65d7cb38995461e298b,2021-10-27T05:16:09.000Z,heavenlydemon,2,peakmonsters,1,2021-10-28T05:16:09.000Z,DEC,14.850,DEC,14.850,14.850,,,,G1-14-MGIZPDUY28,14,true,200,1
10718204,4d4581b9e28cb6f0819f6611c0db1964d18b9507-0,popsiclezone,1,8.500,500,10718204,4945847be3d68469f6b5b65d7cb38995461e298b,2021-10-27T05:16:09.000Z,heavenlydemon,2,peakmonsters,1,2021-10-28T05:16:09.000Z,DEC,8.500,DEC,8.500,8.500,,,,G4-169-PORDOBF6J4,169,true,1,4
11048227,9dc7256f283cf698def149eaf28e8a4e5ee22464-3,ojamajo,1,10.000,500,11048227,ed7abfbb2e593339f712ad0f5479cca9eb2860e9,2021-10-23T12:59:24.000Z,heavenlydemon,2,peakmonsters,1,2021-10-24T12:59:24.000Z,DEC,10.000,DEC,10.000,10.000,,,,C-T753AXE7N4,18,false,100,0
12136043,8d05e470cb7a0bfbc5a400268b936b5183f14cfa-10,clove71,1,12.900,500,12136043,59d740e86202dccdda85bebf698e0a8d639372bb,2021-10-23T12:58:48.000Z,heavenlydemon,2,peakmonsters,1,2021-10-24T12:58:48.000Z,DEC,12.900,DEC,12.900,12.900,,,,G3-103-HAN88OZE9S,103,true,200,3
15509767,99c9b75e443cddece17ed67e1dba977eb20c89db-3,scooter77,1,7.900,500,15509767,ad9c5a5bef6f612d3ab84096ffb519e93672ab2b,2021-10-23T12:57:54.000Z,heavenlydemon,2,peakmonsters,1,2021-10-24T12:57:54.000Z,DEC,7.900,DEC,7.900,7.900,,,,G4-169-ZAW3AHWRY8,169,true,1,4
10332225,f2b73d821099eea1817899b07e75f221c1489845-5,fighter4-freedom,1,17.000,500,10332225,1efe59a7b1f2df786d5bc2ddbc382a818eee76d1,2021-10-23T12:57:36.000Z,heavenlydemon,2,peakmonsters,1,2021-10-24T12:57:36.000Z,DEC,17.000,DEC,17.000,17.000,,,,G1-14-PXVRBT9O4W,14,true,200,1
11468218,7daa5e05cce6fd5ae756ae6eca0296534895fcf6-7,monstergames,1,8.166,500,11468218,1efe59a7b1f2df786d5bc2ddbc382a818eee76d1,2021-10-23T12:57:36.000Z,heavenlydemon,2,peakmonsters,1,2021-10-24T12:57:36.000Z,DEC,8.166,DEC,8.166,8.166,,,,G1-12-ZPLU9PV85S,12,true,200,1
15679374,bc271b627013de747bffaa671c06aefc2e43a138-14,deezrentals,1,43.900,500,15679374,1efe59a7b1f2df786d5bc2ddbc382a818eee76d1,2021-10-23T12:57:36.000Z,heavenlydemon,2,peakmonsters,1,2021-10-24T12:57:36.000Z,DEC,43.900,DEC,43.900,43.900,,,,G4-178-58I12YI8G0,178,true,1,4
10644333,8ad0c9dddd6c191df42b68b8554d4e8d4b304b2c-25,fighter4-freedom,1,20.000,500,10644333,1efe59a7b1f2df786d5bc2ddbc382a818eee76d1,2021-10-23T12:57:36.000Z,heavenlydemon,2,peakmonsters,1,2021-10-24T12:57:36.000Z,DEC,20.000,DEC,20.000,20.000,,,,G3-91-XYJ5DEI5XC,91,true,200,3
11204173,b3f3f4f7967dfa8779fbd8fde53f75c612ff9bee-4,smalp,1,150.000,500,11204173,a29d735a61a0936f550293d09ebd7e9b38c9032f,2021-10-14T20:05:15.000Z,heavenlydemon,2,splinterlands,1,2021-10-15T20:05:15.000Z,DEC,150.000,DEC,150.000,150.000,,,,G-153O1FUZDC,13,true,2750,0
15026253,f97faef5c863bd66408b0af10c8a225adcdea645-0,rentmoney,1,24.994,500,15026253,f49793ac27a93158f0b8d5c1e4678fa912b905e5,2021-10-13T01:53:42.000Z,heavenlydemon,2,peakmonsters,1,2021-10-14T01:53:42.000Z,DEC,24.994,DEC,24.994,24.994,,,,G3-131-RRYLCJ7G80,131,true,400,3
9943620,08a1abf5dfda0e865779245f7e7b617d63b91f77-0,hatoto,1,9.850,500,9943620,a45feab43bdbd5c5f51299064931032d5eab26e4,2021-10-13T01:50:21.000Z,heavenlydemon,2,peakmonsters,1,2021-10-14T01:50:21.000Z,DEC,9.850,DEC,9.850,9.850,,,,G3-103-WDL5F57L80,103,true,200,3
12361151,0979b6e9f800daed64e2bc6d15f32381776a9656-0,colecornell1,1,20.000,500,12361151,7b87d2dfd6fb64d96356e3e3494522bffc8de2c3,2021-10-13T01:50:00.000Z,heavenlydemon,2,peakmonsters,1,2021-10-14T01:50:00.000Z,DEC,20.000,DEC,20.000,20.000,,,,C0-18-O52LYKDDGW,18,false,300,0
15909389,43d825243c8a4252eb9e45b83f2f717bbd0bfc2c-86,moriarty95,1,5.150,500,15909389,857caf6abb2bb01beec9b612a2d440e6d72d7215,2021-10-13T01:49:39.000Z,heavenlydemon,2,peakmonsters,1,2021-10-14T01:49:39.000Z,DEC,5.150,DEC,5.150,5.150,,,,G4-171-N7816KVG6O,171,true,1,4
14329994,a0412814849aff74bc086e65fe1b8ed3ce9abcce-121,vugtis,1,49.800,500,14329994,857caf6abb2bb01beec9b612a2d440e6d72d7215,2021-10-13T01:49:39.000Z,heavenlydemon,2,peakmonsters,1,2021-10-14T01:49:39.000Z,DEC,49.800,DEC,49.800,49.800,,,,G4-178-1CPAR8N174,178,true,1,4
11290611,fcb3bf613a60c196fee60996ea2fe8ddacd82b5d-65,janoshik,1,12.190,500,11290611,1379b565a816e90defcb613b35f97a734965f74b,2021-10-04T13:30:09.000Z,heavenlydemon,2,peakmonsters,1,2021-10-05T13:30:09.000Z,DEC,12.190,DEC,12.190,12.190,,,,C4-293-W4F2QXNIBK,293,false,1,4
10332224,f2b73d821099eea1817899b07e75f221c1489845-4,fighter4-freedom,1,17.000,500,10332224,8e7ca96319e8f9baf7a30902471188d78f1498f9,2021-10-04T13:29:27.000Z,heavenlydemon,2,peakmonsters,1,2021-10-05T13:29:27.000Z,DEC,17.000,DEC,17.000,17.000,,,,G1-14-KVD7XXWJIO,14,true,200,1
9424512,c601efa5f469ca6f3a15b2673ecc27cf10167c7a-3,goldninja,1,3.865,500,9424512,8e7ca96319e8f9baf7a30902471188d78f1498f9,2021-10-04T13:29:27.000Z,heavenlydemon,2,peakmonsters,1,2021-10-05T13:29:27.000Z,DEC,3.865,DEC,3.865,3.865,,,,G1-12-EM816D82E8,12,true,200,1
14873326,e6aaf02846ab0c3cf664ce73a9de0f2c3d41f4a0-48,mountainjewel,1,11.650,500,14873326,8e7ca96319e8f9baf7a30902471188d78f1498f9,2021-10-04T13:29:27.000Z,heavenlydemon,2,peakmonsters,1,2021-10-05T13:29:27.000Z,DEC,11.650,DEC,11.650,11.650,,,,G3-103-5D1WRAQ3QO,103,true,200,3
11387390,28c0877e4e9f4ad702a31874cea364a7aebc8875-0,ecoinstant,1,2.000,500,11387390,8e7ca96319e8f9baf7a30902471188d78f1498f9,2021-10-04T13:29:27.000Z,heavenlydemon,2,peakmonsters,1,2021-10-05T13:29:27.000Z,DEC,2.000,DEC,2.000,2.000,,,,G4-171-1H7WTMAON4,171,true,1,4
9880715,59239f0be12e0c211ac1371105d8a7cfde7de27c-1,foggybottom,1,7.145,500,9880715,8e7ca96319e8f9baf7a30902471188d78f1498f9,2021-10-04T13:29:27.000Z,heavenlydemon,2,peakmonsters,1,2021-10-05T13:29:27.000Z,DEC,7.145,DEC,7.145,7.145,,,,G3-91-4NHOANBXPC,91,true,200,3