﻿id,sell_trx_id,seller,num_cards,buy_price,fee_percent,market_item_id,rental_tx,rental_date,renter,status,market_account,rental_days,next_rental_payment,payment_currency,payment_amount,escrow_currency,escrow_amount,paid_amount,cancel_tx,cancel_player,cancel_date,card_id,card_detail_id,gold,xp,edition
17336826,5c40862e7cd5c1dfc6310659579e57fb166a1f4f-29,renterlands,1,19.450,500,17336826,7e654a04e7319468fdd24bb19debf738b5911971,2021-11-02T07:12:27.000Z,sirefef,1,peakmonsters,1,2021-11-03T07:12:27.000Z,DEC,19.450,DEC,19.450,19.450,,,,C0-14-I7AZYNB04W,14,false,60,0
10201614,6518dde69a17beb24d23703553f2082d4e0e47da-0,cal2,1,15.000,500,10201614,d4d506064af3728ee9cf128e2c9473697d988179,2021-11-02T07:12:21.000Z,sirefef,1,peakmonsters,1,2021-11-03T07:12:21.000Z,DEC,15.000,DEC,15.000,15.000,,,,C-FONFHTPC7K,18,false,300,0
16167789,d402b9f85423aebd4689963f88390e3b920c9120-5,fighter4-freedom,1,9.000,500,16167789,e7040bb87d36892aba0ce3dee8a63528cb552571,2021-11-02T07:10:24.000Z,sirefef,1,splinterlands,1,2021-11-03T07:10:24.000Z,DEC,9.000,DEC,9.000,9.000,,,,C4-293-9ETU30VEG0,293,false,1,4
18264683,8c7aa6c31673fd9bc0af7935d2ae67378ef7f7e5-116,herons-unlimited,1,26.000,500,18264683,ebae7465abed626b294b3766054775ded53f3e7e,2021-11-02T07:10:03.000Z,sirefef,1,splinterlands,1,2021-11-03T07:10:03.000Z,DEC,26.000,DEC,26.000,26.000,,,,G3-131-XAY04Q2F40,131,true,400,3
14330002,a0412814849aff74bc086e65fe1b8ed3ce9abcce-129,vugtis,1,49.800,500,14330002,c977ddc1927fa7fc6ba093dcb6672078715e6d43,2021-11-02T07:09:15.000Z,sirefef,1,splinterlands,1,2021-11-03T07:09:15.000Z,DEC,49.800,DEC,49.800,49.800,,,,G4-178-EJ5W5UQGWW,178,true,1,4
10644310,8ad0c9dddd6c191df42b68b8554d4e8d4b304b2c-2,fighter4-freedom,1,17.000,500,10644310,ff08fc7cd52d3ec507ad4352cbb40965dd2ead96,2021-11-02T07:09:00.000Z,sirefef,1,splinterlands,1,2021-11-03T07:09:00.000Z,DEC,17.000,DEC,17.000,17.000,,,,G3-91-BYCH40UD40,91,true,200,3
12216246,dfd13e92430d5b5f8a1aab76e197f6a3b906af5f-0,bitcoinportugal,1,12.430,500,12216246,0fc98d1cb5e2b9a772f440ef3dc121d27951b7fd,2021-11-02T07:08:21.000Z,sirefef,1,splinterlands,1,2021-11-03T07:08:21.000Z,DEC,12.430,DEC,12.430,12.430,,,,G3-103-UETD15BJFK,103,true,200,3
10718204,4d4581b9e28cb6f0819f6611c0db1964d18b9507-0,popsiclezone,1,8.500,500,10718204,0865f844d07d901eccdd957f7368b029a2c46663,2021-11-02T07:08:09.000Z,sirefef,1,splinterlands,1,2021-11-03T07:08:09.000Z,DEC,8.500,DEC,8.500,8.500,,,,G4-169-PORDOBF6J4,169,true,1,4
11073993,718104626b2410032d54c58c4831c165e0f9df5a-6,lucky-cards,1,4.700,500,11073993,be3de9892ed04036963c8b83831d7d856b000266,2021-11-02T07:08:00.000Z,sirefef,1,splinterlands,1,2021-11-03T07:08:00.000Z,DEC,4.700,DEC,4.700,4.700,,,,G1-12-VCHQA45ANK,12,true,200,1
17284148,ffd8ca5dc252ee9e3ceb5423e310ad9a2caff838-44,renterlands,1,42.500,500,17284148,d5f944058719e9e76071c99403f53746558e4024,2021-10-30T07:12:54.000Z,sirefef,2,splinterlands,1,2021-10-31T07:12:54.000Z,DEC,66.950,DEC,66.950,66.950,,,,C4-200-7DLSHXP228,200,false,11,4
10066391,b2cc1d657773b7aaa372c7cba47232c9c21504ab-12,lucky-cards,1,25.000,500,10066391,c77619c44b438136c2c2ffc271fa6fc9bc7ebb5f,2021-10-30T07:12:33.000Z,sirefef,2,splinterlands,1,2021-10-31T07:12:33.000Z,DEC,25.000,DEC,25.000,25.000,,,,G1-14-HQWX0UXCC0,14,true,800,1
17857803,85e1b60f313992572e9563f01337f4f3e2394cae-8,renterlands,1,8.150,500,17857803,34b82429ed3510df289b18b73a7af67b45ab4f09,2021-10-30T07:11:12.000Z,sirefef,2,splinterlands,1,2021-10-31T07:11:12.000Z,DEC,8.150,DEC,8.150,8.150,,,,C4-191-1PZQBBNPNK,191,false,100,4
15480788,4622fa74a577d19bb3d6ddb8c3722ddd3ae63b34-3,lucky-cards,1,24.000,500,15480788,86129126a0a2491e9b081047535ee5f19c7da9f5,2021-10-30T07:09:30.000Z,sirefef,2,splinterlands,1,2021-10-31T07:09:30.000Z,DEC,24.000,DEC,24.000,24.000,,,,C1-32-1RS9FADC00,32,false,875,1
15582865,143e79e2c6f78d2226daf9805aa3347ee0c45b29-11,fighter4-freedom,1,29.000,500,15582865,25b30f86ad83a31836bd40f87ecde66d15cb5669,2021-10-30T07:09:09.000Z,sirefef,2,splinterlands,1,2021-10-31T07:09:09.000Z,DEC,29.000,DEC,29.000,29.000,,,,G3-131-NZKK0HSNXC,131,true,400,3
9307581,f4c5df9224e3bcc4de1a097fd81c478bca8d33d8-20,smalp,1,13.313,500,9307581,be8a223325b6ebb9c7c7956580cf1323eb609331,2021-10-30T07:08:42.000Z,sirefef,2,splinterlands,1,2021-10-31T07:08:42.000Z,DEC,13.313,DEC,13.313,13.313,,,,C1-54-QUN3F7LBU8,54,false,1750,1
14411333,ab5c4116e56be464c49231253c199978cfa7f36d-0,platistoteles,1,0.200,500,14411333,06eeaaa67b2bbde789f53a4af3fd818f0d20b602,2021-10-25T23:00:48.000Z,sirefef,2,peakmonsters,1,2021-10-26T23:00:48.000Z,DEC,0.200,DEC,0.200,0.200,,,,C4-171-BHYL90UMNK,171,false,1,4
10089591,2d52caca25ab59ee210f144c6223ebecc3596965-0,apprentice001,1,5.000,500,10089591,eff3e53c42232b2a5e6ab5d908c7a01027b6f0ea,2021-10-25T22:59:15.000Z,sirefef,2,peakmonsters,1,2021-10-26T22:59:15.000Z,DEC,5.000,DEC,5.000,5.000,,,,C-TFI8WOU9SW,14,false,60,0
10189615,f9d777136cdc838dc4e97010b8f0f5fe0d222307-0,rege3,1,10.000,500,10189615,eff3e53c42232b2a5e6ab5d908c7a01027b6f0ea,2021-10-25T22:59:15.000Z,sirefef,2,peakmonsters,1,2021-10-26T22:59:15.000Z,DEC,10.000,DEC,10.000,10.000,,,,C0-18-1Y7231W440,18,false,300,0
16186769,bdc4f75c6626d4f44cc78c375af17f87b033c971-0,imno,1,31.940,500,16186769,a875898dff1fe0d4253241b91971b7ff785e792f,2021-10-25T22:59:03.000Z,sirefef,2,peakmonsters,1,2021-10-26T22:59:03.000Z,DEC,31.940,DEC,31.940,31.940,,,,G4-178-ZDQ948PIHC,178,true,1,4
10632678,e7dfc87f1830f962d5a21e3550aace79313d6065-0,jeremycrow,1,13.000,500,10632678,a875898dff1fe0d4253241b91971b7ff785e792f,2021-10-25T22:59:03.000Z,sirefef,2,peakmonsters,1,2021-10-26T22:59:03.000Z,DEC,13.000,DEC,13.000,13.000,,,,G3-103-64QC3TPODS,103,true,400,3
13948083,dabc9a0ff14009264fe217dffbde1f487610c35c-0,maxwelll,1,9.800,500,13948083,a875898dff1fe0d4253241b91971b7ff785e792f,2021-10-25T22:59:03.000Z,sirefef,2,peakmonsters,1,2021-10-26T22:59:03.000Z,DEC,9.800,DEC,9.800,9.800,,,,G3-91-BMFH2YAB2O,91,true,200,3
17655320,c1aa1ef47dfb457d3d2a205f77115c05d14c3f39-6,aatrox,1,14.750,500,17655320,a875898dff1fe0d4253241b91971b7ff785e792f,2021-10-25T22:59:03.000Z,sirefef,2,peakmonsters,1,2021-10-26T22:59:03.000Z,DEC,14.750,DEC,14.750,14.750,,,,G0-12-80OD3BVW4G,12,true,250,0
17097839,982a076c14e499d136aef41b802f9647929de1a6-2,jayow,1,8.000,500,17097839,016828d2a533ef17ab3ca86d93908d55851207de,2021-10-21T01:00:27.000Z,sirefef,2,peakmonsters,1,2021-10-22T01:00:27.000Z,DEC,8.000,DEC,8.000,8.000,,,,G4-169-8T1W434SUO,169,true,1,4
14330004,a0412814849aff74bc086e65fe1b8ed3ce9abcce-131,vugtis,1,49.800,500,14330004,016828d2a533ef17ab3ca86d93908d55851207de,2021-10-21T01:00:27.000Z,sirefef,2,peakmonsters,1,2021-10-22T01:00:27.000Z,DEC,49.800,DEC,49.800,49.800,,,,G4-178-MDV7V8OP6O,178,true,1,4
12480963,8ad7415e04b4b128c0c6aa002e45f79ac5412444-0,bitcoinportugal,1,11.690,500,12480963,016828d2a533ef17ab3ca86d93908d55851207de,2021-10-21T01:00:27.000Z,sirefef,2,peakmonsters,1,2021-10-22T01:00:27.000Z,DEC,11.690,DEC,11.690,11.690,,,,G3-103-LYG2OYYPPS,103,true,200,3
10015242,ea3e9f6cb0e7e90526e6e6db1c9adc4eb30ea09a-12,goldninja,1,10.000,500,10015242,016828d2a533ef17ab3ca86d93908d55851207de,2021-10-21T01:00:27.000Z,sirefef,2,peakmonsters,1,2021-10-22T01:00:27.000Z,DEC,10.000,DEC,10.000,10.000,,,,G1-14-H9L7DLX8NK,14,true,200,1
9309107,41184f79ef454fd3edea428e3be15320f9cb630c-55,smalp,1,24.386,500,9309107,016828d2a533ef17ab3ca86d93908d55851207de,2021-10-21T01:00:27.000Z,sirefef,2,peakmonsters,1,2021-10-22T01:00:27.000Z,DEC,24.386,DEC,24.386,24.386,,,,G1-18-HBCRYA83JK,18,true,800,1
16234336,3a67bed85cdaee3406620e49dfae4204b1f5bd28-25,abh12345,1,4.750,500,16234336,016828d2a533ef17ab3ca86d93908d55851207de,2021-10-21T01:00:27.000Z,sirefef,2,peakmonsters,1,2021-10-22T01:00:27.000Z,DEC,4.750,DEC,4.750,4.750,,,,G4-171-ARGHXVM7JK,171,true,1,4
11340459,070be21c11d60bb12b59401f9ddb565c99729502-2,lucky-cards,1,60.000,500,11340459,d796c1acf16e483600432c2f7c7e39a00e8b8f6f,2021-10-15T12:59:36.000Z,sirefef,2,splinterlands,1,2021-10-16T12:59:36.000Z,DEC,60.000,DEC,60.000,60.000,,,,G-SCFQAJHKMO,52,true,500,0
9472145,be7182de065364f92e558f4b92c492d855465fb9-33,smalp,1,7.418,500,9472145,f6fbf25a379ec34a9d05d1dfd52c752b325163dd,2021-10-15T12:57:45.000Z,sirefef,2,splinterlands,1,2021-10-16T12:57:45.000Z,DEC,7.418,DEC,7.418,7.418,,,,C4-151-33CJI5TP5S,151,false,60,4
15422175,4f8cc06bb3ccf352a0f8c59ca21858f0ceb06c4c-13,legendarycanary,1,11.950,500,15422175,922f7ef023184034b28ab881874d05c8395a2b27,2021-10-15T10:19:57.000Z,sirefef,2,splinterlands,1,2021-10-16T10:19:57.000Z,DEC,11.950,DEC,11.950,11.950,,,,G4-150-ZIJ1ZK7ROG,150,true,1,4
16081513,c91398f32582cd2b28e968bc297fa8058f516506-6,beesknees,1,4.850,500,16081513,fcbb3e2f1b916322c62c94ff2c2dd98e8a859ad4,2021-10-13T04:00:30.000Z,sirefef,2,peakmonsters,1,2021-10-14T04:00:30.000Z,DEC,4.850,DEC,4.850,4.850,,,,C3-131-Y6G2XMO3Y8,131,false,0,3
10460058,e5e156b4d7cc83a1c8f9c49b95c757bc616984a7-0,vaca4,1,25.000,500,10460058,25dff46457c19f0e6fd7738816338346f3e07853,2021-10-13T04:00:06.000Z,sirefef,2,peakmonsters,1,2021-10-14T04:00:06.000Z,DEC,25.000,DEC,25.000,25.000,,,,C0-18-HRF24P1AU8,18,false,300,0
11761159,a9af617171bcf3c7ed77a1a721537ae53421546a-4,teammonsters,1,27.950,500,11761159,e3f3d9854c1df83e9dc81e0385cc8e4e46d60e2d,2021-10-13T03:59:15.000Z,sirefef,2,peakmonsters,1,2021-10-14T03:59:15.000Z,DEC,27.950,DEC,27.950,27.950,,,,G3-91-T1O0APJCB4,91,true,200,3
11934105,46cbaa19921c1c595603f06c0775f189f26da497-0,philippekiene,1,10.000,500,11934105,c190cb22103089de8d9dffdf006d73f2589f97cf,2021-10-13T03:58:30.000Z,sirefef,2,peakmonsters,1,2021-10-14T03:58:30.000Z,DEC,10.000,DEC,10.000,10.000,,,,G3-103-VS03MLHK3K,103,true,200,3
10310700,0454a0a98fb18a74ef53d3fce99ccbef2ec296c1-0,farm4,1,15.000,500,10310700,ed3fd00fe735c7edd5cd0ebbc7d4cd7f1c160666,2021-10-13T03:57:06.000Z,sirefef,2,peakmonsters,1,2021-10-14T03:57:06.000Z,DEC,15.000,DEC,15.000,15.000,,,,G0-14-AV5EJ0ICGG,14,true,250,0
10681777,7c2f333786f369302a8a6227dc0e4cf99abd3463-0,hatoto,1,4.150,500,10681777,ed3fd00fe735c7edd5cd0ebbc7d4cd7f1c160666,2021-10-13T03:57:06.000Z,sirefef,2,peakmonsters,1,2021-10-14T03:57:06.000Z,DEC,19.900,DEC,19.900,19.900,,,,G1-12-RNIT7C4DW0,12,true,200,1
15869146,80df1aee4ae081bf94f3d68f070a378b6ddef17d-130,viniciotricolor,1,39.950,500,15869146,10222ee97953a2ca2d4ffd2f6a65443f487e328f,2021-10-13T03:56:57.000Z,sirefef,2,peakmonsters,1,2021-10-14T03:56:57.000Z,DEC,39.950,DEC,39.950,39.950,,,,G4-178-3XYRTHLVTS,178,true,1,4
11536280,b67f113f7da2e5dd14a76d1847d029a6a2e8a6ba-20,azircon,1,3.500,500,11536280,e673be3318d4e749d08e9dda4bac411bac3fdfb0,2021-10-07T05:20:21.000Z,sirefef,2,peakmonsters,1,2021-10-08T05:20:21.000Z,DEC,3.500,DEC,3.500,3.500,,,,G4-171-WYUA5MKYSW,171,true,1,4
15501059,ea31f633b41b33a511fc810ded97c3c183b1df1c-2,lucky-cards,1,13.900,500,15501059,fee48e3050afa51e42d6dddced012f349306a46b,2021-10-07T05:19:03.000Z,sirefef,2,peakmonsters,1,2021-10-08T05:19:03.000Z,DEC,13.900,DEC,13.900,13.900,,,,G1-14-XJR33AF1Y8,14,true,200,1
15164657,c497f080ba7360d62910d48bcc2f1f156e3285dc-81,brybro27,1,9.800,500,15164657,fee48e3050afa51e42d6dddced012f349306a46b,2021-10-07T05:19:03.000Z,sirefef,2,peakmonsters,1,2021-10-08T05:19:03.000Z,DEC,9.800,DEC,9.800,9.800,,,,C4-293-FTSCPN2PN4,293,false,1,4
12602767,e3e49b909129e16c80125d3dfe0efe4dd45f966e-4,inspiringquotes,1,14.900,500,12602767,fee48e3050afa51e42d6dddced012f349306a46b,2021-10-07T05:19:03.000Z,sirefef,2,peakmonsters,1,2021-10-08T05:19:03.000Z,DEC,14.900,DEC,14.900,14.900,,,,G3-91-O68LG8KC9C,91,true,200,3
11065669,5c27dbdb8cd5c890b896f7aa4c1a3c2ec7aba8e3-4,lucky-cards,1,29.000,500,11065669,fee48e3050afa51e42d6dddced012f349306a46b,2021-10-07T05:19:03.000Z,sirefef,2,peakmonsters,1,2021-10-08T05:19:03.000Z,DEC,29.000,DEC,29.000,29.000,,,,G1-18-NVVCGGXPI8,18,true,400,1
10600977,350d95884e96566481d7e4f260f753633b490b23-85,namelessnameless,1,9.844,500,10600977,fee48e3050afa51e42d6dddced012f349306a46b,2021-10-07T05:19:03.000Z,sirefef,2,peakmonsters,1,2021-10-08T05:19:03.000Z,DEC,9.844,DEC,9.844,9.844,,,,G3-103-KA9W0XWHWW,103,true,200,3