﻿id,sell_trx_id,seller,num_cards,buy_price,fee_percent,market_item_id,rental_tx,rental_date,renter,status,market_account,rental_days,next_rental_payment,payment_currency,payment_amount,escrow_currency,escrow_amount,paid_amount,cancel_tx,cancel_player,cancel_date,card_id,card_detail_id,gold,xp,edition
15171804,99fc9767dd347749a39e732dfbda08a8853a8524-71,legendarycanary,1,16.450,500,15171804,befa8d07f438bdea976b02f2a2cd6d0a054ff8b1,2021-11-02T05:59:24.000Z,karagany,1,peakmonsters,1,2021-11-03T05:59:24.000Z,DEC,16.450,DEC,16.450,16.450,,,,G3-91-HKX73BZ4SW,91,true,200,3
10188310,b9f22c4e225d3e72926767928a501d5967dc4bab-0,rege5,1,15.000,500,10188310,855cd8678929b8fdacb6793ea61dbefda4579e57,2021-11-02T05:57:18.000Z,karagany,1,peakmonsters,1,2021-11-03T05:57:18.000Z,DEC,15.000,DEC,15.000,15.000,,,,C0-18-269QAZ3UZK,18,false,300,0
16167803,9e841aa3fed95bc06eeb59a7eac71b21918629ce-3,fighter4-freedom,1,8.000,500,16167803,fa2ae0102612550709ba8f6133a6e43b9fc419ab,2021-11-02T05:53:27.000Z,karagany,1,splinterlands,1,2021-11-03T05:53:27.000Z,DEC,8.000,DEC,8.000,8.000,,,,C4-293-C6HZN30VTS,293,false,1,4
18264701,8c7aa6c31673fd9bc0af7935d2ae67378ef7f7e5-134,herons-unlimited,1,26.000,500,18264701,63f8ad3819628c5da2fedb570e0e2fd712d3dd3e,2021-11-02T05:53:03.000Z,karagany,1,splinterlands,1,2021-11-03T05:53:03.000Z,DEC,26.000,DEC,26.000,26.000,,,,G3-131-EOYN4HXSLC,131,true,400,3
10426259,6c94a49150279acb51c5fb9d01e2734d1da74336-0,foggybottom,1,12.335,500,10426259,eea2c60aff6b3d6922758a686be1ac2a826d5d4b,2021-11-02T05:52:57.000Z,karagany,1,splinterlands,1,2021-11-03T05:52:57.000Z,DEC,12.335,DEC,12.335,12.335,,,,G1-14-IYQ71H60VK,14,true,200,1
14330003,a0412814849aff74bc086e65fe1b8ed3ce9abcce-130,vugtis,1,49.800,500,14330003,8130c89911a9550e3a7fd576f1f798a510a73f80,2021-11-02T05:52:24.000Z,karagany,1,splinterlands,1,2021-11-03T05:52:24.000Z,DEC,49.800,DEC,49.800,49.800,,,,G4-178-F0H1YCMNZ4,178,true,1,4
10152136,9919b094c1bb31d373ebaf6624ff56a22ea7b0e1-0,lourdeshd6,1,15.000,500,10152136,a1ccf8215bc90afae7bf15d8f2927ebcde1abbc4,2021-11-02T05:52:03.000Z,karagany,1,splinterlands,1,2021-11-03T05:52:03.000Z,DEC,15.000,DEC,15.000,15.000,,,,G3-103-IDA0L2R100,103,true,200,3
10760914,894ed0ffe6f6385cb52d5fb4a1bca7f9f49fd2b3-0,popsiclezone,1,9.000,500,10760914,6344585995789cb5588ece16cb8533d40f57e08f,2021-11-02T05:51:24.000Z,karagany,1,splinterlands,1,2021-11-03T05:51:24.000Z,DEC,9.000,DEC,9.000,9.000,,,,G4-169-E07TFVRDPS,169,true,1,4
15777833,4a382cab2c53211b03203e70f13308570714c859-0,codebull,1,6.000,500,15777833,0473ea25ee87125aa3955ae4fac7a92e262c26cd,2021-11-02T05:51:15.000Z,karagany,1,splinterlands,1,2021-11-03T05:51:15.000Z,DEC,6.000,DEC,6.000,6.000,,,,G4-171-9KOJ3DQVV4,171,true,1,4
11073988,718104626b2410032d54c58c4831c165e0f9df5a-1,lucky-cards,1,4.700,500,11073988,1149b385c9cce75bc9c1cf8c92487c3774734400,2021-11-02T05:50:57.000Z,karagany,1,splinterlands,1,2021-11-03T05:50:57.000Z,DEC,4.700,DEC,4.700,4.700,,,,G1-12-45SU3KUO00,12,true,200,1
10269637,af2ad218e64425a6dc0640c6eca2135201087a18-6,aatrox,1,12.000,500,10269637,e7ef755ea2c23aed157ea737ce708c5942065de2,2021-10-30T06:46:42.000Z,karagany,2,splinterlands,1,2021-10-31T06:46:42.000Z,DEC,12.000,DEC,12.000,12.000,,,,G0-4-J77ILKVMVK,4,true,250,0
15582854,143e79e2c6f78d2226daf9805aa3347ee0c45b29-0,fighter4-freedom,1,29.000,500,15582854,4c95e6bdc1c93ee2a4f218acb4d39efd1ec90cae,2021-10-30T06:46:15.000Z,karagany,2,splinterlands,1,2021-10-31T06:46:15.000Z,DEC,29.000,DEC,29.000,29.000,,,,G3-131-FF413JAQJ4,131,true,400,3
15582876,143e79e2c6f78d2226daf9805aa3347ee0c45b29-22,fighter4-freedom,1,29.000,500,15582876,59de61373531577876b9d07f869ef1bfa50959ff,2021-10-30T06:43:51.000Z,karagany,2,splinterlands,1,2021-10-31T06:43:51.000Z,DEC,29.000,DEC,29.000,29.000,,,,G3-131-W912HMYHTC,131,true,400,3
9467461,3225a7cefde73bee8402cf58fb1795f8b4ab212c-6,smalp,1,6.904,500,9467461,0f795285f3d995cd006c53c80dec222c1ba4f662,2021-10-30T06:41:00.000Z,karagany,2,splinterlands,1,2021-10-31T06:41:00.000Z,DEC,6.904,DEC,6.904,6.904,,,,C0-1-KPOA4MFECW,1,false,760,0
11523496,592d4beb3fe30220eee56c837c414f4b116b0971-0,smalp,1,29.158,500,11523496,6c1fae18cce6a8687e574ba271b8c49942d332f8,2021-10-30T06:38:12.000Z,karagany,2,splinterlands,1,2021-10-31T06:38:12.000Z,DEC,29.158,DEC,29.158,29.158,,,,C0-25-J9Y72EYUTC,25,false,1560,0
16255099,43b89bfff5386ee19f9779de66b0346945bdaf70-7,lucky-cards,1,40.000,500,16255099,0fae92ca02e4e0ba97a77d43dfd29d2eccd9f89d,2021-10-30T06:37:30.000Z,karagany,2,splinterlands,1,2021-10-31T06:37:30.000Z,DEC,40.000,DEC,40.000,40.000,,,,G1-8-531WUYX57K,8,true,400,1
11059220,8e9acd64d7cd1d0a70bb186c38fc18b2d4e4fa4f-0,fighter4-freedom,1,9.000,500,11059220,d9f62b376de33eaa39ce343ae862d53f43b70122,2021-10-30T06:37:09.000Z,karagany,2,splinterlands,1,2021-10-31T06:37:09.000Z,DEC,9.000,DEC,9.000,9.000,,,,G4-140-70XZBTQXR4,140,true,1,4
15171804,99fc9767dd347749a39e732dfbda08a8853a8524-71,legendarycanary,1,16.450,500,15171804,935cef29dfc25675eeb955389c2ada6fea1fbf79,2021-10-26T02:30:51.000Z,karagany,2,peakmonsters,1,2021-10-27T02:30:51.000Z,DEC,16.450,DEC,16.450,16.450,,,,G3-91-HKX73BZ4SW,91,true,200,3
15778034,433abbd9da232f04e2f4ff792d50d666e6c0216d-0,codebull,1,6.000,500,15778034,695240d2399788a999cd172eae21b06213cbb4f0,2021-10-26T02:30:39.000Z,karagany,2,peakmonsters,1,2021-10-27T02:30:39.000Z,DEC,6.000,DEC,6.000,6.000,,,,G4-171-RNHCKBFXF4,171,true,1,4
16771080,7e250c67e9a8ee76c138928724272980ec9a4ed9-102,uniqn,1,5.950,500,16771080,4b492c01844ea8dce77148e9c5cf1f88d703520a,2021-10-26T02:29:45.000Z,karagany,2,peakmonsters,1,2021-10-27T02:29:45.000Z,DEC,5.950,DEC,5.950,5.950,,,,C4-293-GFZ7RI7R6O,293,false,1,4
10458622,44bc499c2fba66bf9db45fe208285b29c69cc761-6,cyguy,1,8.950,500,10458622,339474fd5c3e4ef74f5ee254b1541f7c1353cb40,2021-10-26T02:29:36.000Z,karagany,2,peakmonsters,1,2021-10-27T02:29:36.000Z,DEC,8.950,DEC,8.950,8.950,,,,G1-12-LMRJA6L2V4,12,true,200,1
17554814,548b7605f9878a1961c17dc408cb985a90c74269-4,olleo,1,11.600,500,17554814,339474fd5c3e4ef74f5ee254b1541f7c1353cb40,2021-10-26T02:29:36.000Z,karagany,2,peakmonsters,1,2021-10-27T02:29:36.000Z,DEC,11.600,DEC,11.600,11.600,,,,G3-103-D1YSHDN4PC,103,true,200,3
15776820,717d786e96f75a28b64a25e1b109a2272595cb56-0,dymaster,1,5.880,500,15776820,307a172b033877945be8428bfe9f52559a75e290,2021-10-17T11:00:36.000Z,karagany,2,peakmonsters,1,2021-10-18T11:00:36.000Z,DEC,5.880,DEC,5.880,5.880,,,,C-FGJ819LAE8,18,false,100,0
14226609,e1cd659092fda59576b479dee77c35bf87c86152-0,calvinishobbes,1,32.774,500,14226609,9942ace741a5b0104415d941cc798ba31358066c,2021-10-17T10:59:36.000Z,karagany,2,peakmonsters,1,2021-10-18T10:59:36.000Z,DEC,32.774,DEC,32.774,32.774,,,,G4-178-547VXENU4W,178,true,1,4
11053911,4dd2dc424aecec94b120715f81b3f8c1ed1a2542-4,lucky-cards,1,4.600,500,11053911,2de30802233c9f020dbd3fa26ac4305cb6354c7a,2021-10-17T10:59:03.000Z,karagany,2,peakmonsters,1,2021-10-18T10:59:03.000Z,DEC,4.600,DEC,4.600,4.600,,,,G1-12-JQM61KQLN4,12,true,200,1
13079879,c2d1c43bbf0319a882367598707715384d74e6a0-31,oligel,1,12.750,500,13079879,9d77d82f262229e3c3bb1a53917b7faab273407c,2021-10-17T08:44:45.000Z,karagany,2,splinterlands,1,2021-10-18T08:44:45.000Z,DEC,12.750,DEC,12.750,12.750,,,,C4-293-ZQ7JG1LPWW,293,false,1,4
11466142,3165c41f4ec92942293be31ccf3fb99b2b8733aa-0,sm-trader,1,5.000,500,11466142,fd0e93bd88f9d378d58be5c95f389d8d20870948,2021-10-17T08:44:03.000Z,karagany,2,splinterlands,1,2021-10-18T08:44:03.000Z,DEC,5.000,DEC,5.000,5.000,,,,G4-169-HOIE2GZ628,169,true,1,4
11463744,d977167ae92fd8b4e5f338fbcf01bb70c2fb1c5b-0,monstergames,1,3.273,500,11463744,afb4aec02705cd09613151e01a2d21ad90db1b7c,2021-10-17T08:43:51.000Z,karagany,2,splinterlands,1,2021-10-18T08:43:51.000Z,DEC,3.273,DEC,3.273,3.273,,,,G4-171-ZI1DL2RP28,171,true,1,4
15333016,8efd0084337233fd23398c5b40972b1a1212faf2-101,legendarycanary,1,25.000,500,15333016,3a4c3ff5f4e6f78f6250dbb0371f6d82232953fc,2021-10-15T11:42:36.000Z,karagany,2,splinterlands,1,2021-10-16T11:42:36.000Z,DEC,25.000,DEC,25.000,25.000,,,,G4-169-1VRX14FJ68,169,true,9,4
10632890,0033a3855b97159c39a833f9216efa4d5c9b8694-38,smalp,1,3.949,500,10632890,a69e8092d51a13e98ec5cd7a0394a90e7efca6b6,2021-10-12T12:44:27.000Z,karagany,2,peakmonsters,1,2021-10-13T12:44:27.000Z,DEC,5.950,DEC,5.950,5.950,,,,C3-131-JX1PS3PPOW,131,false,0,3
15648885,97ff1d0940e277f4955c78f1feb9f7198fdeb7e9-0,axrho,1,4.250,500,15648885,a69e8092d51a13e98ec5cd7a0394a90e7efca6b6,2021-10-12T12:44:27.000Z,karagany,2,peakmonsters,1,2021-10-13T12:44:27.000Z,DEC,9.949,DEC,9.949,9.949,,,,C4-293-J4ZMZ8SUZK,293,false,1,4
15909401,43d825243c8a4252eb9e45b83f2f717bbd0bfc2c-98,moriarty95,1,5.150,500,15909401,9918b2388aaa8d7ea176415151e2bf0d2ba2d592,2021-10-12T12:44:06.000Z,karagany,2,peakmonsters,1,2021-10-13T12:44:06.000Z,DEC,5.150,DEC,5.150,5.150,,,,G4-171-S9SQBAFZB4,171,true,1,4
15207833,ec5ba3b89245f970a9eda83d6a9133a643be3d6d-104,rdkmedia,1,14.423,500,15207833,9918b2388aaa8d7ea176415151e2bf0d2ba2d592,2021-10-12T12:44:06.000Z,karagany,2,peakmonsters,1,2021-10-13T12:44:06.000Z,DEC,14.423,DEC,14.423,14.423,,,,G3-103-H0MHISENZ4,103,true,200,3
15265176,5490bb6cc354e14158e2dab75597c14dd605abf1-14,legendarycanary,1,16.478,500,15265176,af51a9c68e718ccb222ce305ec2dd39072849034,2021-10-07T13:38:54.000Z,karagany,2,peakmonsters,1,2021-10-08T13:38:54.000Z,DEC,16.478,DEC,16.478,16.478,,,,G3-91-GPNOT9F8SG,91,true,200,3
10496917,17300276c49e544fdd620cdc5d2d164ca994eb5a-3,cyguy,1,4.698,500,10496917,75aecc950506947363332933e4d3b87103ff1294,2021-10-07T13:38:15.000Z,karagany,2,peakmonsters,1,2021-10-08T13:38:15.000Z,DEC,4.698,DEC,4.698,4.698,,,,G1-12-P6GA7H1KIO,12,true,200,1
14437810,233752e14f47e265d8e7ee413ee17f79c9c3f8d5-59,deezrentals,1,8.950,500,14437810,75aecc950506947363332933e4d3b87103ff1294,2021-10-07T13:38:15.000Z,karagany,2,peakmonsters,1,2021-10-08T13:38:15.000Z,DEC,8.950,DEC,8.950,8.950,,,,G4-169-KCZ503U0KG,169,true,1,4
12531944,f73db562209cece041dd163c7ca1f3ce4e328d88-0,bitcoinportugal,1,11.800,500,12531944,75aecc950506947363332933e4d3b87103ff1294,2021-10-07T13:38:15.000Z,karagany,2,peakmonsters,1,2021-10-08T13:38:15.000Z,DEC,11.800,DEC,11.800,11.800,,,,G3-103-CXPBMDIPEO,103,true,200,3
14329993,a0412814849aff74bc086e65fe1b8ed3ce9abcce-120,vugtis,1,49.800,500,14329993,75aecc950506947363332933e4d3b87103ff1294,2021-10-07T13:38:15.000Z,karagany,2,peakmonsters,1,2021-10-08T13:38:15.000Z,DEC,49.800,DEC,49.800,49.800,,,,G4-178-0G79412OSW,178,true,1,4
15510905,7de5b9c7d665dea5dcde6baca898b428df6c44e6-0,team-spirit,1,30.000,500,15510905,75aecc950506947363332933e4d3b87103ff1294,2021-10-07T13:38:15.000Z,karagany,2,peakmonsters,1,2021-10-08T13:38:15.000Z,DEC,30.000,DEC,30.000,30.000,,,,G1-18-G75XNHZJKW,18,true,400,1
10010614,e6e72edf2cf03570f875ab3a2e3106652eb18955-2,pladozero,1,14.047,500,10010614,a250e5f0d18787e0f699634fd8f0d82c9eb52d95,2021-10-03T03:06:39.000Z,karagany,2,peakmonsters,1,2021-10-04T03:06:39.000Z,DEC,14.047,DEC,14.047,14.047,,,,G3-91-TU0KZBXJ28,91,true,200,3
12935843,a8ca5f48786e226cbdd36375d0355147f8645c78-0,davemccoy,1,4.190,500,12935843,a250e5f0d18787e0f699634fd8f0d82c9eb52d95,2021-10-03T03:06:39.000Z,karagany,2,peakmonsters,1,2021-10-04T03:06:39.000Z,DEC,4.190,DEC,4.190,4.190,,,,G1-12-T1VXO2FLEO,12,true,200,1
11771258,7997280bd7b04b46624cd7143b3e2d856672657d-0,myfriend,1,19.750,500,11771258,d7d4658be18f02757bf2228424d83471ab47f2ae,2021-10-03T03:06:03.000Z,karagany,2,peakmonsters,1,2021-10-04T03:06:03.000Z,DEC,19.750,DEC,19.750,19.750,,,,G1-18-8AACTW5HOW,18,true,400,1
11102735,26add8f24bc88c45e1b84b258743f86e071e9b40-1,lucky-cards,1,30.000,500,11102735,d7d4658be18f02757bf2228424d83471ab47f2ae,2021-10-03T03:06:03.000Z,karagany,2,peakmonsters,1,2021-10-04T03:06:03.000Z,DEC,30.000,DEC,30.000,30.000,,,,G4-178-QZW0SNSSZ4,178,true,1,4
10426261,6c94a49150279acb51c5fb9d01e2734d1da74336-2,foggybottom,1,12.335,500,10426261,d7d4658be18f02757bf2228424d83471ab47f2ae,2021-10-03T03:06:03.000Z,karagany,2,peakmonsters,1,2021-10-04T03:06:03.000Z,DEC,12.335,DEC,12.335,12.335,,,,G1-14-M1JTLAPCJK,14,true,200,1
14332467,cbaea5bf5a11ec4267ebb91d65edb6d7696df80c-75,themightyvolcano,1,44.850,500,14332467,d7d4658be18f02757bf2228424d83471ab47f2ae,2021-10-03T03:06:03.000Z,karagany,2,peakmonsters,1,2021-10-04T03:06:03.000Z,DEC,44.850,DEC,44.850,44.850,,,,G4-293-TZB4RPDZ7K,293,true,1,4
10600968,350d95884e96566481d7e4f260f753633b490b23-76,namelessnameless,1,9.844,500,10600968,d7d4658be18f02757bf2228424d83471ab47f2ae,2021-10-03T03:06:03.000Z,karagany,2,peakmonsters,1,2021-10-04T03:06:03.000Z,DEC,9.844,DEC,9.844,9.844,,,,G3-103-66YNQCSH5C,103,true,200,3