﻿id,sell_trx_id,seller,num_cards,buy_price,fee_percent,market_item_id,rental_tx,rental_date,renter,status,market_account,rental_days,next_rental_payment,payment_currency,payment_amount,escrow_currency,escrow_amount,paid_amount,cancel_tx,cancel_player,cancel_date,card_id,card_detail_id,gold,xp,edition
18397704,7f1aef9478374376fbcd2ecd3ed81776624e607c-0,pccpkl1990,1,42.900,500,18397704,7f3a7574fc470a194c28055e9f143b60e972d351,2021-10-31T16:20:57.000Z,fierydeath,2,peakmonsters,1,2021-11-01T16:20:57.000Z,DEC,49.300,DEC,49.300,49.300,,,,G4-178-3T67PE3ZJ4,178,true,1,4
10948273,dde0f79bfcb0ce596d911aff25af705cecb6b2fc-1,fatjimmy,1,4.000,500,10948273,223c282897ce5ebf1572e6d254c082f471162457,2021-10-31T16:20:39.000Z,fierydeath,2,peakmonsters,1,2021-11-01T16:20:39.000Z,DEC,4.000,DEC,4.000,4.000,,,,G1-12-4JZVG48NTC,12,true,200,1
10410961,dcda3dc0d24b67fc12682d749f4d28c732585186-0,cyguy,1,12.405,500,10410961,78d9ac694e03400434d505eef2889284da5b3542,2021-10-31T16:20:21.000Z,fierydeath,2,peakmonsters,1,2021-11-01T16:20:21.000Z,DEC,12.405,DEC,12.405,12.405,,,,G0-12-083L5N79JK,12,true,250,0
17336831,5c40862e7cd5c1dfc6310659579e57fb166a1f4f-34,renterlands,1,7.300,500,17336831,b35cb5b4d112d38adaa1aac9d15c0a5bb86653db,2021-10-31T16:19:33.000Z,fierydeath,2,peakmonsters,1,2021-11-01T16:19:33.000Z,DEC,7.300,DEC,7.300,7.300,,,,C-ZSYYVLSTRK,18,false,100,0
10164315,523ea6093443e088f1de2ce6364c61b25f394b66-0,trenyce,1,7.600,500,10164315,64c5e7a67cb2651ce3eab3e5c2becc7d1014968d,2021-10-31T16:19:18.000Z,fierydeath,2,peakmonsters,1,2021-11-01T16:19:18.000Z,DEC,7.600,DEC,7.600,7.600,,,,C4-293-JEEMVS2B0W,293,false,1,4
10154073,77272c96270b770ce5199541e2188c1f8340fa96-6,monsterveritas,1,29.824,500,10154073,5039b06333765452eeb4479c4cc559508968f373,2021-10-31T16:19:12.000Z,fierydeath,2,peakmonsters,1,2021-11-01T16:19:12.000Z,DEC,29.824,DEC,29.824,29.824,,,,G3-131-E9SLKA4TXS,131,true,400,3
13620253,e561eed96af6e572b54b3f9650ee4e085df83f81-3,panda4sale85,1,0.975,500,13620253,8163b4e463f88f040283d9e442b75d7b4d84e24e,2021-10-31T16:19:06.000Z,fierydeath,2,peakmonsters,1,2021-11-01T16:19:06.000Z,DEC,0.975,DEC,0.975,0.975,,,,G4-169-TSB1DTJ4F4,169,true,1,4
17164753,45741b9713f015da297d1a6afad52b507da39bb0-138,slagf,1,15.000,500,17164753,8163b4e463f88f040283d9e442b75d7b4d84e24e,2021-10-31T16:19:06.000Z,fierydeath,2,peakmonsters,1,2021-11-01T16:19:06.000Z,DEC,15.000,DEC,15.000,15.000,,,,G-5XQQ3XZHS0,14,true,250,0
15995620,706a3e731d311d9d2418fb1feef11851a6887148-1,blindinglight,1,13.829,500,15995620,8163b4e463f88f040283d9e442b75d7b4d84e24e,2021-10-31T16:19:06.000Z,fierydeath,2,peakmonsters,1,2021-11-01T16:19:06.000Z,DEC,13.829,DEC,13.829,13.829,,,,G3-103-FYBY5SH0SW,103,true,200,3
10230734,0910cf0c57ca57d81e10f7422b8fe3c257b12b62-5,jeffandhisguitar,1,9.850,500,10230734,8163b4e463f88f040283d9e442b75d7b4d84e24e,2021-10-31T16:19:06.000Z,fierydeath,2,peakmonsters,1,2021-11-01T16:19:06.000Z,DEC,9.850,DEC,9.850,9.850,,,,G3-91-BCYHXLO6VK,91,true,200,3
9494991,b17d12793e498c7a29ea97c09c4465c2011ceb54-36,smalp,1,33.124,500,9494991,68c30e11935a5f4d053a991205125a8fbd6ab656,2021-10-30T09:11:00.000Z,fierydeath,2,splinterlands,1,2021-10-31T09:11:00.000Z,DEC,33.124,DEC,33.124,33.124,,,,G3-131-N6P6YDBVW0,131,true,400,3
17880978,0b045f3651fc11cdb845e9390bddb15ce0948cd4-7,renterlands,1,125.000,500,17880978,332f0ba74c44372c0d57dc74ec43ce1bcce2eb4e,2021-10-30T09:10:03.000Z,fierydeath,2,splinterlands,1,2021-10-31T09:10:03.000Z,DEC,125.000,DEC,125.000,125.000,,,,G3-103-1IKB4DHAGW,103,true,2600,3
11392397,382e778ec9a7a63b1b4ec5dc2415216da9b2b97c-0,fighter4-freedom,1,17.000,500,11392397,0388d33448e8d55a13393ed95862de39cf00cfc2,2021-10-30T09:09:36.000Z,fierydeath,2,splinterlands,1,2021-10-31T09:09:36.000Z,DEC,17.000,DEC,17.000,17.000,,,,G-CVMSE4QIAO,12,true,250,0
10806665,7f2a22286908a811c720d233a8366cb85b0b9c0d-0,healthdear,1,20.000,500,10806665,7b632ba9a823bb41387d5dcb4d129fd3fe0a1b61,2021-10-27T01:34:24.000Z,fierydeath,2,peakmonsters,1,2021-10-28T01:34:24.000Z,DEC,20.000,DEC,20.000,20.000,,,,G3-103-43JOJIQTJ4,103,true,200,3
11253599,d23467bbb7f37c6d9cde7ff35ee3badc14049323-6,grosh,1,23.500,500,11253599,d88c0d1243ae0e683bee9b9392ed45971e8d44e0,2021-10-27T01:30:36.000Z,fierydeath,2,peakmonsters,1,2021-10-28T01:30:36.000Z,DEC,23.500,DEC,23.500,23.500,,,,C-IXB6GJMNHS,18,false,400,0
11517392,e1e8c8f0d928535b645dc6235ca0bc5f0188575c-0,achim03,1,7.700,500,11517392,13c9716f31ffab7a4f6e965c6b98c1778aa2f5e5,2021-10-27T01:30:24.000Z,fierydeath,2,peakmonsters,1,2021-10-28T01:30:24.000Z,DEC,7.700,DEC,7.700,7.700,,,,C4-293-TYKRYNSJCG,293,false,1,4
9556570,d4873a511b497f856228a50c8b571da7e1d5b3b9-0,splintercards,1,21.090,500,9556570,d3b077e0cf45c5ea492a835abab35c7925ce7db7,2021-10-27T01:30:15.000Z,fierydeath,2,peakmonsters,1,2021-10-28T01:30:15.000Z,DEC,21.090,DEC,21.090,21.090,,,,G3-131-TN43T7ICLC,131,true,400,3
15862284,7a7908f054495bd628fa7afab2fbdb5a25b08388-3,fighter4-freedom,1,18.000,500,15862284,d3b077e0cf45c5ea492a835abab35c7925ce7db7,2021-10-27T01:30:15.000Z,fierydeath,2,peakmonsters,1,2021-10-28T01:30:15.000Z,DEC,18.000,DEC,18.000,18.000,,,,G1-14-PO6WOGGUEO,14,true,200,1
17662562,845c0acde40eb9df79f9ba6502914d777e3c5728-25,olleo,1,14.800,500,17662562,d3b077e0cf45c5ea492a835abab35c7925ce7db7,2021-10-27T01:30:15.000Z,fierydeath,2,peakmonsters,1,2021-10-28T01:30:15.000Z,DEC,14.800,DEC,14.800,14.800,,,,G1-12-VY1V5PAEPC,12,true,200,1
15556688,3f21b4c5cefdc54f690fd5c99e2ef5fcf2cc123a-108,masterthematrix,1,13.800,500,15556688,d3b077e0cf45c5ea492a835abab35c7925ce7db7,2021-10-27T01:30:15.000Z,fierydeath,2,peakmonsters,1,2021-10-28T01:30:15.000Z,DEC,13.800,DEC,13.800,13.800,,,,G3-91-Y7FFV42MPS,91,true,200,3
15993898,3ce1e08b9840ade56c3cb60ba04c6be817bc30cb-0,rege4,1,16.000,500,15993898,d48fec34552392cced75c43d9a1b612cf0724ab7,2021-10-22T10:18:51.000Z,fierydeath,2,peakmonsters,1,2021-10-23T10:18:51.000Z,DEC,16.000,DEC,16.000,16.000,,,,G3-91-9J9KTTVARK,91,true,200,3
10384940,74b77654870425b88d02012080d173e3ab06b88f-2,cyguy,1,5.004,500,10384940,e04e787cf2a0da039cf47a60a3be55c8cc9ee016,2021-10-22T10:17:09.000Z,fierydeath,2,peakmonsters,1,2021-10-23T10:17:09.000Z,DEC,5.004,DEC,5.004,5.004,,,,C3-131-1PIFCOFAGG,131,false,0,3
15866194,355ef27045948e5d1762e1edd53fd3845eb1253e-4,fighter4-freedom,1,40.000,500,15866194,699e0a40949d79a9bfe1d409544a9859e05bc831,2021-10-22T10:16:57.000Z,fierydeath,2,peakmonsters,1,2021-10-23T10:16:57.000Z,DEC,40.000,DEC,40.000,40.000,,,,G4-178-OPS5VAOIYO,178,true,1,4
11633581,7800cd8020019366c43e48c197c81e18a8936778-52,bitcoinsig,1,5.100,500,11633581,699e0a40949d79a9bfe1d409544a9859e05bc831,2021-10-22T10:16:57.000Z,fierydeath,2,peakmonsters,1,2021-10-23T10:16:57.000Z,DEC,5.100,DEC,5.100,5.100,,,,G4-171-WJWGBHD8DC,171,true,1,4
11898458,d3bd3f916a6c958ea3a8448f7c88ac70f1e6ed33-2,mercurial9,1,12.235,500,11898458,699e0a40949d79a9bfe1d409544a9859e05bc831,2021-10-22T10:16:57.000Z,fierydeath,2,peakmonsters,1,2021-10-23T10:16:57.000Z,DEC,12.235,DEC,12.235,12.235,,,,G1-14-C8W2T8ZF4W,14,true,200,1
11204217,b3f3f4f7967dfa8779fbd8fde53f75c612ff9bee-48,smalp,1,199.950,500,11204217,fbc5b1bd0bfa04dc87421cf78920514796b631d6,2021-10-14T20:02:39.000Z,fierydeath,2,splinterlands,1,2021-10-15T20:02:39.000Z,DEC,199.950,DEC,199.950,199.950,,,,G-F4DATWJ3OW,3,true,2750,0
13193533,2133f9f8e7bcfda6d4650c740f6c74b20047c648-0,poyim,1,12.000,500,13193533,878f5052094ab93e9311cde64fd1bd9b26f96130,2021-10-13T03:19:48.000Z,fierydeath,2,peakmonsters,1,2021-10-14T03:19:48.000Z,DEC,12.000,DEC,12.000,12.000,,,,C-381CCXVQLC,14,false,60,0
11914778,21521046f7bf3983d7341e88a3f63d7b581b8024-0,reimerlin,1,20.000,500,11914778,978c03fab96e517649a55cbf1a005c550a57300b,2021-10-13T03:19:39.000Z,fierydeath,2,peakmonsters,1,2021-10-14T03:19:39.000Z,DEC,20.000,DEC,20.000,20.000,,,,C-O1BYMA0N0G,18,false,300,0
15909411,43d825243c8a4252eb9e45b83f2f717bbd0bfc2c-108,moriarty95,1,5.150,500,15909411,4fdc69549567ac62527df53b0546111b25c0dc6a,2021-10-13T03:19:03.000Z,fierydeath,2,peakmonsters,1,2021-10-14T03:19:03.000Z,DEC,5.150,DEC,5.150,5.150,,,,G4-171-W9AJKRI74G,171,true,1,4
10718633,43658bd89bb15d98c4a369446e8cedbcc9616eb2-1,pladozero,1,24.950,500,10718633,4fdc69549567ac62527df53b0546111b25c0dc6a,2021-10-13T03:19:03.000Z,fierydeath,2,peakmonsters,1,2021-10-14T03:19:03.000Z,DEC,24.950,DEC,24.950,24.950,,,,G1-12-EKMTEVNNN4,12,true,200,1
10914046,439e17b6d09ef01efd31399eb8adaa1e78ee1b72-0,d-pend,1,12.990,500,10914046,4fdc69549567ac62527df53b0546111b25c0dc6a,2021-10-13T03:19:03.000Z,fierydeath,2,peakmonsters,1,2021-10-14T03:19:03.000Z,DEC,12.990,DEC,12.990,12.990,,,,G3-103-6X3P13S95S,103,true,200,3
11053975,d9170590bad26ee679ebc09e4f173d7350ea720a-6,lucky-cards,1,25.000,500,11053975,2ec39bd726066e8df99d3ca63de406aa27f09a0c,2021-10-04T13:14:54.000Z,fierydeath,2,peakmonsters,1,2021-10-05T13:14:54.000Z,DEC,25.000,DEC,25.000,25.000,,,,G1-18-XJ3ASMNQ0G,18,true,400,1
14294617,ea8ce5a04202c8f532ac32e03881cf0563364e56-0,eush,1,3.815,500,14294617,e862a6a268dddc3899d5e7df9e739499abded9e5,2021-10-04T13:14:33.000Z,fierydeath,2,peakmonsters,1,2021-10-05T13:14:33.000Z,DEC,3.815,DEC,3.815,3.815,,,,G1-12-E46B6LJ040,12,true,200,1
12006811,8d2121d18274f54881b50d896182b1eef1e99c41-0,rentcards,1,17.000,500,12006811,e862a6a268dddc3899d5e7df9e739499abded9e5,2021-10-04T13:14:33.000Z,fierydeath,2,peakmonsters,1,2021-10-05T13:14:33.000Z,DEC,17.000,DEC,17.000,17.000,,,,G1-14-VME9ORYS7K,14,true,200,1
10121164,ecb206a2ae951c667f893331058b8983b34589c0-0,taxationtheft,1,49.900,500,10121164,e862a6a268dddc3899d5e7df9e739499abded9e5,2021-10-04T13:14:33.000Z,fierydeath,2,peakmonsters,1,2021-10-05T13:14:33.000Z,DEC,49.900,DEC,49.900,49.900,,,,G4-293-IPLEJ2FNTS,293,true,1,4
10689930,54acfd38b6f753e75550e8ad39a245442b242209-2,foggybottom,1,15.060,500,10689930,e862a6a268dddc3899d5e7df9e739499abded9e5,2021-10-04T13:14:33.000Z,fierydeath,2,peakmonsters,1,2021-10-05T13:14:33.000Z,DEC,15.060,DEC,15.060,15.060,,,,G3-91-XERYTULRQO,91,true,200,3
10139315,e196df790bdc58073341ee8b1db0305d3a809499-120,andywong,1,9.950,500,10139315,e862a6a268dddc3899d5e7df9e739499abded9e5,2021-10-04T13:14:33.000Z,fierydeath,2,peakmonsters,1,2021-10-05T13:14:33.000Z,DEC,9.950,DEC,9.950,9.950,,,,G3-103-IR5SK7GGQ8,103,true,200,3