﻿id,sell_trx_id,seller,num_cards,buy_price,fee_percent,market_item_id,rental_tx,rental_date,renter,status,market_account,rental_days,next_rental_payment,payment_currency,payment_amount,escrow_currency,escrow_amount,paid_amount,cancel_tx,cancel_player,cancel_date,card_id,card_detail_id,gold,xp,edition
10139315,e196df790bdc58073341ee8b1db0305d3a809499-120,andywong,1,9.950,500,10139315,f99b5634a05faebddf616c3b650002793aa136d0,2021-10-28T15:26:54.000Z,kitakiki,2,peakmonsters,1,2021-10-29T15:26:54.000Z,DEC,9.950,DEC,9.950,9.950,,,,G3-103-IR5SK7GGQ8,103,true,200,3
17327968,1da04492103e567fdfc3946bf5ec81f79e440452-21,unicorndroppingz,1,49.450,500,17327968,f99b5634a05faebddf616c3b650002793aa136d0,2021-10-28T15:26:54.000Z,kitakiki,2,peakmonsters,1,2021-10-29T15:26:54.000Z,DEC,49.450,DEC,49.450,49.450,,,,G4-178-YO7VRFHR34,178,true,1,4
17041312,4ef2f3322b35b59d4aa0ae6e85601fdef5f5af65-3,kobusu,1,7.800,500,17041312,f99b5634a05faebddf616c3b650002793aa136d0,2021-10-28T15:26:54.000Z,kitakiki,2,peakmonsters,1,2021-10-29T15:26:54.000Z,DEC,7.800,DEC,7.800,7.800,,,,G4-169-ZAEV03P80G,169,true,1,4
17277670,baca14b946923e53ee8f4e3564dfec61d2f81857-31,renterlands,1,28.950,500,17277670,f99b5634a05faebddf616c3b650002793aa136d0,2021-10-28T15:26:54.000Z,kitakiki,2,peakmonsters,1,2021-10-29T15:26:54.000Z,DEC,28.950,DEC,28.950,28.950,,,,G3-131-MWCEX9BDTC,131,true,400,3
10697803,926bb8d31e92afafe99dfed3a7f332c8193743ec-0,apprentice001,1,1.960,500,10697803,30338a5d702f8c609112d9d8865d4b7b65a1adba,2021-10-28T15:26:39.000Z,kitakiki,2,peakmonsters,1,2021-10-29T15:26:39.000Z,CREDITS,20.063,DEC,1.960,1.960,,,,C-46TGKH2O8G,12,false,60,0
13818155,587809c0d625a04b485c5f18f946a13f0634f8e7-33,stephen.king989,1,9.950,500,13818155,30338a5d702f8c609112d9d8865d4b7b65a1adba,2021-10-28T15:26:39.000Z,kitakiki,2,peakmonsters,1,2021-10-29T15:26:39.000Z,CREDITS,101.849,DEC,9.950,9.950,,,,C-4SL88QM63K,18,false,400,0
17380931,271b3d1e0562691ca8b915ba0fcad880482c523d-49,renterlands,1,9.950,500,17380931,30338a5d702f8c609112d9d8865d4b7b65a1adba,2021-10-28T15:26:39.000Z,kitakiki,2,peakmonsters,1,2021-10-29T15:26:39.000Z,CREDITS,101.849,DEC,9.950,9.950,,,,C-VBIAFKUS9C,14,false,60,0
17539461,9bec18711f6a49c31526ebfc5084a1246ba2f98d-1,olleo,1,30.900,500,17539461,f79ea13f8b2b87b9a44b225ffc2e9a9ea15ebb45,2021-10-26T02:03:51.000Z,kitakiki,2,peakmonsters,1,2021-10-27T02:03:51.000Z,DEC,30.900,DEC,30.900,30.900,,,,G1-27-GWRLORNVLS,27,true,400,1
9262411,6a50d720c6cb3bfbb96da389ed58e8289dea54ae-115,aatrox,1,12.249,500,9262411,ea18385a61ccb1686ce53b51e7916d65794a0999,2021-10-26T00:51:57.000Z,kitakiki,2,peakmonsters,1,2021-10-27T00:51:57.000Z,CREDITS,137.286,DEC,12.249,12.249,,,,G-XENQUDPXBK,24,true,250,0
10570182,a3dcbdc9ddb96c95919109fbc54fc99edaf35d06-0,costanza,1,5.000,500,10570182,816330df0f9ed53c938126b428f912981c660a1c,2021-10-26T00:50:57.000Z,kitakiki,2,peakmonsters,1,2021-10-27T00:50:57.000Z,DEC,7.400,DEC,7.400,7.400,,,,G4-180-AU5BYO4VWW,180,true,1,4
11532089,a038158e4fd570e927f705204f1b911b1a61750e-2,monstergames,1,11.341,500,11532089,39fd5d24dd0cf72726367c3283a11078a87ac2d5,2021-10-26T00:49:27.000Z,kitakiki,2,peakmonsters,1,2021-10-27T00:49:27.000Z,DEC,11.341,DEC,11.341,11.341,,,,G3-90-BRK1ORILY8,90,true,200,3
15866224,d9814a87cb50e837e706debf8d35f53ac84d6248-24,fighter4-freedom,1,6.500,500,15866224,771db8f6c41193d2b9792d3ab3b7cd5683938d9f,2021-10-26T00:48:42.000Z,kitakiki,2,peakmonsters,1,2021-10-27T00:48:42.000Z,DEC,6.500,DEC,6.500,6.500,,,,G4-179-VPK9G1VMPS,179,true,1,4
15573445,94c4f1b9e7db6ed76b4814108c84d55bcc7e61b1-2,lucky-cards,1,12.600,500,15573445,a4240a1d5dd8fe95195e0380715c562137577d90,2021-10-26T00:48:00.000Z,kitakiki,2,peakmonsters,1,2021-10-27T00:48:00.000Z,DEC,12.600,DEC,12.600,12.600,,,,G3-91-2CTGYEMCE8,91,true,200,3
12136045,8d05e470cb7a0bfbc5a400268b936b5183f14cfa-12,clove71,1,12.900,500,12136045,e08bed3125708620262f53b59d0f38d93253dea6,2021-10-21T03:58:09.000Z,kitakiki,2,peakmonsters,1,2021-10-22T03:58:09.000Z,DEC,12.900,DEC,12.900,12.900,,,,G3-103-KAHD0EE1VK,103,true,200,3
11207738,d4d96809248aef8a5e1f3b2936c24d6677293f4c-104,smalp,1,19.950,500,11207738,19ea5217008ebe3ba73548d130645b6143127f90,2021-10-21T03:56:36.000Z,kitakiki,2,peakmonsters,1,2021-10-22T03:56:36.000Z,CREDITS,264.802,DEC,19.950,19.950,,,,G3-91-BTN2O5M7I8,91,true,200,3
10426262,6c94a49150279acb51c5fb9d01e2734d1da74336-3,foggybottom,1,12.335,500,10426262,d157b964c21417b49e962a4387964d16f9096e04,2021-10-21T03:55:30.000Z,kitakiki,2,peakmonsters,1,2021-10-22T03:55:30.000Z,DEC,12.335,DEC,12.335,12.335,,,,G1-14-P4ACFC2GRK,14,true,200,1
10418509,9cf45b7ca3377468608d944d535489879dc7bb82-0,the10legmulti,1,3.640,500,10418509,d157b964c21417b49e962a4387964d16f9096e04,2021-10-21T03:55:30.000Z,kitakiki,2,peakmonsters,1,2021-10-22T03:55:30.000Z,DEC,3.640,DEC,3.640,3.640,,,,G4-171-44GQX3XOUO,171,true,1,4
11103979,c63d570e92934c31b82f51b1d4fd3a3207ae66ff-0,vettev,1,2.800,500,11103979,8c308b4cff2586103a8e1730b5a745ee73c21eac,2021-10-17T04:23:39.000Z,kitakiki,2,peakmonsters,1,2021-10-18T04:23:39.000Z,CREDITS,39.638,DEC,2.800,2.800,,,,C0-14-O90DSQI0RK,14,false,20,0
15545260,00aac8d16734a2d717fb5044414b292cdbe311b4-0,realbandoleiro,1,3.750,500,15545260,3efa58a853f881cc40a4b62559e551ccf90dd0fc,2021-10-17T04:22:54.000Z,kitakiki,2,peakmonsters,1,2021-10-18T04:22:54.000Z,DEC,3.750,DEC,3.750,3.750,,,,C3-103-5219W2D5C0,103,false,60,3
12049124,bf1b0292abb9941c5d0716377ecc583cc9438625-0,bulldog1205,1,4.000,500,12049124,8ba39c675c6f7676ac6750cc0dfcccdff262d9bf,2021-10-17T04:22:03.000Z,kitakiki,2,peakmonsters,1,2021-10-18T04:22:03.000Z,CREDITS,70.074,DEC,4.950,4.950,,,,C3-131-ZNX72D992O,131,false,0,3
15905535,8d2f8dad82b82d44186840c432d117d6be4c7f05-93,moriarty95,1,10.950,500,15905535,d31203d3999abc5a5784b0a7921d2c5946314c89,2021-10-17T04:21:54.000Z,kitakiki,2,peakmonsters,1,2021-10-18T04:21:54.000Z,DEC,10.950,DEC,10.950,10.950,,,,C4-293-LI24VOW8MO,293,false,1,4
14329999,a0412814849aff74bc086e65fe1b8ed3ce9abcce-126,vugtis,1,49.800,500,14329999,54320c6d6cfb4fb44f43ad413eca0e4f39c0f04c,2021-10-17T04:21:42.000Z,kitakiki,2,peakmonsters,1,2021-10-18T04:21:42.000Z,DEC,49.800,DEC,49.800,49.800,,,,G4-178-7X2PKDBGOW,178,true,1,4
10219444,6238f026caa25443aa0425370bd65818ca91f3c5-0,d-pend,1,25.000,500,10219444,0e2f4ccc5a32feb6de00939b8a29a49616a88c86,2021-10-17T04:21:24.000Z,kitakiki,2,peakmonsters,1,2021-10-18T04:21:24.000Z,CREDITS,353.908,DEC,25.000,25.000,,,,G1-18-JQXBPOT474,18,true,400,1
15676647,bebe1ac672c214195d3f42b08c5b4f72f9618bdc-0,carlospetro,1,0.100,500,15676647,51f524fd9c0eb707ab4fdf7c9122457fc034d4d2,2021-10-14T04:10:24.000Z,kitakiki,2,splinterlands,1,2021-10-15T04:10:24.000Z,DEC,0.100,DEC,0.100,0.100,,,,C3-340-28HIC7ESSW,340,false,5,3
11207791,8241c8e8b4c7491d105c0254ceaab981b9a9a28b-16,smalp,1,34.950,500,11207791,40a3e22d6aef2b84be78bcdcd82ff7beec21ef1d,2021-10-10T14:03:39.000Z,kitakiki,2,peakmonsters,1,2021-10-11T14:03:39.000Z,CREDITS,505.978,DEC,34.950,34.950,,,,G1-18-F83FDANOG0,18,true,400,1
15500980,992a6aef5e0054e5fe86baa398f127cd9fa13595-9,lucky-cards,1,14.600,500,15500980,a4c9476d1847d549e1085525aada0ee9080c67ab,2021-10-10T14:03:12.000Z,kitakiki,2,peakmonsters,1,2021-10-11T14:03:12.000Z,DEC,14.600,DEC,14.600,14.600,,,,G1-14-C6LU6D6K5C,14,true,200,1
11671983,bd91ebc78b8de86efb48e30d4e821ddf2e8463b5-0,oldtimer,1,4.000,500,11671983,b7af6d9208d62e8f5bb0b2f2dc4df12f93fe58f5,2021-10-10T14:03:03.000Z,kitakiki,2,peakmonsters,1,2021-10-11T14:03:03.000Z,DEC,4.000,DEC,4.000,4.000,,,,G4-171-S1DCMRKVZ4,171,true,1,4
15801446,37564e095036a28ffb78be2e4a2cd1c34950c29f-0,moon32walker,1,37.000,500,15801446,79b7d9c3118712534c6036457cfd834034591252,2021-10-10T14:00:21.000Z,kitakiki,2,peakmonsters,1,2021-10-11T14:00:21.000Z,DEC,37.000,DEC,37.000,37.000,,,,G4-178-IMNKPYG3PS,178,true,1,4
14226609,e1cd659092fda59576b479dee77c35bf87c86152-0,calvinishobbes,1,32.774,500,14226609,3d311442c9f7dafa0df068019719deebb6a1522b,2021-10-04T07:19:03.000Z,kitakiki,2,peakmonsters,1,2021-10-05T07:19:03.000Z,CREDITS,328.923,DEC,32.774,32.774,,,,G4-178-547VXENU4W,178,true,1,4
10042453,9323d1481ba63b9a52b4f787a7a5c53460804daf-0,qazaq,1,8.900,500,10042453,3d311442c9f7dafa0df068019719deebb6a1522b,2021-10-04T07:19:03.000Z,kitakiki,2,peakmonsters,1,2021-10-05T07:19:03.000Z,CREDITS,89.321,DEC,8.900,8.900,,,,G3-103-8VGL6K93EO,103,true,200,3
11466142,3165c41f4ec92942293be31ccf3fb99b2b8733aa-0,sm-trader,1,5.000,500,11466142,3d311442c9f7dafa0df068019719deebb6a1522b,2021-10-04T07:19:03.000Z,kitakiki,2,peakmonsters,1,2021-10-05T07:19:03.000Z,CREDITS,50.180,DEC,5.000,5.000,,,,G4-169-HOIE2GZ628,169,true,1,4
10496473,6a5513fd748bfd2670a40a7e386213e99c7076bc-10,aatrox,1,4.200,500,10496473,3d311442c9f7dafa0df068019719deebb6a1522b,2021-10-04T07:19:03.000Z,kitakiki,2,peakmonsters,1,2021-10-05T07:19:03.000Z,CREDITS,42.152,DEC,4.200,4.200,,,,G1-12-IRYYCF9JIO,12,true,200,1