﻿id,sell_trx_id,seller,num_cards,buy_price,fee_percent,market_item_id,rental_tx,rental_date,renter,status,market_account,rental_days,next_rental_payment,payment_currency,payment_amount,escrow_currency,escrow_amount,paid_amount,cancel_tx,cancel_player,cancel_date,card_id,card_detail_id,gold,xp,edition
11204320,1f1328e5047149affa123f1fa114f090a924336b-75,smalp,1,39.900,500,11204320,4f1108a4fe90e83506dc2480696e0bc13a916331,2021-10-30T14:32:00.000Z,lockbit,2,splinterlands,1,2021-10-31T14:32:00.000Z,DEC,39.900,DEC,39.900,39.900,,,,G4-193-WUB0RKPYNK,193,true,9,4
16236152,95f1b4e667ceb84cf8e56f9adb8b08538378abc9-2,otage,1,6.550,500,16236152,a04bd37b6344a3dd281f3428e63924d2532dcee2,2021-10-29T16:26:27.000Z,lockbit,2,peakmonsters,1,2021-10-30T16:26:27.000Z,DEC,7.100,DEC,7.100,7.100,,,,C-20U6QTX4OG,18,false,100,0
10557936,7d529a0d08fc45c0e94ce46a5b286ee9ac1951a5-3,imperij4427,1,8.000,500,10557936,8b7dc0b4b85612d80e36610cbe0c889a00e76fe2,2021-10-29T16:26:15.000Z,lockbit,2,peakmonsters,1,2021-10-30T16:26:15.000Z,DEC,8.000,DEC,8.000,8.000,,,,C4-293-YYKJUNN99S,293,false,1,4
17733213,5d6b612cad4db91b7ab99c5128cc785666a93cdf-37,enminers-vault,1,2.900,500,17733213,fd03c301762f93cbde2076fc5e974cc86e7f9544,2021-10-29T16:26:09.000Z,lockbit,2,peakmonsters,1,2021-10-30T16:26:09.000Z,DEC,2.900,DEC,2.900,2.900,,,,C3-131-DC0XFF3SKW,131,false,0,3
18019263,78230c110f9cbadd0ebd641af23aa4c3e2a0130c-0,wiggl3,1,40.850,500,18019263,37210d4d0d2df6a183addfde83e443b2fe451398,2021-10-29T16:26:03.000Z,lockbit,2,peakmonsters,1,2021-10-30T16:26:03.000Z,DEC,40.850,DEC,40.850,40.850,,,,G4-178-FS57LYMHPC,178,true,1,4
15500993,992a6aef5e0054e5fe86baa398f127cd9fa13595-22,lucky-cards,1,14.500,500,15500993,37210d4d0d2df6a183addfde83e443b2fe451398,2021-10-29T16:26:03.000Z,lockbit,2,peakmonsters,1,2021-10-30T16:26:03.000Z,DEC,14.500,DEC,14.500,14.500,,,,G1-14-XXZGEOA2HS,14,true,200,1
10293084,e8d59c0a52fc4b8db784cb2cabc98a6223bd6e84-0,z3ll,1,9.950,500,10293084,37210d4d0d2df6a183addfde83e443b2fe451398,2021-10-29T16:26:03.000Z,lockbit,2,peakmonsters,1,2021-10-30T16:26:03.000Z,DEC,9.950,DEC,9.950,9.950,,,,G3-103-049J77RFPC,103,true,200,3
17277643,baca14b946923e53ee8f4e3564dfec61d2f81857-4,renterlands,1,9.949,500,17277643,37210d4d0d2df6a183addfde83e443b2fe451398,2021-10-29T16:26:03.000Z,lockbit,2,peakmonsters,1,2021-10-30T16:26:03.000Z,DEC,9.949,DEC,9.949,9.949,,,,G1-12-08VIXEMRA8,12,true,200,1
17920806,18f8cc8770f7f18ef7930f75e7acc0f8e80ceafa-0,rege1,1,15.000,500,17920806,37210d4d0d2df6a183addfde83e443b2fe451398,2021-10-29T16:26:03.000Z,lockbit,2,peakmonsters,1,2021-10-30T16:26:03.000Z,DEC,15.000,DEC,15.000,15.000,,,,G3-91-NNAEKHJJWW,91,true,200,3
10295223,d2979c7bf8bbe030da2551841d138dabe2b073d4-0,gigel1,1,13.000,500,10295223,0298e6e641970ee60b88c5840550f74792d8c5ef,2021-10-25T08:01:03.000Z,lockbit,2,peakmonsters,1,2021-10-26T08:01:03.000Z,DEC,13.000,DEC,13.000,13.000,,,,G3-103-AY599A9968,103,true,200,3
17580767,38335cebbf86bb1c8e069d89b80f26509ba82acc-1,imperij4427,1,2.800,500,17580767,550e6570c8de314a8dc20ba74cd2299ecb238955,2021-10-25T08:00:57.000Z,lockbit,2,peakmonsters,1,2021-10-26T08:00:57.000Z,DEC,5.495,DEC,5.495,5.495,,,,G4-171-QT55QCX21C,171,true,1,4
16248343,1d4a22aae17fb9a3b3d738cec7ee37f162c6e94b-24,doloknight,1,8.800,500,16248343,24bbf9b65a435f5a463ff1e9d538389cac8be3a2,2021-10-25T08:00:18.000Z,lockbit,2,peakmonsters,1,2021-10-26T08:00:18.000Z,DEC,8.800,DEC,8.800,8.800,,,,C4-293-GI4IE28M34,293,false,1,4
12043534,4c4346fbae4b737c8915bd4c615bf12f6049f0c9-6,nathansenn,1,11.950,500,12043534,4ee6600fcb63b930645eee6688f0ae0b70a7482d,2021-10-25T08:00:09.000Z,lockbit,2,peakmonsters,1,2021-10-26T08:00:09.000Z,DEC,11.950,DEC,11.950,11.950,,,,C0-18-IQS78CEA80,18,false,100,0
12427412,b369ca9bf85b4b048feee71d1b818296a6dce4ff-0,farm3,1,15.000,500,12427412,fb623fb84cf678b1a4e9f9f24458daca47d5c0fd,2021-10-25T07:59:51.000Z,lockbit,2,peakmonsters,1,2021-10-26T07:59:51.000Z,DEC,15.000,DEC,15.000,15.000,,,,G1-14-Y4W4QD37FK,14,true,200,1
17580000,91f5043638c0b86001d9657b25a57fee6a14138f-0,trashboat420,1,19.790,500,17580000,fb623fb84cf678b1a4e9f9f24458daca47d5c0fd,2021-10-25T07:59:51.000Z,lockbit,2,peakmonsters,1,2021-10-26T07:59:51.000Z,DEC,19.790,DEC,19.790,19.790,,,,G3-91-45UVEWIYGW,91,true,200,3
11117013,d3f3ae854c43c64d50da6804ac6272d1db9fb24b-0,silentsoularts,1,14.947,500,11117013,ad2c4466caf6308c3f1d38962e4d76606e44ada7,2021-10-20T01:39:33.000Z,lockbit,2,peakmonsters,1,2021-10-21T01:39:33.000Z,DEC,44.947,DEC,44.947,44.947,,,,C-8PBRPZZ3CW,18,false,300,0
11790837,24b99fb10b6f9359ba0bf1e8ff9777afac779583-0,craigt.com,1,19.000,500,11790837,4d0ca663578a4a304959aa97eee59cf5da7ebf9b,2021-10-20T01:38:39.000Z,lockbit,2,peakmonsters,1,2021-10-21T01:38:39.000Z,DEC,19.000,DEC,19.000,19.000,,,,G3-91-YWBWJ01TGW,91,true,200,3
14373855,ea0f74ae13cb14474aabbe063c2e2116923e2075-0,sacred-agent,1,19.888,500,14373855,a9822543ba25446d0295ca99665d578a1248846a,2021-10-20T01:34:00.000Z,lockbit,2,peakmonsters,1,2021-10-21T01:34:00.000Z,DEC,19.888,DEC,19.888,19.888,,,,G1-14-6IPFIBHGZ4,14,true,200,1
10272818,7f7ad0cf6fc72b449598e0334fdf1c50d9973544-0,vaca4,1,12.000,500,10272818,a9822543ba25446d0295ca99665d578a1248846a,2021-10-20T01:34:00.000Z,lockbit,2,peakmonsters,1,2021-10-21T01:34:00.000Z,DEC,12.000,DEC,12.000,12.000,,,,G3-103-0WS6F7C3OW,103,true,200,3
10367713,10a80dbfcbf85e180128e08c4a83b724fccf0d67-0,aatrox,1,66.000,500,10367713,b2e0c22f679ea16578ebf11182b4221769470225,2021-10-15T11:10:57.000Z,lockbit,2,splinterlands,1,2021-10-16T11:10:57.000Z,DEC,66.000,DEC,66.000,66.000,,,,G0-51-OMAHZWZOVK,51,true,500,0
11204767,9e6aa12fc27536e480966698cec6de73bc36af69-14,janoshik,1,5.900,500,11204767,d83b4ff43e268c2f3c854193219a61e048d01668,2021-10-13T12:10:15.000Z,lockbit,2,peakmonsters,1,2021-10-14T12:10:15.000Z,DEC,5.900,DEC,5.900,5.900,,,,C3-131-CJPHVNQUXS,131,false,0,3
15509924,61d048b744ad7c98624ba4c5e0c23b29d7c39906-5,blindinglight,1,7.963,500,15509924,cfa3666a895c822bfcf3b53e97887a9dbba6c5ad,2021-10-13T12:09:48.000Z,lockbit,2,peakmonsters,1,2021-10-14T12:09:48.000Z,DEC,9.850,DEC,9.850,9.850,,,,C4-293-LI1DFN8768,293,false,1,4
15899437,ba69e707be9d74a190de5a400e22f459bad85795-0,elrondaxie,1,19.500,500,15899437,f40d2879b41a0d16dc66c110301e1436106c0021,2021-10-13T12:09:15.000Z,lockbit,2,peakmonsters,1,2021-10-14T12:09:15.000Z,DEC,19.500,DEC,19.500,19.500,,,,C0-14-28JY8N3U4G,14,false,60,0
12504421,190ab5ac86f654b4c77cda611fcec112730f99ec-0,ivansnz,1,5.000,500,12504421,765df55d65aa72d0dffba8d89bde9f3f63a21255,2021-10-13T12:09:12.000Z,lockbit,2,peakmonsters,1,2021-10-14T12:09:12.000Z,DEC,5.000,DEC,5.000,5.000,,,,C-BMRRVYLY00,12,false,60,0
11207745,d4d96809248aef8a5e1f3b2936c24d6677293f4c-111,smalp,1,14.950,500,11207745,70c1a32e3973935e9d64db975306fd5731852c3a,2021-10-13T12:08:45.000Z,lockbit,2,peakmonsters,1,2021-10-14T12:08:45.000Z,DEC,19.950,DEC,19.950,19.950,,,,G3-91-SB3T2R784G,91,true,200,3
11894385,1669735ecca0bf43c6afb0dad5ad0e37dca7e10e-40,ty2nicerva,1,8.850,500,11894385,1871e0275c02b2bcabb6aaba037fdd6696fe48e5,2021-10-08T08:13:00.000Z,lockbit,2,peakmonsters,1,2021-10-09T08:13:00.000Z,DEC,8.850,DEC,8.850,8.850,,,,G3-91-QEAC3LTHFK,91,true,200,3
15500989,992a6aef5e0054e5fe86baa398f127cd9fa13595-18,lucky-cards,1,14.300,500,15500989,9dbad0686d2a5c0d67f0b8e36ebd69924158e2dd,2021-10-08T08:12:09.000Z,lockbit,2,peakmonsters,1,2021-10-09T08:12:09.000Z,DEC,14.300,DEC,14.300,14.300,,,,G1-14-VHG5NTMHJK,14,true,200,1
11207790,8241c8e8b4c7491d105c0254ceaab981b9a9a28b-15,smalp,1,34.950,500,11207790,9dbad0686d2a5c0d67f0b8e36ebd69924158e2dd,2021-10-08T08:12:09.000Z,lockbit,2,peakmonsters,1,2021-10-09T08:12:09.000Z,DEC,34.950,DEC,34.950,34.950,,,,G1-18-A74BCYUIW0,18,true,400,1
15301266,227e405b15560d6287f8e7f30b76e0381ba533bb-30,wargames,1,3.400,500,15301266,9dbad0686d2a5c0d67f0b8e36ebd69924158e2dd,2021-10-08T08:12:09.000Z,lockbit,2,peakmonsters,1,2021-10-09T08:12:09.000Z,DEC,3.400,DEC,3.400,3.400,,,,G4-171-U6QFM9IDC0,171,true,1,4