﻿id,sell_trx_id,seller,num_cards,buy_price,fee_percent,market_item_id,rental_tx,rental_date,renter,status,market_account,rental_days,next_rental_payment,payment_currency,payment_amount,escrow_currency,escrow_amount,paid_amount,cancel_tx,cancel_player,cancel_date,card_id,card_detail_id,gold,xp,edition
18428205,8837b1fefc8f38be46907b5eff3cd35ce2c586a6-1,splintermule,1,14.950,500,18428205,312849b8d76e2e859667eaffe3704a3c030b8654,2021-11-02T05:56:33.000Z,sunburst,1,peakmonsters,1,2021-11-03T05:56:33.000Z,DEC,14.950,DEC,14.950,14.950,,,,C-0XMJ3Z7Y1S,18,false,300,0
16167769,3c86a274695bd77ffef4c8e832a218f20c76d00c-5,fighter4-freedom,1,10.000,500,16167769,591b7cf1baf828fc5861cca88bd132d1ac3c65b0,2021-11-02T05:48:24.000Z,sunburst,1,splinterlands,1,2021-11-03T05:48:24.000Z,DEC,10.000,DEC,10.000,10.000,,,,C4-293-2NL9P03NRK,293,false,1,4
18264600,8c7aa6c31673fd9bc0af7935d2ae67378ef7f7e5-33,herons-unlimited,1,26.000,500,18264600,0a69ef7f5911d6badb3bb45450848ab3729e56f8,2021-11-02T05:48:03.000Z,sunburst,1,splinterlands,1,2021-11-03T05:48:03.000Z,DEC,26.000,DEC,26.000,26.000,,,,G3-131-NXK5HVPK1S,131,true,400,3
10332225,f2b73d821099eea1817899b07e75f221c1489845-5,fighter4-freedom,1,17.000,500,10332225,beafa3670c8fe977902361acfcb810eb09c84f17,2021-11-02T05:48:00.000Z,sunburst,1,splinterlands,1,2021-11-03T05:48:00.000Z,DEC,17.000,DEC,17.000,17.000,,,,G1-14-PXVRBT9O4W,14,true,200,1
14329997,a0412814849aff74bc086e65fe1b8ed3ce9abcce-124,vugtis,1,49.800,500,14329997,c71ff20d044fab570c25e988ae2e95a1b75fc8c0,2021-11-02T05:47:39.000Z,sunburst,1,splinterlands,1,2021-11-03T05:47:39.000Z,DEC,49.800,DEC,49.800,49.800,,,,G4-178-79Z0OTGO5C,178,true,1,4
14378532,0eac15e6f14a882996dda593f9a0212e4374f054-0,sacred-agent,1,16.577,500,14378532,df5b81a2b255f1c0aebf94db18b5bc9ff6f57df2,2021-11-02T05:47:30.000Z,sunburst,1,splinterlands,1,2021-11-03T05:47:30.000Z,DEC,16.577,DEC,16.577,16.577,,,,G3-91-0TDWTQTQ5S,91,true,200,3
12216226,ceed98f3bacf5e271b4c2eac668c94d275108b53-0,bitcoinportugal,1,12.440,500,12216226,c533e6195f040b005d56ae80737e614773e91c34,2021-11-02T05:47:21.000Z,sunburst,1,splinterlands,1,2021-11-03T05:47:21.000Z,DEC,12.440,DEC,12.440,12.440,,,,G3-103-YQ5RCYCDJ4,103,true,200,3
17243404,9547758fe1145144b5310ce83c9185f2f1a19fa8-0,calvinishobbes,1,8.200,500,17243404,6c9b9f93b17d993ccfd3631b4dfbe82a711f88dd,2021-11-02T05:47:09.000Z,sunburst,1,splinterlands,1,2021-11-03T05:47:09.000Z,DEC,8.200,DEC,8.200,8.200,,,,G4-169-0MX1H2M4LS,169,true,1,4
16148659,dd600542721fd5131293f33cfbbf7ada2dc577f5-43,bigbluebananas,1,3.640,500,16148659,353ccbb5790f92f1d9d4ae356e00ed99b66e0ca4,2021-11-02T05:47:03.000Z,sunburst,1,splinterlands,1,2021-11-03T05:47:03.000Z,DEC,3.640,DEC,3.640,3.640,,,,G4-171-C064U2CSKG,171,true,1,4
12208865,56cc3fe76c2b29d3ff6c7fae7c01f798b921851f-42,auminda,1,4.548,500,12208865,82b9d81677b71d33d82cfd9cd2396599ee524e1f,2021-11-02T05:45:24.000Z,sunburst,1,peakmonsters,1,2021-11-03T05:45:24.000Z,DEC,4.548,DEC,4.548,4.548,,,,G1-12-YED78FGZ68,12,true,200,1
9307950,10c9d8c3744e1b8a3e9bfe2cc723fcb11bf15b6a-45,smalp,1,99.900,500,9307950,bf0ea36f0b3928f4fcb23b0bf0ca0f26106e3a7f,2021-10-30T05:47:21.000Z,sunburst,2,splinterlands,1,2021-10-31T05:47:21.000Z,DEC,99.900,DEC,99.900,99.900,,,,C3-82-GNKTOLM27K,82,false,7500,3
15864964,7439da2746de1b99796e0bb1f2a56cee458f566a-22,fighter4-freedom,1,14.000,500,15864964,be8f7042161758a67063900145366aa36d17ff2d,2021-10-30T05:46:00.000Z,sunburst,2,splinterlands,1,2021-10-31T05:46:00.000Z,DEC,14.000,DEC,14.000,14.000,,,,G2-120-M7XQHJYAQO,120,true,200,2
14410855,828177d33a55093139bd63e2e1dc87ba61b6a3a2-0,platistoteles,1,0.200,500,14410855,df480841189247cedc786dd78212ca69107fbbce,2021-10-25T15:26:36.000Z,sunburst,2,peakmonsters,1,2021-10-26T15:26:36.000Z,DEC,0.200,DEC,0.200,0.200,,,,C4-171-5F8WFPNPS0,171,false,1,4
14433164,9fc2574bf2a744a74975b25a17e80aa954ae9365-0,sacred-agent,1,19.849,500,14433164,8eb1ea172b31d7d3d23af6bfb3c5008a590f0548,2021-10-25T15:26:27.000Z,sunburst,2,peakmonsters,1,2021-10-26T15:26:27.000Z,DEC,19.849,DEC,19.849,19.849,,,,G3-91-CUHNJEPF5C,91,true,200,3
16823728,75db4597d79246dfafa9b22c29223f10088fb429-0,tiffin,1,18.000,500,16823728,9e4864cd2eeb0eb216157169c695e3d27fbb13aa,2021-10-25T15:25:51.000Z,sunburst,2,peakmonsters,1,2021-10-26T15:25:51.000Z,DEC,20.000,DEC,20.000,20.000,,,,G1-14-6H9OB6GP8G,14,true,200,1
13758997,dbf93a3735f0970c6b28529905aff87647548d25-0,panda4sale85,1,13.000,500,13758997,128cc504ce2ac858cc88729ac713c01e51672b37,2021-10-25T15:25:18.000Z,sunburst,2,peakmonsters,1,2021-10-26T15:25:18.000Z,DEC,13.000,DEC,13.000,13.000,,,,C0-18-EOH4LN5P28,18,false,200,0
10311723,2df8e1c42f97bed134242260af3fffbb30ae662e-0,pi1,1,14.000,500,10311723,40d56c13d1f55d6eecef0d0a6684dfaf1c33b61d,2021-10-25T15:25:09.000Z,sunburst,2,peakmonsters,1,2021-10-26T15:25:09.000Z,DEC,14.000,DEC,14.000,14.000,,,,G3-103-OBLZW6TLSG,103,true,200,3
11558607,70a549707c56f85edd441c6d23dbd1d2cfd78869-0,digitspin,1,41.000,500,11558607,40d56c13d1f55d6eecef0d0a6684dfaf1c33b61d,2021-10-25T15:25:09.000Z,sunburst,2,peakmonsters,1,2021-10-26T15:25:09.000Z,DEC,41.000,DEC,41.000,41.000,,,,G4-178-S5DG1ORYO0,178,true,1,4
10134088,5c3c5337a09f4ccd31aaff94daa0b3257178236b-0,ikrah,1,28.000,500,10134088,40d56c13d1f55d6eecef0d0a6684dfaf1c33b61d,2021-10-25T15:25:09.000Z,sunburst,2,peakmonsters,1,2021-10-26T15:25:09.000Z,DEC,28.000,DEC,28.000,28.000,,,,G3-131-EQG6DDTNPS,131,true,400,3
17583210,4cff1af2c31660fdbc2541eeac59882c33cd8044-35,aatrox,1,16.902,500,17583210,ffad18146c5717c8af63424e659acb6e45ddb269,2021-10-25T15:24:57.000Z,sunburst,2,peakmonsters,1,2021-10-26T15:24:57.000Z,DEC,16.902,DEC,16.902,16.902,,,,G0-12-KC055XLY9C,12,true,250,0
17382006,5b8758b55cb4a9491df51c7efdff6b6697d2d803-124,renterlands,1,2.500,500,17382006,ffad18146c5717c8af63424e659acb6e45ddb269,2021-10-25T15:24:57.000Z,sunburst,2,peakmonsters,1,2021-10-26T15:24:57.000Z,DEC,7.950,DEC,7.950,7.950,,,,G4-169-38GMHAAH0G,169,true,1,4
11914778,21521046f7bf3983d7341e88a3f63d7b581b8024-0,reimerlin,1,20.000,500,11914778,ef9b482c62e1bda98771dea08867516eaee90626,2021-10-21T00:24:36.000Z,sunburst,2,peakmonsters,1,2021-10-22T00:24:36.000Z,DEC,20.000,DEC,20.000,20.000,,,,C-O1BYMA0N0G,18,false,300,0
10152136,9919b094c1bb31d373ebaf6624ff56a22ea7b0e1-0,lourdeshd6,1,15.000,500,10152136,858019500100ef8eb8a577e3769cc3cda9bab460,2021-10-21T00:22:30.000Z,sunburst,2,splinterlands,1,2021-10-22T00:22:30.000Z,DEC,15.000,DEC,15.000,15.000,,,,G3-103-IDA0L2R100,103,true,200,3
10900475,9906d297e9df68f5b7742f31d856574ce547a5db-2,grosh,1,8.420,500,10900475,45ebefd9a4a0cc21b8fc616a3afa35b730b45145,2021-10-21T00:14:36.000Z,sunburst,2,splinterlands,1,2021-10-22T00:14:36.000Z,DEC,8.420,DEC,8.420,8.420,,,,C-MYWG7B15G0,12,false,460,0
16167768,3c86a274695bd77ffef4c8e832a218f20c76d00c-4,fighter4-freedom,1,10.000,500,16167768,b032435a2ce009cd0fc7e97d14c96c5f0eecc932,2021-10-21T00:14:12.000Z,sunburst,2,splinterlands,1,2021-10-22T00:14:12.000Z,DEC,10.000,DEC,10.000,10.000,,,,C4-293-2FJ3NHDJC0,293,false,1,4
12203660,8e94840b5191077df8223b32a7a74e2d2851a32e-79,faceb,1,16.528,500,12203660,d2f409dfaffa789d46b8e17f3bd30ce0eabf73c2,2021-10-21T00:13:00.000Z,sunburst,2,splinterlands,1,2021-10-22T00:13:00.000Z,DEC,16.528,DEC,16.528,16.528,,,,G3-91-FTSAUC2ZTS,91,true,200,3
15777833,4a382cab2c53211b03203e70f13308570714c859-0,codebull,1,6.000,500,15777833,c52bf27750c6fe5a5594415280e926f21e8cd1df,2021-10-21T00:09:12.000Z,sunburst,2,splinterlands,1,2021-10-22T00:09:12.000Z,DEC,6.000,DEC,6.000,6.000,,,,G4-171-9KOJ3DQVV4,171,true,1,4
14329995,a0412814849aff74bc086e65fe1b8ed3ce9abcce-122,vugtis,1,49.800,500,14329995,b27b3e10b9d50912d8cfaeae517e178a25336758,2021-10-21T00:07:30.000Z,sunburst,2,splinterlands,1,2021-10-22T00:07:30.000Z,DEC,49.800,DEC,49.800,49.800,,,,G4-178-4FOLGEBGXS,178,true,1,4
10543975,ca76bc2183b310140fb0fb5a71920e5724b7cc74-0,sonniwins,1,24.800,500,10543975,221c5ae120cf5dce6528af72f408fa5f8e28556d,2021-10-13T00:34:30.000Z,sunburst,2,peakmonsters,1,2021-10-14T00:34:30.000Z,DEC,24.800,DEC,24.800,24.800,,,,G1-18-K4X3UA8U0G,18,true,400,1
9494980,b17d12793e498c7a29ea97c09c4465c2011ceb54-25,smalp,1,31.341,500,9494980,221c5ae120cf5dce6528af72f408fa5f8e28556d,2021-10-13T00:34:30.000Z,sunburst,2,peakmonsters,1,2021-10-14T00:34:30.000Z,DEC,31.341,DEC,31.341,31.341,,,,G3-131-AOD340QPKW,131,true,400,3
9893814,d2768948db1e1866ba8682251178c0992278511a-4,masterthematrix,1,7.900,500,9893814,221c5ae120cf5dce6528af72f408fa5f8e28556d,2021-10-13T00:34:30.000Z,sunburst,2,peakmonsters,1,2021-10-14T00:34:30.000Z,DEC,7.900,DEC,7.900,7.900,,,,G3-103-W0T8X62FOW,103,true,200,3
10131952,dac4b1c013d67580e3d096ff00bdf3be445fdf50-0,allani545,1,10.000,500,10131952,221c5ae120cf5dce6528af72f408fa5f8e28556d,2021-10-13T00:34:30.000Z,sunburst,2,peakmonsters,1,2021-10-14T00:34:30.000Z,DEC,10.000,DEC,10.000,10.000,,,,G1-14-6WN05OUK3K,14,true,200,1
10367436,d97af5301887fab7ec0a86c60d74b4f6aedf1eb0-42,the10legmulti,1,3.690,500,10367436,221c5ae120cf5dce6528af72f408fa5f8e28556d,2021-10-13T00:34:30.000Z,sunburst,2,peakmonsters,1,2021-10-14T00:34:30.000Z,DEC,3.690,DEC,3.690,3.690,,,,G4-171-MG7KZSQFGG,171,true,1,4
15436398,6885905bd4ea3fe608d932e74b8cbae94676b10c-12,fighter4-freedom,1,9.700,500,15436398,4c6a4c67cc8d70b1382ef0da3ae6f420cfdbf3cf,2021-10-10T14:27:21.000Z,sunburst,2,peakmonsters,1,2021-10-11T14:27:21.000Z,DEC,9.700,DEC,9.700,9.700,,,,G1-1-HPEE3S9XZ4,1,true,200,1
10579685,b09c29b721c78178b2b225343eb0b06447529729-3,itsnotmyfault,1,2.737,500,10579685,0207679b59377e2b78a1615268c4f44d318d5e0c,2021-10-10T14:14:42.000Z,sunburst,2,peakmonsters,1,2021-10-11T14:14:42.000Z,DEC,2.737,DEC,2.737,2.737,,,,G3-227-P1TL4VB6B4,227,true,1,3
11606218,cdfdd65daae3391d2ffb38d24af3ecd3b26c135c-0,sharkmonsters,1,26.311,500,11606218,15ed43d1b971300e247a5fcc5cd4cbfae2125f2e,2021-10-10T14:13:45.000Z,sunburst,2,peakmonsters,1,2021-10-11T14:13:45.000Z,DEC,26.311,DEC,26.311,26.311,,,,G4-195-MLH64EWZ2O,195,true,2,4
10154067,77272c96270b770ce5199541e2188c1f8340fa96-0,monsterveritas,1,29.824,500,10154067,15ed43d1b971300e247a5fcc5cd4cbfae2125f2e,2021-10-10T14:13:45.000Z,sunburst,2,peakmonsters,1,2021-10-11T14:13:45.000Z,DEC,29.824,DEC,29.824,29.824,,,,G3-131-36FP1LBL5S,131,true,400,3
10332726,d39ab1244c68ea5b9e0f6c53e136af158bfde935-0,fighter4-freedom,1,20.000,500,10332726,71dfe41649fd71c0d803e20910ac20f0b3a6d3ec,2021-10-10T14:12:18.000Z,sunburst,2,peakmonsters,1,2021-10-11T14:12:18.000Z,DEC,20.000,DEC,20.000,20.000,,,,G1-65-66UNG9OBU8,65,true,400,1
15404069,9a683e89924f539eb2e446d1cff1e33f534d5f09-0,tj70903,1,25.000,500,15404069,27eda10766f47d06946c0379d3e1ff263ba7011d,2021-10-10T14:11:30.000Z,sunburst,2,peakmonsters,1,2021-10-11T14:11:30.000Z,DEC,25.000,DEC,25.000,25.000,,,,G3-104-4TS2AZN71S,104,true,400,3
10496482,6a5513fd748bfd2670a40a7e386213e99c7076bc-19,aatrox,1,4.200,500,10496482,fb2e9cc58a959d2ced111495b73cb5befade69a8,2021-10-04T15:49:18.000Z,sunburst,2,peakmonsters,1,2021-10-05T15:49:18.000Z,DEC,4.200,DEC,4.200,4.200,,,,G1-12-X46Q64HCE8,12,true,200,1
11078910,c1696edeb11bc59a421f753e899c409cb1eb1146-125,nateaguila,1,2.306,500,11078910,8ad1a56545684ad221eed15a3921d8166affc877,2021-10-04T15:48:51.000Z,sunburst,2,peakmonsters,1,2021-10-05T15:48:51.000Z,DEC,2.306,DEC,2.306,2.306,,,,G4-171-UA0WYFYSUO,171,true,1,4
10536061,8ff3acbe77740031634e510c886d7297256bb142-1,goldninja,1,10.950,500,10536061,8ad1a56545684ad221eed15a3921d8166affc877,2021-10-04T15:48:51.000Z,sunburst,2,peakmonsters,1,2021-10-05T15:48:51.000Z,DEC,10.950,DEC,10.950,10.950,,,,G3-103-KQEN55F3OW,103,true,200,3
9309101,41184f79ef454fd3edea428e3be15320f9cb630c-49,smalp,1,24.386,500,9309101,8ad1a56545684ad221eed15a3921d8166affc877,2021-10-04T15:48:51.000Z,sunburst,2,peakmonsters,1,2021-10-05T15:48:51.000Z,DEC,24.386,DEC,24.386,24.386,,,,G1-18-0RN9NSX81S,18,true,800,1