﻿id,sell_trx_id,seller,num_cards,buy_price,fee_percent,market_item_id,rental_tx,rental_date,renter,status,market_account,rental_days,next_rental_payment,payment_currency,payment_amount,escrow_currency,escrow_amount,paid_amount,cancel_tx,cancel_player,cancel_date,card_id,card_detail_id,gold,xp,edition
15527748,681b0a32a8055f2d97abd34c1c422fbb02789f72-15,legendarycanary,1,75.000,500,15527748,eebea58ffbfc276dc3a05552e35dc5e49b75811a,2021-10-30T05:33:45.000Z,gamarue,2,splinterlands,1,2021-10-31T05:33:45.000Z,DEC,75.000,DEC,75.000,75.000,,,,C3-241-5GPFWQRVR4,241,false,46,3
15499869,290ade2f083af73738dcc955a4d078c7d0bca178-20,lucky-cards,1,34.000,500,15499869,2be46b519325ca0a957457ebd1a9f12822cf3e2c,2021-10-30T05:33:00.000Z,gamarue,2,splinterlands,1,2021-10-31T05:33:00.000Z,DEC,34.000,DEC,34.000,34.000,,,,G1-52-T9MN7OJ6GW,52,true,400,1
17165501,c7f04d35c9d6fd1891b8ab2ecbeacbc37be40a43-129,slbgf,1,15.000,500,17165501,e0bd453523c6328b4696c572989db15ce932e4d6,2021-10-30T05:30:27.000Z,gamarue,2,splinterlands,1,2021-10-31T05:30:27.000Z,DEC,15.000,DEC,15.000,15.000,,,,G1-47-JBGZ0O2X0G,47,true,400,1
9472506,f2f88fc5d0fdc3c55172f48687b772b6dbbc461b-6,smalp,1,13.396,500,9472506,f86f3f5440bb936abedb71b9ab17685cdd97f304,2021-10-30T05:29:33.000Z,gamarue,2,splinterlands,1,2021-10-31T05:29:33.000Z,DEC,13.396,DEC,13.396,13.396,,,,C1-17-054YU93V9C,17,false,1500,1
12028560,82be293b7c9d895f7f7ee7a691a91b671708d204-1,jeffandhisguitar,1,9.900,500,12028560,8ab1c1bb1b0a2a84a9e70e42285da43d47f8bc74,2021-10-30T05:28:57.000Z,gamarue,2,splinterlands,1,2021-10-31T05:28:57.000Z,DEC,9.900,DEC,9.900,9.900,,,,C1-65-51CO4PZQ5S,65,false,2550,1
17874755,f33dc36133e7f953434c0aee5b0f8571d8ac0ca8-96,didyourmom,1,0.100,500,17874755,7e84d3aace72455196017e974818c25642b050c3,2021-10-29T00:59:36.000Z,gamarue,2,peakmonsters,1,2021-10-30T00:59:36.000Z,DEC,0.100,DEC,0.100,0.100,,,,C4-171-WS2H01WRO0,171,false,1,4
15233039,dd7270d5048ac549bf5c9c5a4eebe62d254f3c2a-123,zakludick,1,7.300,500,15233039,f488a7cbb4f17a5d1835c6977b2514e6cfb91f72,2021-10-29T00:58:42.000Z,gamarue,2,peakmonsters,1,2021-10-30T00:58:42.000Z,DEC,7.400,DEC,7.400,7.400,,,,C-IPF1D332KG,18,false,100,0
15171268,43f851b423e92f434bb67774ec1a7250471820c9-1,beesknees,1,6.517,500,15171268,52843ab870b4db0bc221fd376fab6ca02f841108,2021-10-29T00:58:30.000Z,gamarue,2,peakmonsters,1,2021-10-30T00:58:30.000Z,DEC,6.517,DEC,6.517,6.517,,,,C4-293-22EB8UH4DS,293,false,1,4
17538861,c67bd075e6074505092148247209b89e76957464-16,olleo,1,4.100,500,17538861,37c40279ff4596513802cd38cdeb80a71c7eec2c,2021-10-29T00:58:24.000Z,gamarue,2,peakmonsters,1,2021-10-30T00:58:24.000Z,DEC,4.100,DEC,4.100,4.100,,,,C3-131-LBR0GFZNC0,131,false,0,3
17949701,052fe7aa661cb47ec39b1238259ecdd9fd68167c-0,banner8888,1,40.000,500,17949701,a438e640d58b91ab24b7938729269628b5cc2fae,2021-10-29T00:58:15.000Z,gamarue,2,peakmonsters,1,2021-10-30T00:58:15.000Z,DEC,40.000,DEC,40.000,40.000,,,,G4-178-9CLCAFNSV4,178,true,1,4
17877792,dfa7217033c8b7e6ca05731710ef46c15b7e1333-7,rdkmedia,1,14.900,500,17877792,a438e640d58b91ab24b7938729269628b5cc2fae,2021-10-29T00:58:15.000Z,gamarue,2,peakmonsters,1,2021-10-30T00:58:15.000Z,DEC,14.900,DEC,14.900,14.900,,,,G3-91-UJPIO7REIO,91,true,200,3
17165680,ea9b7661f610d62373553953353ed04c84093320-25,slbgf,1,15.000,500,17165680,a438e640d58b91ab24b7938729269628b5cc2fae,2021-10-29T00:58:15.000Z,gamarue,2,peakmonsters,1,2021-10-30T00:58:15.000Z,DEC,15.000,DEC,15.000,15.000,,,,G1-12-BJEZ7XWPC0,12,true,400,1
15939900,26dde204491808e2436bcb89ff920ca304d89255-2,blindinglight,1,12.672,500,15939900,a438e640d58b91ab24b7938729269628b5cc2fae,2021-10-29T00:58:15.000Z,gamarue,2,peakmonsters,1,2021-10-30T00:58:15.000Z,DEC,12.672,DEC,12.672,12.672,,,,G3-103-JBDQ6B5DVK,103,true,200,3
10543645,b619a20ca7355ef264e4a634cc9069810de0fb7b-0,sonniwins,1,9.950,500,10543645,a438e640d58b91ab24b7938729269628b5cc2fae,2021-10-29T00:58:15.000Z,gamarue,2,peakmonsters,1,2021-10-30T00:58:15.000Z,DEC,9.950,DEC,9.950,9.950,,,,G1-14-PFWW0JOSIO,14,true,200,1
15776820,717d786e96f75a28b64a25e1b109a2272595cb56-0,dymaster,1,5.880,500,15776820,ed09e8f42fdbad4edcf98c2848b6e1bc8ede72bf,2021-10-23T22:25:12.000Z,gamarue,2,peakmonsters,1,2021-10-24T22:25:12.000Z,DEC,5.880,DEC,5.880,5.880,,,,C-FGJ819LAE8,18,false,100,0
15909402,43d825243c8a4252eb9e45b83f2f717bbd0bfc2c-99,moriarty95,1,5.150,500,15909402,cc92b223a4e84d676be444e98cc1e4b1c19ab3b1,2021-10-23T22:24:51.000Z,gamarue,2,peakmonsters,1,2021-10-24T22:24:51.000Z,DEC,5.150,DEC,5.150,5.150,,,,G4-171-SAO0C0HNYO,171,true,1,4
16415108,1ff2b5df9893676eb4695fe991928333bf1ecf83-68,haedan,1,19.950,500,16415108,cc92b223a4e84d676be444e98cc1e4b1c19ab3b1,2021-10-23T22:24:51.000Z,gamarue,2,peakmonsters,1,2021-10-24T22:24:51.000Z,DEC,19.950,DEC,19.950,19.950,,,,G4-178-9Z39NTZ7CG,178,true,1,4
16856310,05dc59da05bce4834eb02b1f22e4f77b21b6051e-18,ulviux,1,13.577,500,16856310,cc92b223a4e84d676be444e98cc1e4b1c19ab3b1,2021-10-23T22:24:51.000Z,gamarue,2,peakmonsters,1,2021-10-24T22:24:51.000Z,DEC,13.577,DEC,13.577,13.577,,,,G1-14-YQKU03Y1K0,14,true,200,1
17192723,9f9ecefc0d7c95370c6ff0ca150ac00f53797fc5-52,enminers-vault,1,29.850,500,17192723,cc92b223a4e84d676be444e98cc1e4b1c19ab3b1,2021-10-23T22:24:51.000Z,gamarue,2,peakmonsters,1,2021-10-24T22:24:51.000Z,DEC,29.850,DEC,29.850,29.850,,,,G3-131-0J8HOYKUZK,131,true,400,3
15717571,482077d28619cd91d6b5da782ccb6929aae729d2-9,faceb,1,9.740,500,15717571,cc92b223a4e84d676be444e98cc1e4b1c19ab3b1,2021-10-23T22:24:51.000Z,gamarue,2,peakmonsters,1,2021-10-24T22:24:51.000Z,DEC,9.740,DEC,9.740,9.740,,,,G3-103-KFM13CFLM8,103,true,200,3
10005421,925fb79f93beffb310d2ec2edaeb53e77eaa7972-0,khazbot,1,2.500,500,10005421,574635c253521229ad517d9269f488d3bab5a5b1,2021-10-16T00:24:03.000Z,gamarue,2,peakmonsters,1,2021-10-17T00:24:03.000Z,DEC,2.500,DEC,2.500,2.500,,,,C1-14-0VEPMY9XMO,14,false,60,1
12814148,ce3b228761102c9162509d99cf9878299376a1e6-30,deezrentals,1,8.950,500,12814148,0722d9e0b7e7cdd817af88e88f30a3dabb1f9d87,2021-10-16T00:23:12.000Z,gamarue,2,peakmonsters,1,2021-10-17T00:23:12.000Z,DEC,8.950,DEC,8.950,8.950,,,,G4-169-VVJ2Q0UG4W,169,true,1,4
11378902,a535609105ea4f0242547d23418423a86d115c52-0,davemccoy,1,23.873,500,11378902,7693472ddcb5dcaba8bb40be4c440640ad07ea2e,2021-10-16T00:22:06.000Z,gamarue,2,peakmonsters,1,2021-10-17T00:22:06.000Z,DEC,23.873,DEC,23.873,23.873,,,,G1-18-7GFHUMI2NK,18,true,400,1
9893811,d2768948db1e1866ba8682251178c0992278511a-1,masterthematrix,1,7.900,500,9893811,d90c38f6c5466b2bc9eb1d25ebb3faca49e1b3a3,2021-10-16T00:21:00.000Z,gamarue,2,peakmonsters,1,2021-10-17T00:21:00.000Z,DEC,7.900,DEC,7.900,7.900,,,,G3-103-HXY7ROXKFK,103,true,200,3
11463486,94093b3840f8a3a69175875405152486177ebee9-1,monstergames,1,8.182,500,11463486,950cdefd97e55c22070fad78dd88d6ce5649d372,2021-10-16T00:20:51.000Z,gamarue,2,peakmonsters,1,2021-10-17T00:20:51.000Z,DEC,8.182,DEC,8.182,8.182,,,,G1-12-CPNRQQW774,12,true,200,1
9307059,c88e42b8bbfa304a8aceccfc709301e33c3022f4-6,smalp,1,9.383,500,9307059,833ddca79b3ed122e50e6059b9deca1c944df851,2021-10-15T12:04:03.000Z,gamarue,2,splinterlands,1,2021-10-16T12:04:03.000Z,DEC,9.383,DEC,9.383,9.383,,,,C1-32-NLPBVLZ474,32,false,875,1
9308223,324b171d809f20dbd39bf10ffd77977a7ef82f45-60,smalp,1,10.630,500,9308223,4d15c77c56b8713dd778d72842df4effa543c84b,2021-10-15T12:02:36.000Z,gamarue,2,splinterlands,1,2021-10-16T12:02:36.000Z,DEC,10.630,DEC,10.630,10.630,,,,C4-142-LUVIVUSW68,142,false,21,4
15867126,ba1e1b582e3dd20e543675a9dcb571b4d68550b9-3,fighter4-freedom,1,45.000,500,15867126,516f8f94b294ab461a20cafa11270cd43ecb1967,2021-10-15T12:01:33.000Z,gamarue,2,splinterlands,1,2021-10-16T12:01:33.000Z,DEC,45.000,DEC,45.000,45.000,,,,G3-216-RGOAWTM7DS,216,true,400,3
9460899,e61cd667379e948192037866bebb76b8954b6a71-11,smalp,1,69.545,500,9460899,0fb4528461546a0fdb649da00cad0af9e683a458,2021-10-15T11:59:03.000Z,gamarue,2,splinterlands,1,2021-10-16T11:59:03.000Z,DEC,69.545,DEC,69.545,69.545,,,,C4-199-7ZW2TRB1BK,199,false,6,4
11204210,b3f3f4f7967dfa8779fbd8fde53f75c612ff9bee-41,smalp,1,39.800,500,11204210,e0765e668b3696ad1dbcb750bf7e92eea087be8e,2021-10-15T11:58:45.000Z,gamarue,2,splinterlands,1,2021-10-16T11:58:45.000Z,DEC,39.800,DEC,39.800,39.800,,,,G4-193-O733O9PFSG,193,true,9,4
15631043,4839c2cd000b9283d000b4c3dcfc957adb5ac00e-36,splinterman,1,2.215,500,15631043,da373d469149eb2e81dd3d4db6ef1b575c4774bd,2021-10-08T17:29:45.000Z,gamarue,2,peakmonsters,1,2021-10-09T17:29:45.000Z,DEC,5.250,DEC,5.250,5.250,,,,G4-171-ZPRZTNBXI8,171,true,1,4
14433653,1d626309fb89c3676499030be072a69ed07f2043-0,sacred-agent,1,19.490,500,14433653,b2285560b2df88df9ed8c6fc474358fcbbdf310e,2021-10-08T17:29:21.000Z,gamarue,2,peakmonsters,1,2021-10-09T17:29:21.000Z,DEC,19.490,DEC,19.490,19.490,,,,G3-91-HV9JY1IGM8,91,true,200,3
11115329,c408314d20d3e448e0e9527a5b51e02b0f104ef7-29,skittlez,1,23.650,500,11115329,546aeb7538f3dc22a8688edf96ffef76e4736300,2021-10-08T17:29:03.000Z,gamarue,2,peakmonsters,1,2021-10-09T17:29:03.000Z,DEC,23.650,DEC,23.650,23.650,,,,G1-18-FUJ1OYC0HC,18,true,400,1
14170338,16572dcc29c63dbb636b3d354b26b90788478acb-110,niallon11,1,16.969,500,14170338,0d930f940ea1f1825517d6b27e4a7427424469b8,2021-10-08T17:28:09.000Z,gamarue,2,peakmonsters,1,2021-10-09T17:28:09.000Z,DEC,16.969,DEC,16.969,16.969,,,,G4-178-0O0K66GQ28,178,true,1,4
10689351,125bba216c599032ecd3edcb7109750527e7e83a-20,masterthematrix,1,1.979,500,10689351,e00155cc288ee72c6fc19a6d5fea117ceb0b7a8b,2021-10-05T12:32:03.000Z,gamarue,2,peakmonsters,1,2021-10-06T12:32:03.000Z,DEC,1.979,DEC,1.979,1.979,,,,G4-171-90ZM87R14W,171,true,1,4
10760939,8905fb07c74be8ef4be06a07f9585d08c3c4b78f-0,popsiclezone,1,9.000,500,10760939,19b57115e873be8d8e65777b84c6a2c693bca985,2021-10-05T12:31:21.000Z,gamarue,2,peakmonsters,1,2021-10-06T12:31:21.000Z,DEC,9.000,DEC,9.000,9.000,,,,G4-169-1A40RICJ1C,169,true,2,4
10496486,6a5513fd748bfd2670a40a7e386213e99c7076bc-23,aatrox,1,4.200,500,10496486,19b57115e873be8d8e65777b84c6a2c693bca985,2021-10-05T12:31:21.000Z,gamarue,2,peakmonsters,1,2021-10-06T12:31:21.000Z,DEC,4.200,DEC,4.200,4.200,,,,G1-12-ZQJLZ07PM8,12,true,200,1
10332222,f2b73d821099eea1817899b07e75f221c1489845-2,fighter4-freedom,1,16.000,500,10332222,19b57115e873be8d8e65777b84c6a2c693bca985,2021-10-05T12:31:21.000Z,gamarue,2,peakmonsters,1,2021-10-06T12:31:21.000Z,DEC,16.000,DEC,16.000,16.000,,,,G1-14-H2KDGOKDKW,14,true,200,1
10262202,58f39a5176e8cad6ba6a7f75ca9a3f4dcdd7f769-0,neominejade,1,10.000,500,10262202,19b57115e873be8d8e65777b84c6a2c693bca985,2021-10-05T12:31:21.000Z,gamarue,2,peakmonsters,1,2021-10-06T12:31:21.000Z,DEC,10.000,DEC,10.000,10.000,,,,G3-103-7C4AYKIQ34,103,true,200,3
10555985,8772919956a6115934922770d9abd3610951c18a-0,vimukthi,1,64.000,500,10555985,19b57115e873be8d8e65777b84c6a2c693bca985,2021-10-05T12:31:21.000Z,gamarue,2,peakmonsters,1,2021-10-06T12:31:21.000Z,DEC,64.000,DEC,64.000,64.000,,,,G4-293-1PAL9A7EU8,293,true,1,4
12194412,699a025dd8cba75d14073c23190c0e9c8535fdea-0,vettev,1,10.540,500,12194412,19b57115e873be8d8e65777b84c6a2c693bca985,2021-10-05T12:31:21.000Z,gamarue,2,peakmonsters,1,2021-10-06T12:31:21.000Z,DEC,10.540,DEC,10.540,10.540,,,,G4-178-8TSGG7BUDC,178,true,1,4