﻿id,sell_trx_id,seller,num_cards,buy_price,fee_percent,market_item_id,rental_tx,rental_date,renter,status,market_account,rental_days,next_rental_payment,payment_currency,payment_amount,escrow_currency,escrow_amount,paid_amount,cancel_tx,cancel_player,cancel_date,card_id,card_detail_id,gold,xp,edition
10144099,c46bd5b020b30315d48ca8e54456db7bdaac185f-5,lucky-cards,1,30.000,500,10144099,cb09cce0232fd9b722d0c7cf82a1c5aafc46048f,2021-10-30T07:25:12.000Z,sality,2,splinterlands,1,2021-10-31T07:25:12.000Z,DEC,30.000,DEC,30.000,30.000,,,,G3-131-524D36NRS0,131,true,400,3
9596478,51a413c999823f4b099467fba9f7c8b732e15b5a-56,aatrox,1,19.345,500,9596478,f1b38aefd987ce88d42ab0eb81cbdd6d8447e2c5,2021-10-30T07:24:03.000Z,sality,2,splinterlands,1,2021-10-31T07:24:03.000Z,DEC,19.345,DEC,19.345,19.345,,,,C3-81-Q9IY6DOQQO,81,false,4800,3
11863728,ec40a0cb4c034cb481ccf4312e87e477bb145920-0,fulltimecrypto,1,10.000,500,11863728,76de57464b1433cd80da81f7ea0600f129f3f844,2021-10-29T23:15:12.000Z,sality,2,peakmonsters,1,2021-10-30T23:15:12.000Z,DEC,10.000,DEC,10.000,10.000,,,,C-332E7ZCJ1S,18,false,300,0
17336818,5c40862e7cd5c1dfc6310659579e57fb166a1f4f-21,renterlands,1,4.950,500,17336818,479204ade5a823bd1d51463cea2bfe0e35c98ec4,2021-10-29T23:15:06.000Z,sality,2,peakmonsters,1,2021-10-30T23:15:06.000Z,DEC,4.950,DEC,4.950,4.950,,,,C-LH1LKXWX1C,12,false,60,0
18066518,def633626775e2e91f8dfc133fc19d3705d4379c-10,zenocross,1,38.850,500,18066518,c5bcd3e2fadebf389e0908f24f6abe6ea16e53c2,2021-10-29T23:14:57.000Z,sality,2,peakmonsters,1,2021-10-30T23:14:57.000Z,DEC,38.850,DEC,38.850,38.850,,,,G4-178-H6M03GQGGG,178,true,1,4
9986319,6e0f62b6aaa72277a0e2f99c578848b2608f77af-6,lucky-cards,1,24.000,500,9986319,c5bcd3e2fadebf389e0908f24f6abe6ea16e53c2,2021-10-29T23:14:57.000Z,sality,2,peakmonsters,1,2021-10-30T23:14:57.000Z,DEC,24.000,DEC,24.000,24.000,,,,G3-131-26DIUMH9DS,131,true,400,3
15652302,b719ea80fc0451375fd5a803536a3da3cf236e42-0,imbaq,1,11.000,500,15652302,c5bcd3e2fadebf389e0908f24f6abe6ea16e53c2,2021-10-29T23:14:57.000Z,sality,2,peakmonsters,1,2021-10-30T23:14:57.000Z,DEC,11.000,DEC,11.000,11.000,,,,G3-91-2K78GQQPBK,91,true,200,3
15500992,992a6aef5e0054e5fe86baa398f127cd9fa13595-21,lucky-cards,1,14.200,500,15500992,c5bcd3e2fadebf389e0908f24f6abe6ea16e53c2,2021-10-29T23:14:57.000Z,sality,2,peakmonsters,1,2021-10-30T23:14:57.000Z,DEC,14.200,DEC,14.200,14.200,,,,G1-14-XP52D6TALC,14,true,200,1
16475931,3beed2f96e8e02481503fdb8bae0312121d910f0-1,braaiboy,1,9.694,500,16475931,c5bcd3e2fadebf389e0908f24f6abe6ea16e53c2,2021-10-29T23:14:57.000Z,sality,2,peakmonsters,1,2021-10-30T23:14:57.000Z,DEC,9.694,DEC,9.694,9.694,,,,G3-103-8W3OVH1EY8,103,true,200,3
18061227,45b88af5cc8d2511734900cfd5be989701b0290e-13,bennyonetwo,1,7.550,500,18061227,c5bcd3e2fadebf389e0908f24f6abe6ea16e53c2,2021-10-29T23:14:57.000Z,sality,2,peakmonsters,1,2021-10-30T23:14:57.000Z,DEC,7.550,DEC,7.550,7.550,,,,G4-169-DADMPULGB4,169,true,1,4
17382139,a76262f16c124c5a87f75ba7a3a4c00b2f8daedc-36,monkishpenguin,1,3.132,500,17382139,6343b655076eb0a6081c2ea8c2a1cf157a15ed50,2021-10-25T15:14:48.000Z,sality,2,peakmonsters,1,2021-10-26T15:14:48.000Z,DEC,3.132,DEC,3.132,3.132,,,,C3-131-AYGCK9NIMO,131,false,0,3
10246872,715edc400aa4aa2f4950aedd18954ff1f3ae36f8-0,cryptocopy,1,7.500,500,10246872,7a515663aba98b574ea4193b1b0eabf0348496d7,2021-10-25T15:14:33.000Z,sality,2,peakmonsters,1,2021-10-26T15:14:33.000Z,DEC,7.500,DEC,7.500,7.500,,,,C-EC4AVU9YCG,18,false,100,0
10155538,32e0a8c7d8ecec667b73cf3ccaacc6bb4be8f42f-0,gigel7,1,14.000,500,10155538,dc52a3a96cc26e23fd2aa038d2ae55ddd61be732,2021-10-25T15:13:45.000Z,sality,2,peakmonsters,1,2021-10-26T15:13:45.000Z,DEC,14.000,DEC,14.000,14.000,,,,G3-103-65Q8OGHNMO,103,true,200,3
15209904,4d0bee22f219f160a4632a34e2cd3dcbe043f46a-139,corpusland,1,49.750,500,15209904,74d17b862641ad3f2185d29db55681e83c4295a1,2021-10-25T15:13:12.000Z,sality,2,peakmonsters,1,2021-10-26T15:13:12.000Z,DEC,49.750,DEC,49.750,49.750,,,,G4-178-NVOKSJZ834,178,true,1,4
10298564,855ea67579aab9b4bfbfbaf139c916615086d38f-4,rdkmedia,1,0.189,500,10298564,c6cf46570f93c11c2df71da259fc2a1e3a6dc3dc,2021-10-25T15:12:39.000Z,sality,2,peakmonsters,1,2021-10-26T15:12:39.000Z,DEC,0.189,DEC,0.189,0.189,,,,C4-171-OR9LLUZOTC,171,false,1,4
12043534,4c4346fbae4b737c8915bd4c615bf12f6049f0c9-6,nathansenn,1,11.950,500,12043534,e94f976cd3c291184f83adfe0d9256440a53db8e,2021-10-20T16:00:51.000Z,sality,2,peakmonsters,1,2021-10-21T16:00:51.000Z,DEC,11.950,DEC,11.950,11.950,,,,C0-18-IQS78CEA80,18,false,100,0
11166244,24388a89dc2b9b95348a1724ceff3f4ec79c6071-13,janoshik,1,5.900,500,11166244,78e93c1b8b89881a8c50ee304a0b1978e209daf6,2021-10-20T16:00:39.000Z,sality,2,peakmonsters,1,2021-10-21T16:00:39.000Z,DEC,5.900,DEC,5.900,5.900,,,,C3-131-IBCYXLLAJK,131,false,0,3
15164656,c497f080ba7360d62910d48bcc2f1f156e3285dc-80,brybro27,1,9.800,500,15164656,cc2ed40baf198fb9e12dd178f9cb9601905b7d82,2021-10-20T16:00:30.000Z,sality,2,peakmonsters,1,2021-10-21T16:00:30.000Z,DEC,9.800,DEC,9.800,9.800,,,,C4-293-F7W08B0VRK,293,false,1,4
14330003,a0412814849aff74bc086e65fe1b8ed3ce9abcce-130,vugtis,1,49.800,500,14330003,a724ded058d081ec579caef9a9fa7dbfae1285e6,2021-10-20T16:00:21.000Z,sality,2,peakmonsters,1,2021-10-21T16:00:21.000Z,DEC,49.800,DEC,49.800,49.800,,,,G4-178-F0H1YCMNZ4,178,true,1,4
11761155,a9af617171bcf3c7ed77a1a721537ae53421546a-0,teammonsters,1,27.950,500,11761155,8835693fcf956f0f10868c9bc241ce06582bb1af,2021-10-20T16:00:09.000Z,sality,2,peakmonsters,1,2021-10-21T16:00:09.000Z,DEC,27.950,DEC,27.950,27.950,,,,G3-91-RCQ3EACR0W,91,true,200,3
15500976,992a6aef5e0054e5fe86baa398f127cd9fa13595-5,lucky-cards,1,14.800,500,15500976,af6c847040efa4f082b099ca762d378b6cde1444,2021-10-20T16:00:03.000Z,sality,2,peakmonsters,1,2021-10-21T16:00:03.000Z,DEC,14.800,DEC,14.800,14.800,,,,G1-14-B1S2D4NB8G,14,true,200,1
15909404,43d825243c8a4252eb9e45b83f2f717bbd0bfc2c-101,moriarty95,1,5.150,500,15909404,af6c847040efa4f082b099ca762d378b6cde1444,2021-10-20T16:00:03.000Z,sality,2,peakmonsters,1,2021-10-21T16:00:03.000Z,DEC,5.150,DEC,5.150,5.150,,,,G4-171-TYY8KC3DSW,171,true,1,4
11531923,13eb125e1c73f926313c17cb83b800304b144ea5-4,monstergames,1,8.661,500,11531923,af6c847040efa4f082b099ca762d378b6cde1444,2021-10-20T16:00:03.000Z,sality,2,peakmonsters,1,2021-10-21T16:00:03.000Z,DEC,8.661,DEC,8.661,8.661,,,,G1-12-LPFGDUF44W,12,true,200,1
10623357,8859cab2c68f80c237930af0bf6902ebd936f8eb-12,aatrox,1,29.950,500,10623357,bd02e3af6a56b47bff5b36b793d5c426141c1f62,2021-10-15T10:22:57.000Z,sality,2,splinterlands,1,2021-10-16T10:22:57.000Z,DEC,29.950,DEC,29.950,29.950,,,,C3-206-C5G01LVXPC,206,false,8550,3
10621396,b139ca39f9926ad0fd03f7a6ef5f35475f9a06f3-2,athbull,1,4.650,500,10621396,4e5fa3437c2129ce368ea58ef7f7bca545ac870d,2021-10-13T05:00:00.000Z,sality,2,peakmonsters,1,2021-10-14T05:00:00.000Z,DEC,4.650,DEC,4.650,4.650,,,,G4-169-GIR794E40G,169,true,1,4
10037262,4fe339290f249158dbb40a79b7d3bff117e76eee-1,mawit07,1,26.000,500,10037262,e1962e0fe2fab98ff4eb51f4cd8638ae15872fc9,2021-10-13T04:59:39.000Z,sality,2,peakmonsters,1,2021-10-14T04:59:39.000Z,DEC,26.000,DEC,26.000,26.000,,,,G3-131-DV3ZOES1CG,131,true,400,3
15866138,59c0877e444f56875f4c7258836ebe7c3353552e-5,fighter4-freedom,1,5.500,500,15866138,8daf694c3aef68a0e1e720b7bf11d61e51962f8c,2021-10-13T04:58:15.000Z,sality,2,peakmonsters,1,2021-10-14T04:58:15.000Z,DEC,5.500,DEC,5.500,5.500,,,,G4-171-5ZR6R1J3CG,171,true,1,4
10536061,8ff3acbe77740031634e510c886d7297256bb142-1,goldninja,1,10.950,500,10536061,16ded00378bf217ed69133e28c028d53885424fa,2021-10-13T04:57:15.000Z,sality,2,peakmonsters,1,2021-10-14T04:57:15.000Z,DEC,10.950,DEC,10.950,10.950,,,,G3-103-KQEN55F3OW,103,true,200,3
10332221,f2b73d821099eea1817899b07e75f221c1489845-1,fighter4-freedom,1,16.000,500,10332221,16ded00378bf217ed69133e28c028d53885424fa,2021-10-13T04:57:15.000Z,sality,2,peakmonsters,1,2021-10-14T04:57:15.000Z,DEC,16.000,DEC,16.000,16.000,,,,G1-14-GU9ORNJV5C,14,true,200,1
11255816,7b17fe764a77f8ec4133bbef7fc12077732b5794-0,foggybottom,1,16.628,500,11255816,16ded00378bf217ed69133e28c028d53885424fa,2021-10-13T04:57:15.000Z,sality,2,peakmonsters,1,2021-10-14T04:57:15.000Z,DEC,16.628,DEC,16.628,16.628,,,,G3-91-O0K54DEDA8,91,true,200,3
11463489,94093b3840f8a3a69175875405152486177ebee9-4,monstergames,1,8.182,500,11463489,16ded00378bf217ed69133e28c028d53885424fa,2021-10-13T04:57:15.000Z,sality,2,peakmonsters,1,2021-10-14T04:57:15.000Z,DEC,8.182,DEC,8.182,8.182,,,,G1-12-PD74F135GG,12,true,200,1