﻿id,sell_trx_id,seller,num_cards,buy_price,fee_percent,market_item_id,rental_tx,rental_date,renter,status,market_account,rental_days,next_rental_payment,payment_currency,payment_amount,escrow_currency,escrow_amount,paid_amount,cancel_tx,cancel_player,cancel_date,card_id,card_detail_id,gold,xp,edition
11045180,83a615edf739df0bc1046c0ac36ef2ec1682ac35-95,smalp,1,38.850,500,11045180,d0a05fbb67d73c0aa6f2c5ce69730fc19a89dbe2,2021-10-30T05:04:27.000Z,necurs,2,splinterlands,1,2021-10-31T05:04:27.000Z,DEC,38.850,DEC,38.850,38.850,,,,G4-142-UL0985QT5S,142,true,1,4
9306942,7a25f947b6e1b2e0e0a008c47742a57dad552620-43,smalp,1,20.514,500,9306942,08682a2f0567b310728676f74c05259bf1b05db1,2021-10-30T05:01:42.000Z,necurs,2,splinterlands,1,2021-10-31T05:01:42.000Z,DEC,20.514,DEC,20.514,20.514,,,,C1-27-U6NZWX8LEO,27,false,2550,1
11058141,204586fcb92d8e2aab8ebec9af767855f17a7085-2,fighter4-freedom,1,19.000,500,11058141,04746a9d7a4a3281dec70b30fa361d4123832912,2021-10-30T04:57:42.000Z,necurs,2,splinterlands,1,2021-10-31T04:57:42.000Z,DEC,19.000,DEC,19.000,19.000,,,,G4-184-KT5JNZN0TC,184,true,1,4
16988665,ecb262c8fea25973b817ffa3e771d90a51a72f26-30,steemengines,1,7.400,500,16988665,61c031930dc490e3533b4b11501c80ee6074e236,2021-10-26T09:42:12.000Z,necurs,2,peakmonsters,1,2021-10-27T09:42:12.000Z,DEC,7.400,DEC,7.400,7.400,,,,C-8XVL447QS0,18,false,200,0
10152106,c674014848e915334b8614f09c210c32f160f674-0,lourdeshd6,1,15.000,500,10152106,19331a245821fd4884672c7e41fe24ee9dfdccaa,2021-10-26T09:41:36.000Z,necurs,2,peakmonsters,1,2021-10-27T09:41:36.000Z,DEC,15.000,DEC,15.000,15.000,,,,G3-103-X1QY8GGU2O,103,true,200,3
15500971,992a6aef5e0054e5fe86baa398f127cd9fa13595-0,lucky-cards,1,15.000,500,15500971,19331a245821fd4884672c7e41fe24ee9dfdccaa,2021-10-26T09:41:36.000Z,necurs,2,peakmonsters,1,2021-10-27T09:41:36.000Z,DEC,15.000,DEC,15.000,15.000,,,,G1-14-37TSMTFDRK,14,true,200,1
16179288,cc4f8773f48140370e058569d01062a110df8dc6-1,beescards,1,48.250,500,16179288,19331a245821fd4884672c7e41fe24ee9dfdccaa,2021-10-26T09:41:36.000Z,necurs,2,peakmonsters,1,2021-10-27T09:41:36.000Z,DEC,48.250,DEC,48.250,48.250,,,,G4-178-YNYW4F1W5S,178,true,1,4
12136262,a27ae60be47b5fcbf3f43046c28457a0a1ccb367-88,clove71,1,30.509,500,12136262,19331a245821fd4884672c7e41fe24ee9dfdccaa,2021-10-26T09:41:36.000Z,necurs,2,peakmonsters,1,2021-10-27T09:41:36.000Z,DEC,30.509,DEC,30.509,30.509,,,,G3-131-LNT7BVSCUO,131,true,400,3
17470102,1701e8066b7a4a1501fcf3230a31649fa6d77af2-5,imperij4427,1,6.000,500,17470102,19331a245821fd4884672c7e41fe24ee9dfdccaa,2021-10-26T09:41:36.000Z,necurs,2,peakmonsters,1,2021-10-27T09:41:36.000Z,DEC,6.000,DEC,6.000,6.000,,,,G4-169-WK48YLS31S,169,true,1,4
15197886,993a1280548b8089d4854dfcd232416ce8653554-0,db-cooper,1,9.000,500,15197886,521a275743b5b5c1ce33755e2fff107dce3fc107,2021-10-21T20:13:27.000Z,necurs,2,peakmonsters,1,2021-10-22T20:13:27.000Z,DEC,9.000,DEC,9.000,9.000,,,,C4-293-Q9ZL2EBQE8,293,false,1,4
11615496,b40f1fe5afd3b16fe88a5cdf38279053b2c704c8-0,zest,1,9.500,500,11615496,0eacc5a5c69742cff27d21e09513af26550cba31,2021-10-21T20:13:09.000Z,necurs,2,peakmonsters,1,2021-10-22T20:13:09.000Z,DEC,9.500,DEC,9.500,9.500,,,,C-BK8H7CDQ6O,18,false,400,0
17193529,b33cd6cca3d503eed5e99e7b29420e8201e065b6-0,gannibal,1,7.940,500,17193529,9d73852f27dc735eacfba29f55c60c51f4295b5b,2021-10-21T20:12:45.000Z,necurs,2,peakmonsters,1,2021-10-22T20:12:45.000Z,DEC,7.940,DEC,7.940,7.940,,,,G4-169-W84CZ4IVUO,169,true,1,4
11078811,c1696edeb11bc59a421f753e899c409cb1eb1146-26,nateaguila,1,19.950,500,11078811,9d73852f27dc735eacfba29f55c60c51f4295b5b,2021-10-21T20:12:45.000Z,necurs,2,peakmonsters,1,2021-10-22T20:12:45.000Z,DEC,19.950,DEC,19.950,19.950,,,,G3-103-07HWXOYWLS,103,true,400,3
16141381,47d73c308f6d470a89c88b1a3b05af54d747ebd5-92,steemitromney,1,11.890,500,16141381,9d73852f27dc735eacfba29f55c60c51f4295b5b,2021-10-21T20:12:45.000Z,necurs,2,peakmonsters,1,2021-10-22T20:12:45.000Z,DEC,11.890,DEC,11.890,11.890,,,,G3-91-HRLU2S99O0,91,true,200,3
11378865,da55cf0141d4d0f0a3088139196910c795dd47c3-0,davemccoy,1,26.733,500,11378865,9d73852f27dc735eacfba29f55c60c51f4295b5b,2021-10-21T20:12:45.000Z,necurs,2,peakmonsters,1,2021-10-22T20:12:45.000Z,DEC,26.733,DEC,26.733,26.733,,,,G1-14-IYDTL38J1S,14,true,200,1
17192722,9f9ecefc0d7c95370c6ff0ca150ac00f53797fc5-51,enminers-vault,1,29.850,500,17192722,9d73852f27dc735eacfba29f55c60c51f4295b5b,2021-10-21T20:12:45.000Z,necurs,2,peakmonsters,1,2021-10-22T20:12:45.000Z,DEC,29.850,DEC,29.850,29.850,,,,G3-131-ZD05NTMR2O,131,true,400,3
17187961,0c7a0d35720f7ca5880964ea92f60daea756ebc3-0,channelmagnetic,1,5.149,500,17187961,9d73852f27dc735eacfba29f55c60c51f4295b5b,2021-10-21T20:12:45.000Z,necurs,2,peakmonsters,1,2021-10-22T20:12:45.000Z,DEC,5.149,DEC,5.149,5.149,,,,G4-171-X4RAHS1ZO0,171,true,1,4
15717290,cea05185733dfa982cff5a04b3f0f38507eae431-93,faceb,1,14.950,500,15717290,4c1397f39d4fd5c1cbcb1465262fc407994bce6f,2021-10-14T15:16:03.000Z,necurs,2,peakmonsters,1,2021-10-15T15:16:03.000Z,DEC,14.950,DEC,14.950,14.950,,,,G3-91-BDK8LZRFTS,91,true,200,3
12043534,4c4346fbae4b737c8915bd4c615bf12f6049f0c9-6,nathansenn,1,11.950,500,12043534,702c0ef92b4e65f59bbc5bbee0a8f103e1d536fd,2021-10-14T15:15:24.000Z,necurs,2,peakmonsters,1,2021-10-15T15:15:24.000Z,DEC,11.950,DEC,11.950,11.950,,,,C0-18-IQS78CEA80,18,false,100,0
11699745,afa0d14097b0f72f7c4bdb497d810f6bf6dd162f-16,goblinknackers,1,13.650,500,11699745,885f9abdb2cd227987e417965aeb96c7862a8337,2021-10-14T15:14:18.000Z,necurs,2,peakmonsters,1,2021-10-15T15:14:18.000Z,DEC,13.650,DEC,13.650,13.650,,,,C4-293-ZNTW6RXI34,293,false,1,4
10091927,a356b653b9fecfd5cff1aad704d0148c5fe9563a-0,monsterveritas,1,29.824,500,10091927,feaf2637b20bdef2e632a6aefc2deb1e0c9a68de,2021-10-14T15:14:09.000Z,necurs,2,peakmonsters,1,2021-10-15T15:14:09.000Z,DEC,29.824,DEC,29.824,29.824,,,,G3-131-JNDGH9HC68,131,true,400,3
16244719,6fde054ca08c220234a3b2fb3d99113ec7bad192-59,doloknight,1,32.774,500,16244719,feaf2637b20bdef2e632a6aefc2deb1e0c9a68de,2021-10-14T15:14:09.000Z,necurs,2,peakmonsters,1,2021-10-15T15:14:09.000Z,DEC,32.774,DEC,32.774,32.774,,,,G4-178-YWR5K3N1NK,178,true,1,4
15717579,482077d28619cd91d6b5da782ccb6929aae729d2-17,faceb,1,9.740,500,15717579,feaf2637b20bdef2e632a6aefc2deb1e0c9a68de,2021-10-14T15:14:09.000Z,necurs,2,peakmonsters,1,2021-10-15T15:14:09.000Z,DEC,9.740,DEC,9.740,9.740,,,,G3-103-Q97YQ3P0B4,103,true,200,3
16244644,cb004619649ba8428a71c20f56eb09c243921dfc-124,doloknight,1,7.900,500,16244644,feaf2637b20bdef2e632a6aefc2deb1e0c9a68de,2021-10-14T15:14:09.000Z,necurs,2,peakmonsters,1,2021-10-15T15:14:09.000Z,DEC,7.900,DEC,7.900,7.900,,,,G4-169-HPAZHTS5TS,169,true,1,4
10426937,d6a69f1baf0469cabf439a3dfad073c02d17274f-0,cyguy,1,29.850,500,10426937,6a8bfb85130cbb27fdc4c71faa4d950aacdd1abe,2021-10-08T17:34:09.000Z,necurs,2,peakmonsters,1,2021-10-09T17:34:09.000Z,DEC,29.850,DEC,29.850,29.850,,,,G1-18-QNQ320FXTS,18,true,400,1
13215614,deaadb74c93f2152784e6705d770873a816d1357-0,monstergames,1,15.704,500,13215614,6a8bfb85130cbb27fdc4c71faa4d950aacdd1abe,2021-10-08T17:34:09.000Z,necurs,2,peakmonsters,1,2021-10-09T17:34:09.000Z,DEC,15.704,DEC,15.704,15.704,,,,G1-14-8POV2NME8W,14,true,200,1
11536277,b67f113f7da2e5dd14a76d1847d029a6a2e8a6ba-17,azircon,1,3.500,500,11536277,6a8bfb85130cbb27fdc4c71faa4d950aacdd1abe,2021-10-08T17:34:09.000Z,necurs,2,peakmonsters,1,2021-10-09T17:34:09.000Z,DEC,3.500,DEC,3.500,3.500,,,,G4-171-SJTHRUFIWW,171,true,1,4
15448987,84a5f5f8af81ed931a50a40720050b1b046bd892-0,lucky-cards,1,4.200,500,15448987,6a8bfb85130cbb27fdc4c71faa4d950aacdd1abe,2021-10-08T17:34:09.000Z,necurs,2,peakmonsters,1,2021-10-09T17:34:09.000Z,DEC,4.200,DEC,4.200,4.200,,,,G0-12-0XZ4MCKNKG,12,true,250,0
14432646,bce499ea43f3d844bffb5fe6660bdea631e75329-0,happyme,1,19.500,500,14432646,9c71b87eb2954cd6ed352cc6ed43d97ba6f633e6,2021-10-08T17:33:18.000Z,necurs,2,peakmonsters,1,2021-10-09T17:33:18.000Z,DEC,19.500,DEC,19.500,19.500,,,,G3-91-UQZ4EOVSOG,91,true,200,3
14329996,a0412814849aff74bc086e65fe1b8ed3ce9abcce-123,vugtis,1,49.800,500,14329996,1610df1c90a340cfb0b7193e6ff672e0a70a79b2,2021-10-08T17:32:09.000Z,necurs,2,peakmonsters,1,2021-10-09T17:32:09.000Z,DEC,49.800,DEC,49.800,49.800,,,,G4-178-4ZHUV9YB9C,178,true,1,4
10640910,c8a01a0412375ac5c0abb6c3bbccd80acf0f8120-0,nunsuko,1,5.000,500,10640910,9c30eda03b84b40cb485b665177100e0765270a2,2021-10-05T13:11:30.000Z,necurs,2,peakmonsters,1,2021-10-06T13:11:30.000Z,DEC,5.000,DEC,5.000,5.000,,,,G4-171-K1NPRSVQNK,171,true,1,4
13332680,edba5c77e72e14b6d75195b4af0cccc70295351d-13,toocurious,1,9.950,500,13332680,32a80673ad20e3e7c6400bfcf68fbd1bcaa391ad,2021-10-05T13:10:54.000Z,necurs,2,peakmonsters,1,2021-10-06T13:10:54.000Z,DEC,9.950,DEC,9.950,9.950,,,,G3-103-W2XLWD1A74,103,true,200,3
10332221,f2b73d821099eea1817899b07e75f221c1489845-1,fighter4-freedom,1,16.000,500,10332221,32a80673ad20e3e7c6400bfcf68fbd1bcaa391ad,2021-10-05T13:10:54.000Z,necurs,2,peakmonsters,1,2021-10-06T13:10:54.000Z,DEC,16.000,DEC,16.000,16.000,,,,G1-14-GU9ORNJV5C,14,true,200,1
9878837,62f6578448fa4727558df9a4a2bf0d7b1b237dcf-0,billtmore,1,7.000,500,9878837,32a80673ad20e3e7c6400bfcf68fbd1bcaa391ad,2021-10-05T13:10:54.000Z,necurs,2,peakmonsters,1,2021-10-06T13:10:54.000Z,DEC,7.000,DEC,7.000,7.000,,,,G3-91-HOEH3OA3SW,91,true,200,3
14294619,ea8ce5a04202c8f532ac32e03881cf0563364e56-2,eush,1,3.815,500,14294619,32a80673ad20e3e7c6400bfcf68fbd1bcaa391ad,2021-10-05T13:10:54.000Z,necurs,2,peakmonsters,1,2021-10-06T13:10:54.000Z,DEC,3.815,DEC,3.815,3.815,,,,G1-12-O2XSNH6QWG,12,true,200,1
9938379,85109fb002cc3042bfe2649a4d521e9ba5a8fa7e-10,toocurious,1,44.000,500,9938379,32a80673ad20e3e7c6400bfcf68fbd1bcaa391ad,2021-10-05T13:10:54.000Z,necurs,2,peakmonsters,1,2021-10-06T13:10:54.000Z,DEC,44.000,DEC,44.000,44.000,,,,G4-178-HE7HMCWM8G,178,true,1,4
14437811,233752e14f47e265d8e7ee413ee17f79c9c3f8d5-60,deezrentals,1,8.950,500,14437811,32a80673ad20e3e7c6400bfcf68fbd1bcaa391ad,2021-10-05T13:10:54.000Z,necurs,2,peakmonsters,1,2021-10-06T13:10:54.000Z,DEC,8.950,DEC,8.950,8.950,,,,G4-169-LSG2DYLOLS,169,true,1,4