﻿id,sell_trx_id,seller,num_cards,buy_price,fee_percent,market_item_id,rental_tx,rental_date,renter,status,market_account,rental_days,next_rental_payment,payment_currency,payment_amount,escrow_currency,escrow_amount,paid_amount,cancel_tx,cancel_player,cancel_date,card_id,card_detail_id,gold,xp,edition
10566075,ebe8776f2bd6b3f1f493a4b5b102ac4ea1dc289d-5,fighter4-freedom,1,33.000,500,10566075,6bb5f5e04fecfd3e0d61fb6eb57d27feedd514e4,2021-10-30T09:39:39.000Z,globeimposter,2,splinterlands,1,2021-10-31T09:39:39.000Z,DEC,33.000,DEC,33.000,33.000,,,,G1-7-XE61TRJK0W,7,true,400,1
15500387,4a1140c5d76388fe2b3152f8d92ea517ee1bb759-9,lucky-cards,1,23.000,500,15500387,e89daa930143018608d0c3019b565b08498df9b0,2021-10-30T08:01:33.000Z,globeimposter,2,splinterlands,1,2021-10-31T08:01:33.000Z,DEC,23.000,DEC,23.000,23.000,,,,C1-66-JQWQBZDVJK,66,false,2850,1
10327114,f3ba9183074bef6adcf641e87aef843f8287ec1d-6,fighter4-freedom,1,14.000,500,10327114,69db82679d3eb4b0c48a47e01143ea6bf13359dd,2021-10-30T08:01:12.000Z,globeimposter,2,splinterlands,1,2021-10-31T08:01:12.000Z,DEC,14.000,DEC,14.000,14.000,,,,C3-108-O0Y1WWGU9C,108,false,0,3
9306488,89670010f8d81da42335d4f2ac25d8225ba4c916-2,smalp,1,8.957,500,9306488,4a7d00a0a7bd0b551223acc7497e237b6cf327c7,2021-10-30T07:59:33.000Z,globeimposter,2,splinterlands,1,2021-10-31T07:59:33.000Z,DEC,8.957,DEC,8.957,8.957,,,,C1-10-B9IGB2HZCG,10,false,875,1
10896472,b596057d8a81571ffcb80a62c4f42147dec972a2-1,cryptofrancois,1,13.450,500,10896472,5e41b7cdf4a97436df4033b83dbd9329554b6394,2021-10-29T09:03:36.000Z,globeimposter,2,peakmonsters,1,2021-10-30T09:03:36.000Z,DEC,13.450,DEC,13.450,13.450,,,,G3-103-U4LR7R23YO,103,true,200,3
10654056,e8ec2f5c894145e6994fcd369289af0eff7e5d74-38,deezrentals,1,7.400,500,10654056,731957f59e35e3f345f6201f4496a701d5a6f795,2021-10-29T09:01:09.000Z,globeimposter,2,peakmonsters,1,2021-10-30T09:01:09.000Z,DEC,7.400,DEC,7.400,7.400,,,,C4-293-QIC03KUT4W,293,false,1,4
9494964,b17d12793e498c7a29ea97c09c4465c2011ceb54-9,smalp,1,33.124,500,9494964,e38815009e5b49abf718ad3f681cfb2b97a0feb9,2021-10-29T09:00:51.000Z,globeimposter,2,peakmonsters,1,2021-10-30T09:00:51.000Z,DEC,33.124,DEC,33.124,33.124,,,,G3-131-5C08L6V8KG,131,true,400,3
17986741,1bfc7775da589224ae4c6044f5ff1dd662743009-4,nfter,1,19.949,500,17986741,9bd0ed0b1da7ef3870035e3248c1b2803d71d079,2021-10-29T09:00:42.000Z,globeimposter,2,peakmonsters,1,2021-10-30T09:00:42.000Z,DEC,19.949,DEC,19.949,19.949,,,,G3-91-B0ER4YMPLC,91,true,200,3
14656412,44481498616320674724fd8713c8b3a0abca4436-0,quetz,1,4.690,500,14656412,8ecc4ca8d98ec4a166f990bc0bafe09030f58566,2021-10-29T09:00:09.000Z,globeimposter,2,peakmonsters,1,2021-10-30T09:00:09.000Z,DEC,4.690,DEC,4.690,4.690,,,,C-B74077WKWG,12,false,160,0
17336831,5c40862e7cd5c1dfc6310659579e57fb166a1f4f-34,renterlands,1,7.300,500,17336831,8ecc4ca8d98ec4a166f990bc0bafe09030f58566,2021-10-29T09:00:09.000Z,globeimposter,2,peakmonsters,1,2021-10-30T09:00:09.000Z,DEC,7.300,DEC,7.300,7.300,,,,C-ZSYYVLSTRK,18,false,100,0
15556869,8434dac66a37f9b87a0bf07b6229c3e02e61c540-0,renterlands,1,11.800,500,15556869,8ecc4ca8d98ec4a166f990bc0bafe09030f58566,2021-10-29T09:00:09.000Z,globeimposter,2,peakmonsters,1,2021-10-30T09:00:09.000Z,DEC,11.800,DEC,11.800,11.800,,,,C0-14-7C3NUANWNK,14,false,60,0
12274449,6f2f665a9ad538b8ca4b0b35086a268a0fda0361-14,clove71,1,4.312,500,12274449,0f5c9abed07decb7ef5f5d333ed0967c9d088259,2021-10-25T02:29:09.000Z,globeimposter,2,peakmonsters,1,2021-10-26T02:29:09.000Z,DEC,4.312,DEC,4.312,4.312,,,,C3-131-B3PE7UZ2CW,131,false,0,3
17336830,5c40862e7cd5c1dfc6310659579e57fb166a1f4f-33,renterlands,1,7.300,500,17336830,281337ff5d52d44c62e3feb0799b60e0c4b00c82,2021-10-25T02:28:36.000Z,globeimposter,2,peakmonsters,1,2021-10-26T02:28:36.000Z,DEC,7.300,DEC,7.300,7.300,,,,C-ZPRCZPLSXS,18,false,100,0
15777852,93a8b54633e2df0117b85dbc49b6df0323824743-0,codebull,1,6.000,500,15777852,7f2bcfb97d11e21e7adc3c2a1439a1f4a6251bc7,2021-10-25T02:28:12.000Z,globeimposter,2,peakmonsters,1,2021-10-26T02:28:12.000Z,DEC,6.000,DEC,6.000,6.000,,,,G4-171-KXD7FFY0MO,171,true,1,4
15556594,3f21b4c5cefdc54f690fd5c99e2ef5fcf2cc123a-14,masterthematrix,1,11.750,500,15556594,319bbed35ee6395c12e525763a38ba4aef960ef2,2021-10-25T02:24:15.000Z,globeimposter,2,peakmonsters,1,2021-10-26T02:24:15.000Z,DEC,11.750,DEC,11.750,11.750,,,,G3-103-6VMATZAANK,103,true,200,3
16694343,d02e59e5676a2fe1d3f30b4c631351cbf1c1246d-0,kryptomario,1,9.990,500,16694343,319bbed35ee6395c12e525763a38ba4aef960ef2,2021-10-25T02:24:15.000Z,globeimposter,2,peakmonsters,1,2021-10-26T02:24:15.000Z,DEC,9.990,DEC,9.990,9.990,,,,G1-12-Z0PLT322ZK,12,true,200,1
17321764,78d8c9fce3adcd31c951d5fd87c528486e109d0a-3,didyourmom,1,7.844,500,17321764,319bbed35ee6395c12e525763a38ba4aef960ef2,2021-10-25T02:24:15.000Z,globeimposter,2,peakmonsters,1,2021-10-26T02:24:15.000Z,DEC,7.844,DEC,7.844,7.844,,,,G4-169-XHN311N3WW,169,true,1,4
11396659,fd2bddd5af605d3dcc645722e868d652d8511684-8,sm-deck,1,13.827,500,11396659,319bbed35ee6395c12e525763a38ba4aef960ef2,2021-10-25T02:24:15.000Z,globeimposter,2,peakmonsters,1,2021-10-26T02:24:15.000Z,DEC,13.827,DEC,13.827,13.827,,,,G1-14-GFXBSUTCKW,14,true,200,1
10246872,715edc400aa4aa2f4950aedd18954ff1f3ae36f8-0,cryptocopy,1,7.500,500,10246872,ab907f4db898f7f9c9404265b25948c2a94bc056,2021-10-20T01:45:42.000Z,globeimposter,2,peakmonsters,1,2021-10-21T01:45:42.000Z,DEC,7.500,DEC,7.500,7.500,,,,C-EC4AVU9YCG,18,false,100,0
9836698,1df23763553d8c895b9e2a64ceec813e2b1e2093-10,fighter4-freedom,1,19.000,500,9836698,8d5bdc5a97f6af92690df38a136e64e4e6025cfd,2021-10-20T01:45:15.000Z,globeimposter,2,peakmonsters,1,2021-10-21T01:45:15.000Z,DEC,19.000,DEC,19.000,19.000,,,,G3-91-FR08K4NN40,91,true,200,3
10760900,8d13b09447819995d9b25ae48057d1d2398d6133-0,popsiclezone,1,9.000,500,10760900,e61dbed72a72250d03c8b3a3ff81973a2c82ac78,2021-10-20T01:44:45.000Z,globeimposter,2,peakmonsters,1,2021-10-21T01:44:45.000Z,DEC,9.000,DEC,9.000,9.000,,,,G4-169-F11YIUPJ8W,169,true,1,4
9843832,ed2dc6544acce08ac9d7cbf98a798dbb78a7f6ae-0,zonguin,1,1.500,500,9843832,ef59e1fd7d1d3fe475806f2ff6e4f0a7f8464bc7,2021-10-20T01:44:12.000Z,globeimposter,2,peakmonsters,1,2021-10-21T01:44:12.000Z,DEC,1.500,DEC,1.500,1.500,,,,C-DQ98ZWE1LC,14,false,20,0
15866161,59c0877e444f56875f4c7258836ebe7c3353552e-28,fighter4-freedom,1,5.500,500,15866161,36aedfa14e2fecd3b1da2603acc994fee9bebba1,2021-10-20T01:43:54.000Z,globeimposter,2,peakmonsters,1,2021-10-21T01:43:54.000Z,DEC,5.500,DEC,5.500,5.500,,,,G4-171-RKCCQQY580,171,true,1,4
15866191,355ef27045948e5d1762e1edd53fd3845eb1253e-1,fighter4-freedom,1,55.000,500,15866191,36aedfa14e2fecd3b1da2603acc994fee9bebba1,2021-10-20T01:43:54.000Z,globeimposter,2,peakmonsters,1,2021-10-21T01:43:54.000Z,DEC,55.000,DEC,55.000,55.000,,,,G4-178-858LY1AT6O,178,true,1,4
12056088,9a87d86d85e6fff230a6d614d40a10ac8b91a076-13,felander,1,9.950,500,12056088,36aedfa14e2fecd3b1da2603acc994fee9bebba1,2021-10-20T01:43:54.000Z,globeimposter,2,peakmonsters,1,2021-10-21T01:43:54.000Z,DEC,9.950,DEC,9.950,9.950,,,,G3-103-2NEDQJA19S,103,true,200,3
10308622,b93ee79cab8da5ce7598ee6f036bed5a4580b3e1-31,aatrox,1,87.904,500,10308622,c9d2101176be8c520c1e69a592ecaead3114843f,2021-10-15T13:01:12.000Z,globeimposter,2,splinterlands,1,2021-10-16T13:01:12.000Z,DEC,87.904,DEC,87.904,87.904,,,,G-U8IVZ61LSG,9,true,1000,0
11207790,8241c8e8b4c7491d105c0254ceaab981b9a9a28b-15,smalp,1,34.950,500,11207790,9b9767519e7b1a72e0bf63c3beba2ae19009c834,2021-10-13T11:07:54.000Z,globeimposter,2,peakmonsters,1,2021-10-14T11:07:54.000Z,DEC,34.950,DEC,34.950,34.950,,,,G1-18-A74BCYUIW0,18,true,400,1
10566266,4cf1b30eef1910540da0c2a6fcb35f5e15cc8c9e-0,fighter4-freedom,1,8.500,500,10566266,9b9767519e7b1a72e0bf63c3beba2ae19009c834,2021-10-13T11:07:54.000Z,globeimposter,2,peakmonsters,1,2021-10-14T11:07:54.000Z,DEC,8.500,DEC,8.500,8.500,,,,G1-12-0P8PLJR2JK,12,true,200,1
15509842,23e07d2d7959c0c21a4ea0230be7f5e763230ec6-0,scooter77,1,45.000,500,15509842,9b9767519e7b1a72e0bf63c3beba2ae19009c834,2021-10-13T11:07:54.000Z,globeimposter,2,peakmonsters,1,2021-10-14T11:07:54.000Z,DEC,45.000,DEC,45.000,45.000,,,,G4-178-P878QAQYOG,178,true,1,4
11861357,0c5c90eb149aaa9e44a0080b330a9fe74a7209a6-7,jstudio,1,12.350,500,11861357,9b9767519e7b1a72e0bf63c3beba2ae19009c834,2021-10-13T11:07:54.000Z,globeimposter,2,peakmonsters,1,2021-10-14T11:07:54.000Z,DEC,12.350,DEC,12.350,12.350,,,,G3-103-GN627Q1DJ4,103,true,200,3
10332220,f2b73d821099eea1817899b07e75f221c1489845-0,fighter4-freedom,1,18.000,500,10332220,9b9767519e7b1a72e0bf63c3beba2ae19009c834,2021-10-13T11:07:54.000Z,globeimposter,2,peakmonsters,1,2021-10-14T11:07:54.000Z,DEC,18.000,DEC,18.000,18.000,,,,G1-14-EVSEXJV9R4,14,true,200,1
15417472,561f636a00e8a52f6a715954966e7b701809efa0-31,legendarycanary,1,4.790,500,15417472,6c6c3518635e77437dfab53491eea8442b2ac55c,2021-10-08T07:33:33.000Z,globeimposter,2,peakmonsters,1,2021-10-09T07:33:33.000Z,DEC,4.790,DEC,4.790,4.790,,,,G1-12-P9EST86XK0,12,true,200,1
10949417,b0e2f49e7d8bdf769dce5e4f1e8faba79623b8cc-11,cyguy,1,14.950,500,10949417,03ca22132c350292163a3ed26789513c7d835924,2021-10-08T07:33:06.000Z,globeimposter,2,peakmonsters,1,2021-10-09T07:33:06.000Z,DEC,14.950,DEC,14.950,14.950,,,,G3-91-RQ38RT1RFK,91,true,200,3
11985414,e8f0c05d2c8d336991860459917e6904b32d012f-3,janoshik,1,34.950,500,11985414,466b950151b39a67d273f0978a47d3b981791178,2021-10-08T07:32:27.000Z,globeimposter,2,peakmonsters,1,2021-10-09T07:32:27.000Z,DEC,34.950,DEC,34.950,34.950,,,,G1-18-KNVVLZIDCG,18,true,800,1
15417711,0d83d3aabcb95e7ae9c714e03e26425571d8a0ee-39,legendarycanary,1,2.950,500,15417711,466b950151b39a67d273f0978a47d3b981791178,2021-10-08T07:32:27.000Z,globeimposter,2,peakmonsters,1,2021-10-09T07:32:27.000Z,DEC,2.950,DEC,2.950,2.950,,,,G4-171-B8171X0LY8,171,true,1,4
11861625,ae5833bfb13fef24330a7d7beaa07500709ff1cd-8,jhackn,1,11.950,500,11861625,466b950151b39a67d273f0978a47d3b981791178,2021-10-08T07:32:27.000Z,globeimposter,2,peakmonsters,1,2021-10-09T07:32:27.000Z,DEC,11.950,DEC,11.950,11.950,,,,G3-103-MYTT2K1WSW,103,true,200,3
15500986,992a6aef5e0054e5fe86baa398f127cd9fa13595-15,lucky-cards,1,14.000,500,15500986,466b950151b39a67d273f0978a47d3b981791178,2021-10-08T07:32:27.000Z,globeimposter,2,peakmonsters,1,2021-10-09T07:32:27.000Z,DEC,14.000,DEC,14.000,14.000,,,,G1-14-N7HHO48H9C,14,true,200,1