﻿id,sell_trx_id,seller,num_cards,buy_price,fee_percent,market_item_id,rental_tx,rental_date,renter,status,market_account,rental_days,next_rental_payment,payment_currency,payment_amount,escrow_currency,escrow_amount,paid_amount,cancel_tx,cancel_player,cancel_date,card_id,card_detail_id,gold,xp,edition
10295738,afa09200d4779701f1c37d3130546d16babe3ba6-19,pbj214,1,72.450,500,10295738,4a5d01816e9c2f4a43b86645a81dbf41a7070fae,2021-10-30T05:12:48.000Z,taidoor,2,splinterlands,1,2021-10-31T05:12:48.000Z,DEC,72.450,DEC,72.450,72.450,,,,C-L35Y8NH0TS,34,false,7560,0
9460907,e61cd667379e948192037866bebb76b8954b6a71-19,smalp,1,80.603,500,9460907,8d12c7006c875dfac844e5f496e52fc87b8aa0c0,2021-10-30T05:09:48.000Z,taidoor,2,splinterlands,1,2021-10-31T05:09:48.000Z,DEC,80.603,DEC,80.603,80.603,,,,C4-200-IK65KL2234,200,false,11,4
11342455,acfa26d60a3345e59a0035106f246f4f7a47d5a7-35,fighter4-freedom,1,20.000,500,11342455,e708d0536f2d810f80a437e295f8cfe864e31d4a,2021-10-30T05:09:33.000Z,taidoor,2,splinterlands,1,2021-10-31T05:09:33.000Z,DEC,20.000,DEC,20.000,20.000,,,,G-KJS8JRGC5S,46,true,250,0
17165480,c7f04d35c9d6fd1891b8ab2ecbeacbc37be40a43-108,slbgf,1,15.000,500,17165480,b905a31ad35a18f039815dee255f26809a6df3c6,2021-10-30T05:09:00.000Z,taidoor,2,splinterlands,1,2021-10-31T05:09:00.000Z,DEC,15.000,DEC,15.000,15.000,,,,G1-47-5LRLIPQP7K,47,true,400,1
10231967,6880acc9807a4de4718c9b9358b10f765625bfc8-100,klw,1,4.968,500,10231967,8d12b87fb4a887ffbd63b6bdaa7e73a8672c3fe9,2021-10-28T14:39:39.000Z,taidoor,2,peakmonsters,1,2021-10-29T14:39:39.000Z,DEC,4.968,DEC,4.968,4.968,,,,C3-131-UJTNX4BI8W,131,false,0,3
10380051,849a227358b95e8125c6739ca465e4d4dbe7be7a-86,imperfect-one,1,0.100,500,10380051,b223584d234b901c4e60f01db614a481bc2d4b27,2021-10-28T14:38:48.000Z,taidoor,2,peakmonsters,1,2021-10-29T14:38:48.000Z,DEC,0.100,DEC,0.100,0.100,,,,C4-171-CRJVMWEJA8,171,false,1,4
16236152,95f1b4e667ceb84cf8e56f9adb8b08538378abc9-2,otage,1,6.550,500,16236152,71960ed07e2580b960763af609d131b7d6443882,2021-10-28T14:38:27.000Z,taidoor,2,peakmonsters,1,2021-10-29T14:38:27.000Z,DEC,7.100,DEC,7.100,7.100,,,,C-20U6QTX4OG,18,false,100,0
10719904,df4194f1bcd8cf1d2f81e66109625b67124a7606-1,pladozero,1,15.600,500,10719904,71802c9046335b1d1dee7a0d7cf14b403119083f,2021-10-28T14:37:57.000Z,taidoor,2,peakmonsters,1,2021-10-29T14:37:57.000Z,DEC,15.600,DEC,15.600,15.600,,,,G1-14-S82N9MHPOW,14,true,200,1
11468212,7daa5e05cce6fd5ae756ae6eca0296534895fcf6-1,monstergames,1,8.166,500,11468212,71802c9046335b1d1dee7a0d7cf14b403119083f,2021-10-28T14:37:57.000Z,taidoor,2,peakmonsters,1,2021-10-29T14:37:57.000Z,DEC,8.166,DEC,8.166,8.166,,,,G1-12-LLDJCU1A1C,12,true,200,1
12501485,017741ee46d7f5e244d2d08b11f949a50b5130c9-0,bitcoinportugal,1,11.840,500,12501485,71802c9046335b1d1dee7a0d7cf14b403119083f,2021-10-28T14:37:57.000Z,taidoor,2,peakmonsters,1,2021-10-29T14:37:57.000Z,DEC,11.840,DEC,11.840,11.840,,,,G3-103-BZ03ZE89DC,103,true,200,3
11611713,41eaf7aba1620d333eae61aee57ecfe86d506d6c-0,jzn,1,10.000,500,11611713,71802c9046335b1d1dee7a0d7cf14b403119083f,2021-10-28T14:37:57.000Z,taidoor,2,peakmonsters,1,2021-10-29T14:37:57.000Z,DEC,10.000,DEC,10.000,10.000,,,,G3-91-CV40DDE11C,91,true,200,3
15069119,0e73becc941608d9f7f3d8b4466a2df7f313a7fd-0,calvinishobbes,1,6.000,500,15069119,71802c9046335b1d1dee7a0d7cf14b403119083f,2021-10-28T14:37:57.000Z,taidoor,2,peakmonsters,1,2021-10-29T14:37:57.000Z,DEC,6.000,DEC,6.000,6.000,,,,G4-169-MCG44VBRV4,169,true,1,4
17369137,e260d32387a9683a46adc4c5e25788e8184d2b23-60,tishntash,1,40.950,500,17369137,71802c9046335b1d1dee7a0d7cf14b403119083f,2021-10-28T14:37:57.000Z,taidoor,2,peakmonsters,1,2021-10-29T14:37:57.000Z,DEC,40.950,DEC,40.950,40.950,,,,G4-178-HKMQNVP0TS,178,true,1,4
10750650,45f0364a87efed6566247dd851170568596e7d8d-0,netaterra,1,6.000,500,10750650,922f87c2709e8f444167b44c2ce0ddc0855664c0,2021-10-23T13:13:36.000Z,taidoor,2,peakmonsters,1,2021-10-24T13:13:36.000Z,DEC,6.000,DEC,6.000,6.000,,,,C3-131-UIGQFHKJ28,131,false,0,3
10201292,68f11b1102d958b14244d547603edc53dd36bd0d-0,cal1,1,15.000,500,10201292,0363da328fd6d0697bd7df1fb460cfe7e0ef6bc0,2021-10-23T13:12:27.000Z,taidoor,2,peakmonsters,1,2021-10-24T13:12:27.000Z,DEC,15.000,DEC,15.000,15.000,,,,C-1HPBZ20P2O,18,false,300,0
11468214,7daa5e05cce6fd5ae756ae6eca0296534895fcf6-3,monstergames,1,8.166,500,11468214,3aa1a0c151ae5c108f2de46950a55f9f04bfb2bb,2021-10-23T13:12:18.000Z,taidoor,2,peakmonsters,1,2021-10-24T13:12:18.000Z,DEC,8.166,DEC,8.166,8.166,,,,G1-12-QZ1BTITFR4,12,true,200,1
9938380,85109fb002cc3042bfe2649a4d521e9ba5a8fa7e-11,toocurious,1,44.000,500,9938380,3aa1a0c151ae5c108f2de46950a55f9f04bfb2bb,2021-10-23T13:12:18.000Z,taidoor,2,peakmonsters,1,2021-10-24T13:12:18.000Z,DEC,44.000,DEC,44.000,44.000,,,,G4-178-S8MOLZVNOW,178,true,1,4
10473668,788e266c22668765364c342331ea20cbc52167a3-1,athunderstruck,1,18.839,500,10473668,3aa1a0c151ae5c108f2de46950a55f9f04bfb2bb,2021-10-23T13:12:18.000Z,taidoor,2,peakmonsters,1,2021-10-24T13:12:18.000Z,DEC,18.839,DEC,18.839,18.839,,,,G3-91-EY2XR4XEI8,91,true,200,3
15495529,5fc11f7f9425f80ef45febcdc88610f7394f60c4-2,mulletwang,1,18.000,500,15495529,3aa1a0c151ae5c108f2de46950a55f9f04bfb2bb,2021-10-23T13:12:18.000Z,taidoor,2,peakmonsters,1,2021-10-24T13:12:18.000Z,DEC,18.000,DEC,18.000,18.000,,,,G1-14-XKFZS2PVWW,14,true,200,1
16036926,331dbf9dad1a85ac0d38dadc8e7f771fe835c78a-37,aatrox,1,14.840,500,16036926,f9616d1b98e66c99809512eec2cbf2f845771778,2021-10-17T16:16:03.000Z,taidoor,2,peakmonsters,1,2021-10-18T16:16:03.000Z,DEC,14.840,DEC,14.840,14.840,,,,G-AJWFTGAY1S,14,true,250,0
16127626,6247f0923f35694cf40e02621b2b97fc4468956c-0,khazbot,1,6.000,500,16127626,670af54e81165a05a53c9dd90a971b6f187c9306,2021-10-17T16:14:33.000Z,taidoor,2,peakmonsters,1,2021-10-18T16:14:33.000Z,DEC,6.000,DEC,6.000,6.000,,,,C4-293-7V7V6UHAG0,293,false,1,4
11260009,39d3a7026d97548fa29025043fc407dbf789c7bf-1,d-pend,1,7.990,500,11260009,a601bfc16904f0da2d70047d809d1876fa8e8017,2021-10-17T16:14:18.000Z,taidoor,2,peakmonsters,1,2021-10-18T16:14:18.000Z,DEC,7.990,DEC,7.990,7.990,,,,G1-12-UAPHQ0GZA8,12,true,200,1
15426844,302d9e6e173a5f855dbf4f46332e4df060274638-4,legendarycanary,1,2.440,500,15426844,a601bfc16904f0da2d70047d809d1876fa8e8017,2021-10-17T16:14:18.000Z,taidoor,2,peakmonsters,1,2021-10-18T16:14:18.000Z,DEC,2.440,DEC,2.440,2.440,,,,G4-171-3F50D9G634,171,true,1,4
10423291,c4e13acfda332f92b7a97614d5eb2c9dc225fdd2-5,mattclarke,1,24.463,500,10423291,f83c6b65f21fbef8551f91055c5df48aaae05423,2021-10-12T13:34:18.000Z,taidoor,2,peakmonsters,1,2021-10-13T13:34:18.000Z,DEC,24.463,DEC,24.463,24.463,,,,G-86A5NZW80W,12,true,1000,0
15187029,0076ae7b01592653e58ad1e49549e26147abab25-108,world4play2earn,1,5.740,500,15187029,10ed3e5c452bd86d1ad0f2cbf12e972806497d77,2021-10-12T13:33:36.000Z,taidoor,2,peakmonsters,1,2021-10-13T13:33:36.000Z,DEC,5.740,DEC,5.740,5.740,,,,C3-131-WROIYP3XXC,131,false,0,3
11527161,1f6fe248ae280d9d265674f52556038404011012-105,forealife,1,3.550,500,11527161,b61b8db55fedf3374e3f79d1127eccbc0f153419,2021-10-12T13:33:12.000Z,taidoor,2,peakmonsters,1,2021-10-13T13:33:12.000Z,DEC,3.550,DEC,3.550,3.550,,,,G4-171-CO83AKASO0,171,true,1,4
15474387,44b62bb5c691c9fdbbbadd00e1848053638ed7d5-0,otherbrandt,1,4.000,500,15474387,dd47fb2f6cc4828c2d14b8c7ed7759240d436852,2021-10-12T13:32:00.000Z,taidoor,2,peakmonsters,1,2021-10-13T13:32:00.000Z,DEC,9.800,DEC,9.800,9.800,,,,C4-293-ES927T36A8,293,false,1,4
10295563,1ed25ce36ecde51bab515a6607c5c1d1d336dceb-0,gigel3,1,20.000,500,10295563,e2f342468f4cba7ffd8b38e64d67b243604a4880,2021-10-12T13:31:54.000Z,taidoor,2,peakmonsters,1,2021-10-13T13:31:54.000Z,DEC,20.000,DEC,20.000,20.000,,,,G1-18-Q6JDZ8J7TS,18,true,400,1
9955552,2cb137fcfbf9a268aa64f219e275f7131c905176-0,okean123,1,10.000,500,9955552,e2f342468f4cba7ffd8b38e64d67b243604a4880,2021-10-12T13:31:54.000Z,taidoor,2,peakmonsters,1,2021-10-13T13:31:54.000Z,DEC,10.000,DEC,10.000,10.000,,,,G3-91-ODP3WY5EQO,91,true,200,3
10536060,8ff3acbe77740031634e510c886d7297256bb142-0,goldninja,1,9.850,500,10536060,e2f342468f4cba7ffd8b38e64d67b243604a4880,2021-10-12T13:31:54.000Z,taidoor,2,peakmonsters,1,2021-10-13T13:31:54.000Z,DEC,9.850,DEC,9.850,9.850,,,,G3-103-FUK8V7SYU8,103,true,200,3
15069119,0e73becc941608d9f7f3d8b4466a2df7f313a7fd-0,calvinishobbes,1,6.000,500,15069119,e2f342468f4cba7ffd8b38e64d67b243604a4880,2021-10-12T13:31:54.000Z,taidoor,2,peakmonsters,1,2021-10-13T13:31:54.000Z,DEC,6.000,DEC,6.000,6.000,,,,G4-169-MCG44VBRV4,169,true,1,4
12056088,9a87d86d85e6fff230a6d614d40a10ac8b91a076-13,felander,1,9.950,500,12056088,6759ad629c1213596890a5ad9aedfe7d8512e16f,2021-10-04T15:30:42.000Z,taidoor,2,peakmonsters,1,2021-10-05T15:30:42.000Z,DEC,9.950,DEC,9.950,9.950,,,,G3-103-2NEDQJA19S,103,true,200,3
9947105,11d94b915bf794d90b9ca5f741bf1814a37d6ae5-19,masterthematrix,1,2.296,500,9947105,6759ad629c1213596890a5ad9aedfe7d8512e16f,2021-10-04T15:30:42.000Z,taidoor,2,peakmonsters,1,2021-10-05T15:30:42.000Z,DEC,2.296,DEC,2.296,2.296,,,,G4-171-O5YVSFYBE8,171,true,1,4
11039209,58c34dd01b7487e4a2d10a0f54468ab9ee4e98ec-0,digital-fortress,1,12.943,500,11039209,6759ad629c1213596890a5ad9aedfe7d8512e16f,2021-10-04T15:30:42.000Z,taidoor,2,peakmonsters,1,2021-10-05T15:30:42.000Z,DEC,12.943,DEC,12.943,12.943,,,,G1-14-KCU3V0MMJ4,14,true,200,1