﻿id,sell_trx_id,seller,num_cards,buy_price,fee_percent,market_item_id,rental_tx,rental_date,renter,status,market_account,rental_days,next_rental_payment,payment_currency,payment_amount,escrow_currency,escrow_amount,paid_amount,cancel_tx,cancel_player,cancel_date,card_id,card_detail_id,gold,xp,edition
17191339,21d35778292246d5c3523afdec801cddd8fd200b-71,enminers-vault,1,39.950,500,17191339,715b424c31aca1e78e5669ae4700a7687cb66fdd,2021-10-26T11:25:15.000Z,markmaph,2,peakmonsters,1,2021-10-27T11:25:15.000Z,DEC,49.450,DEC,49.450,49.450,,,,G4-178-4TAAHEI1XC,178,true,1,4
11214624,2bd0011f79cfbe898706c299326e7c38d4614b28-9,alphachicken,1,4.945,500,11214624,b242e67e1e8bd0a0d6d45eebeabe8b4c2f58125a,2021-10-26T11:24:51.000Z,markmaph,2,peakmonsters,1,2021-10-27T11:24:51.000Z,DEC,4.999,DEC,4.999,4.999,,,,C3-131-E3DDPTYMC0,131,false,0,3
13193533,2133f9f8e7bcfda6d4650c740f6c74b20047c648-0,poyim,1,12.000,500,13193533,18c31d52ebd217fb57e09eee2e19d543aa413e22,2021-10-26T11:24:36.000Z,markmaph,2,peakmonsters,1,2021-10-27T11:24:36.000Z,DEC,12.000,DEC,12.000,12.000,,,,C-381CCXVQLC,14,false,60,0
16248044,e1ebdb5c8049fbea7ccdfb3fd33901fe913e0b16-129,doloknight,1,8.800,500,16248044,9c7df8e3a0c557de9d75bd9c741aaef89ffa3eb0,2021-10-26T11:24:09.000Z,markmaph,2,peakmonsters,1,2021-10-27T11:24:09.000Z,DEC,8.800,DEC,8.800,8.800,,,,C4-293-EN47RXC57K,293,false,1,4
11048227,9dc7256f283cf698def149eaf28e8a4e5ee22464-3,ojamajo,1,10.000,500,11048227,a27a2cc6e935fa78706d94d5485b8b054ae58e95,2021-10-26T11:24:03.000Z,markmaph,2,peakmonsters,1,2021-10-27T11:24:03.000Z,DEC,10.000,DEC,10.000,10.000,,,,C-T753AXE7N4,18,false,100,0
17710980,9ff46c4a1f2d188862a51e37a2cd80b77a394b84-0,rege5,1,19.000,500,17710980,01748e7b5feb82ca4f1c3cbc7981a9aff952191d,2021-10-26T11:23:45.000Z,markmaph,2,peakmonsters,1,2021-10-27T11:23:45.000Z,DEC,19.000,DEC,19.000,19.000,,,,G3-91-VAW7OXGP74,91,true,200,3
12479109,34c9acbbf66e3f483955234f67d9aec2981ba206-26,nsfw-power,1,11.600,500,12479109,4048916a86c56980e2c1ae4e10365b260729b6cb,2021-10-26T11:23:39.000Z,markmaph,2,peakmonsters,1,2021-10-27T11:23:39.000Z,DEC,11.600,DEC,11.600,11.600,,,,G3-103-WTAHZ7L2HS,103,true,200,3
17470127,1701e8066b7a4a1501fcf3230a31649fa6d77af2-30,imperij4427,1,6.000,500,17470127,bc12264771df46a4db6374d553e79fafdd87855b,2021-10-26T11:23:30.000Z,markmaph,2,peakmonsters,1,2021-10-27T11:23:30.000Z,DEC,6.000,DEC,6.000,6.000,,,,G4-169-W8PM888IHS,169,true,1,4
10610673,7e97c205f396b802dc6176872f41b941a5e2929e-0,spaceshib,1,7.050,500,10610673,c44ca94e99dfeffa5c3047077732c2d478f3cbf9,2021-10-26T11:23:21.000Z,markmaph,2,peakmonsters,1,2021-10-27T11:23:21.000Z,DEC,7.050,DEC,7.050,7.050,,,,G4-171-OHW5J4JU1S,171,true,1,4
15616401,80b953c5d3bf5daf3384a0bb61e3278450b64625-0,scooter77,1,7.900,500,15616401,7c6c32d6fdbc2a671347554e161c225a5e5adde3,2021-10-21T10:39:15.000Z,markmaph,2,peakmonsters,1,2021-10-22T10:39:15.000Z,DEC,7.900,DEC,7.900,7.900,,,,G4-169-CVBRDELUS0,169,true,1,4
11098182,063448de760af0428bb1974c3751b5085cb27de7-0,birillitudine,1,5.950,500,11098182,3f0eea27580be68e163ff933b9ef68be60bf46a6,2021-10-21T10:38:39.000Z,markmaph,2,peakmonsters,1,2021-10-22T10:38:39.000Z,DEC,8.850,DEC,8.850,8.850,,,,C4-293-50IBICR880,293,false,1,4
15536184,ca08e8f24c29db307cbe548a55737fc173af899c-4,legendarycanary,1,29.800,500,15536184,ed1ae11e16d6fccd373f3ecaf2c1655250b4adbe,2021-10-21T10:38:24.000Z,markmaph,2,peakmonsters,1,2021-10-22T10:38:24.000Z,DEC,29.800,DEC,29.800,29.800,,,,G1-18-B392BDS0HS,18,true,400,1
11464984,18baedb6ea4546468e3497c56f4b9b6abe7d6997-0,iluvwvmountains,1,11.539,500,11464984,ed1ae11e16d6fccd373f3ecaf2c1655250b4adbe,2021-10-21T10:38:24.000Z,markmaph,2,peakmonsters,1,2021-10-22T10:38:24.000Z,DEC,11.539,DEC,11.539,11.539,,,,G3-103-N5NA1OEEQ8,103,true,200,3
10230735,0910cf0c57ca57d81e10f7422b8fe3c257b12b62-6,jeffandhisguitar,1,9.850,500,10230735,ed1ae11e16d6fccd373f3ecaf2c1655250b4adbe,2021-10-21T10:38:24.000Z,markmaph,2,peakmonsters,1,2021-10-22T10:38:24.000Z,DEC,9.850,DEC,9.850,9.850,,,,G3-91-KPWCKWAYMO,91,true,200,3
15866193,355ef27045948e5d1762e1edd53fd3845eb1253e-3,fighter4-freedom,1,45.000,500,15866193,ed1ae11e16d6fccd373f3ecaf2c1655250b4adbe,2021-10-21T10:38:24.000Z,markmaph,2,peakmonsters,1,2021-10-22T10:38:24.000Z,DEC,45.000,DEC,45.000,45.000,,,,G4-178-B5EWVE8QKG,178,true,1,4
10287047,0c3fb4d7d10c081243b91bc6cfb0f124bb8fe4bf-0,gungunkrishu,1,20.000,500,10287047,ed1ae11e16d6fccd373f3ecaf2c1655250b4adbe,2021-10-21T10:38:24.000Z,markmaph,2,peakmonsters,1,2021-10-22T10:38:24.000Z,DEC,20.000,DEC,20.000,20.000,,,,G1-12-0E9XEO7XHC,12,true,200,1
15909402,43d825243c8a4252eb9e45b83f2f717bbd0bfc2c-99,moriarty95,1,5.150,500,15909402,ed1ae11e16d6fccd373f3ecaf2c1655250b4adbe,2021-10-21T10:38:24.000Z,markmaph,2,peakmonsters,1,2021-10-22T10:38:24.000Z,DEC,5.150,DEC,5.150,5.150,,,,G4-171-SAO0C0HNYO,171,true,1,4
16278135,fedd510317f6a22f78f1ac12905882fb69061278-6,warrentrx,1,5.000,500,16278135,e1c148175a41e8835a5cc9fbcbd0db11857d1d8d,2021-10-16T00:41:06.000Z,markmaph,2,peakmonsters,1,2021-10-17T00:41:06.000Z,CREDITS,73.802,DEC,5.000,5.000,,,,C-0WJWW12O0W,14,false,20,0
10644316,8ad0c9dddd6c191df42b68b8554d4e8d4b304b2c-8,fighter4-freedom,1,20.000,500,10644316,0b9a6ea581ff8e015ba059e3a64455dcdf1061a7,2021-10-16T00:40:36.000Z,markmaph,2,peakmonsters,1,2021-10-17T00:40:36.000Z,DEC,20.000,DEC,20.000,20.000,,,,G3-91-F7Z7VDW6WW,91,true,200,3
16248364,1d4a22aae17fb9a3b3d738cec7ee37f162c6e94b-45,doloknight,1,8.950,500,16248364,d54b60908c8633885d2cbbb775d0dc75465af84f,2021-10-16T00:40:03.000Z,markmaph,2,peakmonsters,1,2021-10-17T00:40:03.000Z,DEC,8.950,DEC,8.950,8.950,,,,C4-293-VMIMJLSXOG,293,false,1,4
10596180,516a25041f25ef80a0a2ba117b0b09674505b1a0-0,rege2,1,15.000,500,10596180,5d28b9394aa5c163d7d030b3a6602d8464f30f27,2021-10-16T00:39:24.000Z,markmaph,2,peakmonsters,1,2021-10-17T00:39:24.000Z,DEC,15.000,DEC,15.000,15.000,,,,G1-12-VOYD4QSIV4,12,true,200,1
12814147,ce3b228761102c9162509d99cf9878299376a1e6-29,deezrentals,1,8.950,500,12814147,289a08cdde0248f8e46f5908b02932fa114cd27f,2021-10-16T00:39:12.000Z,markmaph,2,peakmonsters,1,2021-10-17T00:39:12.000Z,DEC,8.950,DEC,8.950,8.950,,,,G4-169-QZ0V9HY61C,169,true,1,4
10426588,05272f4c8d01ea11b838958eb820e0973506d740-3,foggybottom,1,14.940,500,10426588,14c03954761a4558092d3bdc7dd856d145246c62,2021-10-16T00:39:12.000Z,markmaph,2,peakmonsters,1,2021-10-17T00:39:12.000Z,DEC,14.940,DEC,14.940,14.940,,,,G3-103-ZX3FEAV2R4,103,true,200,3
11434390,3de0379626fbd2d7ea1e196a3900f7ef298559b0-0,braaiboy,1,27.760,500,11434390,2b2655fc4b77116eeab44a06a963945725bbca03,2021-10-16T00:39:03.000Z,markmaph,2,peakmonsters,1,2021-10-17T00:39:03.000Z,DEC,27.760,DEC,27.760,27.760,,,,G3-131-XWJB91EMA8,131,true,400,3
10543975,ca76bc2183b310140fb0fb5a71920e5724b7cc74-0,sonniwins,1,24.800,500,10543975,d7281b1512916b111b47527835b6d983350ffb45,2021-10-16T00:38:57.000Z,markmaph,2,peakmonsters,1,2021-10-17T00:38:57.000Z,DEC,24.800,DEC,24.800,24.800,,,,G1-18-K4X3UA8U0G,18,true,400,1
16148658,dd600542721fd5131293f33cfbbf7ada2dc577f5-42,bigbluebananas,1,3.640,500,16148658,6a8a4ddbd3f7ff8a01b04f1564862f3d28969a65,2021-10-16T00:36:30.000Z,markmaph,2,splinterlands,1,2021-10-17T00:36:30.000Z,DEC,3.640,DEC,3.640,3.640,,,,G4-171-0M7JVB3TO0,171,true,1,4
11044790,c3ea17abfd94e0b58004c4273967da59a84be3c5-47,smalp,1,149.850,500,11044790,9f855532b3a28afe3a9321460ab94810af810a7b,2021-10-14T20:06:48.000Z,markmaph,2,splinterlands,1,2021-10-15T20:06:48.000Z,DEC,149.850,DEC,149.850,149.850,,,,G-BHTREQFTQ8,34,true,2750,0
15417725,0d83d3aabcb95e7ae9c714e03e26425571d8a0ee-53,legendarycanary,1,2.950,500,15417725,c47bc3232a63bbf5dd49993002d25b9bebde46f0,2021-10-11T15:03:09.000Z,markmaph,2,peakmonsters,1,2021-10-12T15:03:09.000Z,DEC,2.950,DEC,2.950,2.950,,,,G4-171-WLR10PS03K,171,true,1,4
10015240,ea3e9f6cb0e7e90526e6e6db1c9adc4eb30ea09a-10,goldninja,1,10.000,500,10015240,c47bc3232a63bbf5dd49993002d25b9bebde46f0,2021-10-11T15:03:09.000Z,markmaph,2,peakmonsters,1,2021-10-12T15:03:09.000Z,DEC,10.000,DEC,10.000,10.000,,,,G1-14-65C8NRGTSG,14,true,200,1
15717290,cea05185733dfa982cff5a04b3f0f38507eae431-93,faceb,1,14.950,500,15717290,10671e25dc34907898da4e203a1188e3599b98b2,2021-10-11T15:00:06.000Z,markmaph,2,peakmonsters,1,2021-10-12T15:00:06.000Z,DEC,14.950,DEC,14.950,14.950,,,,G3-91-BDK8LZRFTS,91,true,200,3
11207789,8241c8e8b4c7491d105c0254ceaab981b9a9a28b-14,smalp,1,34.950,500,11207789,10671e25dc34907898da4e203a1188e3599b98b2,2021-10-11T15:00:06.000Z,markmaph,2,peakmonsters,1,2021-10-12T15:00:06.000Z,DEC,34.950,DEC,34.950,34.950,,,,G1-18-66JWLCD0PS,18,true,400,1
15803769,a44cbc104311bad690480624c4f951506f590e0f-27,sirdemian,1,49.750,500,15803769,10671e25dc34907898da4e203a1188e3599b98b2,2021-10-11T15:00:06.000Z,markmaph,2,peakmonsters,1,2021-10-12T15:00:06.000Z,DEC,49.750,DEC,49.750,49.750,,,,G4-178-XX9RNN4ZWW,178,true,1,4
15717579,482077d28619cd91d6b5da782ccb6929aae729d2-17,faceb,1,9.740,500,15717579,10671e25dc34907898da4e203a1188e3599b98b2,2021-10-11T15:00:06.000Z,markmaph,2,peakmonsters,1,2021-10-12T15:00:06.000Z,DEC,9.740,DEC,9.740,9.740,,,,G3-103-Q97YQ3P0B4,103,true,200,3
10154077,77272c96270b770ce5199541e2188c1f8340fa96-10,monsterveritas,1,29.824,500,10154077,0de2cee56b87a3e7f5d7960f22890f75ee9d0329,2021-10-07T11:08:15.000Z,markmaph,2,peakmonsters,1,2021-10-08T11:08:15.000Z,DEC,29.824,DEC,29.824,29.824,,,,G3-131-N54R8KQGEO,131,true,400,3
10589606,e99c6c63f6df6aa4bb83ac7d178cf9b9fd7c0c12-0,teammonsters,1,35.000,500,10589606,2c34234b900b0a20e61816ec89381240e48adc6b,2021-10-07T10:44:18.000Z,markmaph,2,peakmonsters,1,2021-10-08T10:44:18.000Z,DEC,35.000,DEC,35.000,35.000,,,,C3-96-N6SAXC439S,96,false,7560,3
12067064,643358f6ef1aeb18a2a3df52677954527fd5f78f-21,toocurious,1,34.800,500,12067064,2c34234b900b0a20e61816ec89381240e48adc6b,2021-10-07T10:44:18.000Z,markmaph,2,peakmonsters,1,2021-10-08T10:44:18.000Z,DEC,34.800,DEC,34.800,34.800,,,,C4-147-6G86OUJVQO,147,false,400,4
11376968,467b151f0b58f74eacf8ea333a909ec35a062f63-0,picciridda2,1,25.900,500,11376968,62f7cc5f165b312ea3cd1fae3a3292db893cae88,2021-10-07T10:43:51.000Z,markmaph,2,peakmonsters,1,2021-10-08T10:43:51.000Z,DEC,25.900,DEC,25.900,25.900,,,,C1-39-IWQGBBDJ1C,39,false,8550,1
13059101,a75b02e95acb2a38bffde15fe26949a388f45aa4-0,ev6,1,34.900,500,13059101,3b0f0e4a17a7f67450687b693d35b7feade62ccc,2021-10-07T10:43:27.000Z,markmaph,2,peakmonsters,1,2021-10-08T10:43:27.000Z,DEC,34.900,DEC,34.900,34.900,,,,C1-4-5XM5NHO1V4,4,false,7560,1
10618889,f36389b6f67fdc53f2ae8a29944e70b3ba3218ad-0,fatjimmy,1,29.000,500,10618889,3b0f0e4a17a7f67450687b693d35b7feade62ccc,2021-10-07T10:43:27.000Z,markmaph,2,peakmonsters,1,2021-10-08T10:43:27.000Z,DEC,29.000,DEC,29.000,29.000,,,,C-7UTDY6PM28,6,false,8550,1
10536890,0fb71b0d46b017542eacf28f17561854b69aec1a-25,aatrox,1,16.950,500,10536890,3b0f0e4a17a7f67450687b693d35b7feade62ccc,2021-10-07T10:43:27.000Z,markmaph,2,peakmonsters,1,2021-10-08T10:43:27.000Z,DEC,16.950,DEC,16.950,16.950,,,,C3-94-3ZM8CMFG8W,94,false,8550,3
9602790,2c7ca8e9eb38c0d935dbdbf9bb95379e30dad6eb-2,lucky-cards,1,22.500,500,9602790,3b0f0e4a17a7f67450687b693d35b7feade62ccc,2021-10-07T10:43:27.000Z,markmaph,2,peakmonsters,1,2021-10-08T10:43:27.000Z,DEC,22.500,DEC,22.500,22.500,,,,C4-160-5XJVZ7EVVK,160,false,400,4
9413370,117bf1b17e8c366724f7b5cb4425956aebe66299-2,lucky-cards,1,44.000,500,9413370,3b0f0e4a17a7f67450687b693d35b7feade62ccc,2021-10-07T10:43:27.000Z,markmaph,2,peakmonsters,1,2021-10-08T10:43:27.000Z,DEC,44.000,DEC,44.000,44.000,,,,C3-133-443UGPI2HS,133,false,8550,3
9462350,69d68e43a89cccd4c7fe30bf1f0903fe91c4b7dc-88,smalp,1,45.551,500,9462350,b3afec488c50765c706e20ae331ae49e1fd31b9f,2021-10-07T10:41:36.000Z,markmaph,2,peakmonsters,1,2021-10-08T10:41:36.000Z,DEC,45.551,DEC,45.551,45.551,,,,C4-197-OR9V6WM8IO,197,false,46,4
14899993,4f3e3d18d0692e17af907daf7fe27693c011e942-41,jarvie,1,53.950,500,14899993,cf468ae864d9a0c01753c27d84a53f480541df3c,2021-10-07T10:40:51.000Z,markmaph,2,peakmonsters,1,2021-10-08T10:40:51.000Z,DEC,53.950,DEC,53.950,53.950,,,,C4-145-ERX9KUZSF4,145,false,115,4
10295543,a15cdcef57b2ec376e377e93a1f65b55ce7bdece-26,pbj214,1,69.394,500,10295543,10df6a60200c8dd4df237a2603b3994c7a4520e4,2021-10-07T10:40:39.000Z,markmaph,2,peakmonsters,1,2021-10-08T10:40:39.000Z,DEC,69.394,DEC,69.394,69.394,,,,C4-167-GVGW5X0XUO,167,false,115,4
9475032,ecd9bbb38ceb857eeed3b4a669c99c5785199001-24,smalp,1,5.536,500,9475032,0c9a84f6945c0f7280ade457a9dd3478f34242d7,2021-10-05T04:27:06.000Z,markmaph,2,peakmonsters,1,2021-10-06T04:27:06.000Z,DEC,5.536,DEC,5.536,5.536,,,,G1-63-PJ6T7IALFK,63,true,400,1
9573593,eb3ff558d7d5c5fb5f9b4956867307551088883d-0,bembelmaniac,1,20.000,500,9573593,b455f6130e667e5dcea07d0b0243ffecd1a81e59,2021-10-05T04:26:54.000Z,markmaph,2,peakmonsters,1,2021-10-06T04:26:54.000Z,DEC,20.000,DEC,20.000,20.000,,,,G3-104-5JKVSIAZE8,104,true,800,3
10809415,dfd4233f475dd2b901b00145d742a045c2b4c800-69,vugtis,1,24.900,500,10809415,24cd8c83818b5c9792515d44a74b6b86a9dcf9bd,2021-10-05T04:25:06.000Z,markmaph,2,peakmonsters,1,2021-10-06T04:25:06.000Z,CREDITS,242.098,DEC,24.900,24.900,,,,C4-200-F58YAON8N4,200,false,3,4
14318846,12139a2fe96cccfd76155c3bfa90918ebcf73b4e-40,imperfect-one,1,27.760,500,14318846,847a20f36b5017d719fbc945cea81ea32f6c8c63,2021-10-05T04:18:06.000Z,markmaph,2,peakmonsters,1,2021-10-06T04:18:06.000Z,DEC,27.760,DEC,27.760,27.760,,,,G3-131-0NBD0VSD2O,131,true,400,3
9418870,4bff419387a704f86bf770f41d47cc5ff000ce5b-0,chekohler,1,8.400,500,9418870,a7ba247900c588f68f2701c1ef130f84180d47ba,2021-10-05T04:15:42.000Z,markmaph,2,peakmonsters,1,2021-10-06T04:15:42.000Z,DEC,8.400,DEC,8.400,8.400,,,,G3-97-005MR9S2PS,97,true,800,3