﻿id,sell_trx_id,seller,num_cards,buy_price,fee_percent,market_item_id,rental_tx,rental_date,renter,status,market_account,rental_days,next_rental_payment,payment_currency,payment_amount,escrow_currency,escrow_amount,paid_amount,cancel_tx,cancel_player,cancel_date,card_id,card_detail_id,gold,xp,edition
15578321,d13a4422808e6dad63ba46338887d98a97cb469b-4,legendarycanary,1,70.000,500,15578321,f55e1d99fbb9b870611df04e469f1fca61ad8d34,2021-10-30T06:25:45.000Z,vobfus,2,splinterlands,1,2021-10-31T06:25:45.000Z,DEC,70.000,DEC,70.000,70.000,,,,G4-175-W523RQGXPS,175,true,1,4
15449305,29223a38d15af676e16688631dadaaaf8a2c7dd8-1,lucky-cards,1,40.000,500,15449305,c09ffd6eef1359e958dee2e58efd8676f970bdf5,2021-10-30T06:23:54.000Z,vobfus,2,splinterlands,1,2021-10-31T06:23:54.000Z,DEC,40.000,DEC,40.000,40.000,,,,G0-37-RTOTYNLPM8,37,true,1000,0
11204449,aed4846f34f3af36121e5c798a296d3f9fc39c6d-30,smalp,1,38.656,500,11204449,2fdb7287b7ff01dbf2c32c243575d42eed62bc78,2021-10-30T06:21:24.000Z,vobfus,2,splinterlands,1,2021-10-31T06:21:24.000Z,DEC,38.656,DEC,38.656,38.656,,,,G4-141-VXT9WZSYE8,141,true,4,4
15582872,143e79e2c6f78d2226daf9805aa3347ee0c45b29-18,fighter4-freedom,1,29.000,500,15582872,942692f50f4b789778a30ffd6f6b9ce7791d6930,2021-10-29T03:58:00.000Z,vobfus,2,peakmonsters,1,2021-10-30T03:58:00.000Z,DEC,29.000,DEC,29.000,29.000,,,,G3-131-UIS60QSYKG,131,true,400,3
12242313,48326b00100923b5ffe550d997396503b7ed89ca-0,rasilver80,1,16.000,500,12242313,3e74d43ede791660d84e5d2cbdf7ae97d111107a,2021-10-29T03:57:54.000Z,vobfus,2,peakmonsters,1,2021-10-30T03:57:54.000Z,DEC,16.000,DEC,16.000,16.000,,,,G3-91-HAR9P1UNSG,91,true,200,3
17723555,08616c6a98c38312f8e1bfdc6246822e0d902295-20,modrid,1,0.180,500,17723555,d9b670c70b26ba8836ef17e9231a87456efa30c0,2021-10-29T03:57:39.000Z,vobfus,2,peakmonsters,1,2021-10-30T03:57:39.000Z,DEC,0.180,DEC,0.180,0.180,,,,C4-171-Z9MMR902Z4,171,false,1,4
12043534,4c4346fbae4b737c8915bd4c615bf12f6049f0c9-6,nathansenn,1,11.950,500,12043534,d96877d14b11bb0ccc66471f427484e762b4be3f,2021-10-29T03:57:15.000Z,vobfus,2,peakmonsters,1,2021-10-30T03:57:15.000Z,DEC,11.950,DEC,11.950,11.950,,,,C0-18-IQS78CEA80,18,false,100,0
17312574,291b4554c0ef3089ef8a06017749324e2784a1b2-5,enminers-vault,1,7.350,500,17312574,0923b0d294ef0bfa1d78963b607204d9b85ddaf6,2021-10-29T03:57:03.000Z,vobfus,2,peakmonsters,1,2021-10-30T03:57:03.000Z,DEC,7.350,DEC,7.350,7.350,,,,C4-293-G9KZPHYRRK,293,false,1,4
10015244,ea3e9f6cb0e7e90526e6e6db1c9adc4eb30ea09a-14,goldninja,1,13.707,500,10015244,0d94fe27704fdf2ba04980413b6306c0f2b96a2f,2021-10-29T03:56:54.000Z,vobfus,2,peakmonsters,1,2021-10-30T03:56:54.000Z,DEC,13.707,DEC,13.707,13.707,,,,G1-14-LADCJM5U40,14,true,200,1
17224634,40acc8241c9f279639c6d570a5fae78bfc6c3198-63,renterlands,1,44.949,500,17224634,0d94fe27704fdf2ba04980413b6306c0f2b96a2f,2021-10-29T03:56:54.000Z,vobfus,2,peakmonsters,1,2021-10-30T03:56:54.000Z,DEC,44.949,DEC,44.949,44.949,,,,G4-178-TOOMKR13N4,178,true,1,4
15866082,7c9f9025de291db24b404ba55eb6bfe85703094d-4,fighter4-freedom,1,8.000,500,15866082,0d94fe27704fdf2ba04980413b6306c0f2b96a2f,2021-10-29T03:56:54.000Z,vobfus,2,peakmonsters,1,2021-10-30T03:56:54.000Z,DEC,8.000,DEC,8.000,8.000,,,,G4-169-8R1R3H2KBK,169,true,1,4
10600983,350d95884e96566481d7e4f260f753633b490b23-91,namelessnameless,1,9.844,500,10600983,0d94fe27704fdf2ba04980413b6306c0f2b96a2f,2021-10-29T03:56:54.000Z,vobfus,2,peakmonsters,1,2021-10-30T03:56:54.000Z,DEC,9.844,DEC,9.844,9.844,,,,G3-103-ZWSLFNTO7K,103,true,200,3
17859433,fa17c59295f0afa30498cdf181b771553bba2876-22,readymade,1,4.250,500,17859433,0d94fe27704fdf2ba04980413b6306c0f2b96a2f,2021-10-29T03:56:54.000Z,vobfus,2,peakmonsters,1,2021-10-30T03:56:54.000Z,DEC,14.650,DEC,14.650,14.650,,,,G1-12-9D1WK91L0W,12,true,200,1
12136043,8d05e470cb7a0bfbc5a400268b936b5183f14cfa-10,clove71,1,12.900,500,12136043,b835925b4a56c1b5cffd922dc1f789c397940102,2021-10-24T15:49:36.000Z,vobfus,2,peakmonsters,1,2021-10-25T15:49:36.000Z,DEC,12.900,DEC,12.900,12.900,,,,G3-103-HAN88OZE9S,103,true,200,3
16236152,95f1b4e667ceb84cf8e56f9adb8b08538378abc9-2,otage,1,6.550,500,16236152,6e018695a6c5532a0ec6acec85a3525cc3247cb0,2021-10-24T15:49:06.000Z,vobfus,2,peakmonsters,1,2021-10-25T15:49:06.000Z,DEC,7.100,DEC,7.100,7.100,,,,C-20U6QTX4OG,18,false,100,0
17273553,ecf7f4a8585c11481735f95741ef1658a950fb15-2,digital-fortress,1,9.999,500,17273553,5a7ac0b532b50345902bfa5be6940087658217fc,2021-10-24T15:48:57.000Z,vobfus,2,peakmonsters,1,2021-10-25T15:48:57.000Z,DEC,9.999,DEC,9.999,9.999,,,,G1-12-W5RGQSZ7K0,12,true,200,1
16263331,76e19a298d3ebf27950132e9036129d427966a65-139,nyche,1,7.650,500,16263331,5a7ac0b532b50345902bfa5be6940087658217fc,2021-10-24T15:48:57.000Z,vobfus,2,peakmonsters,1,2021-10-25T15:48:57.000Z,DEC,7.850,DEC,7.850,7.850,,,,G4-169-DHJNR6W2LS,169,true,1,4
10154076,77272c96270b770ce5199541e2188c1f8340fa96-9,monsterveritas,1,29.824,500,10154076,5a7ac0b532b50345902bfa5be6940087658217fc,2021-10-24T15:48:57.000Z,vobfus,2,peakmonsters,1,2021-10-25T15:48:57.000Z,DEC,29.824,DEC,29.824,29.824,,,,G3-131-MIJAZG59A8,131,true,400,3
15417722,0d83d3aabcb95e7ae9c714e03e26425571d8a0ee-50,legendarycanary,1,2.950,500,15417722,5a7ac0b532b50345902bfa5be6940087658217fc,2021-10-24T15:48:57.000Z,vobfus,2,peakmonsters,1,2021-10-25T15:48:57.000Z,DEC,2.950,DEC,2.950,2.950,,,,G4-171-RPPKFT9QBK,171,true,1,4
15717303,cea05185733dfa982cff5a04b3f0f38507eae431-106,faceb,1,14.950,500,15717303,5a7ac0b532b50345902bfa5be6940087658217fc,2021-10-24T15:48:57.000Z,vobfus,2,peakmonsters,1,2021-10-25T15:48:57.000Z,DEC,14.950,DEC,14.950,14.950,,,,G3-91-QPIKEICNLS,91,true,200,3
16532510,8c06b90e0402129456e4c3fefefc8312a225bd15-66,sirdemian,1,44.850,500,16532510,5a7ac0b532b50345902bfa5be6940087658217fc,2021-10-24T15:48:57.000Z,vobfus,2,peakmonsters,1,2021-10-25T15:48:57.000Z,DEC,44.850,DEC,44.850,44.850,,,,G4-178-DHF8X750S0,178,true,1,4
10015241,ea3e9f6cb0e7e90526e6e6db1c9adc4eb30ea09a-11,goldninja,1,13.707,500,10015241,22a8bd76fd1dbe01a497a90d526a4a3aa49af62b,2021-10-17T16:45:06.000Z,vobfus,2,peakmonsters,1,2021-10-18T16:45:06.000Z,DEC,13.707,DEC,13.707,13.707,,,,G1-14-BKBCIWM674,14,true,200,1
14721740,97c3469cda448ddc1cfa6431089f3b2539603dee-1,rudemon,1,8.900,500,14721740,230fa7e748dcef3e7847ab7a7f520bdf9f591636,2021-10-17T16:44:18.000Z,vobfus,2,peakmonsters,1,2021-10-18T16:44:18.000Z,DEC,9.900,DEC,9.900,9.900,,,,C4-293-HE0UE26GM8,293,false,1,4
16264878,74029fcbb8b207fe3ad72de55fc5ad524c67e132-47,cryptococcus,1,9.750,500,16264878,92a9866d749ff58ba5e4e6777df53e99656e442c,2021-10-17T16:44:09.000Z,vobfus,2,peakmonsters,1,2021-10-18T16:44:09.000Z,DEC,9.750,DEC,9.750,9.750,,,,G3-91-4AEP0T8XXS,91,true,200,3
15176546,9c8fc22096009810a7395814d76f9e827cf92fbb-0,gigel6,1,20.000,500,15176546,92a9866d749ff58ba5e4e6777df53e99656e442c,2021-10-17T16:44:09.000Z,vobfus,2,peakmonsters,1,2021-10-18T16:44:09.000Z,DEC,20.000,DEC,20.000,20.000,,,,G1-18-59N4WNI2LS,18,true,400,1
11671996,a60a05073ec1b0f9b81dddabf30effbeb5a91583-0,oldtimer,1,15.000,500,11671996,92a9866d749ff58ba5e4e6777df53e99656e442c,2021-10-17T16:44:09.000Z,vobfus,2,peakmonsters,1,2021-10-18T16:44:09.000Z,DEC,15.000,DEC,15.000,15.000,,,,G4-178-RJR7AF6GIO,178,true,1,4
9424514,c601efa5f469ca6f3a15b2673ecc27cf10167c7a-5,goldninja,1,3.865,500,9424514,92a9866d749ff58ba5e4e6777df53e99656e442c,2021-10-17T16:44:09.000Z,vobfus,2,peakmonsters,1,2021-10-18T16:44:09.000Z,DEC,3.865,DEC,3.865,3.865,,,,G1-12-KK3VB8FIDS,12,true,200,1
16736976,809a1b727a961d6e0c765f7d93f6f9eafe5ba734-0,drake0524,1,1.557,500,16736976,92a9866d749ff58ba5e4e6777df53e99656e442c,2021-10-17T16:44:09.000Z,vobfus,2,peakmonsters,1,2021-10-18T16:44:09.000Z,DEC,1.557,DEC,1.557,1.557,,,,G4-171-4UMO7FYBHS,171,true,1,4
9596390,991f48a2a5df7a84a0590e515f6c26a8949ea61f-110,aatrox,1,54.147,500,9596390,3a1074b59199b580845ceeda7fd2c3419c9888b8,2021-10-15T11:30:51.000Z,vobfus,2,splinterlands,1,2021-10-16T11:30:51.000Z,DEC,54.147,DEC,54.147,54.147,,,,G-5YC093D8Y8,29,true,500,0
10043557,afb4963ef4a1dd9ec58d30ecf527b6eca65200bd-129,orangefudge,1,24.950,500,10043557,e33fd3e759fc3d2cb88bc4df8d14820b775448a8,2021-10-13T01:09:27.000Z,vobfus,2,peakmonsters,1,2021-10-14T01:09:27.000Z,DEC,24.950,DEC,24.950,24.950,,,,G3-131-JCK30PB2HS,131,true,400,3
13758997,dbf93a3735f0970c6b28529905aff87647548d25-0,panda4sale85,1,13.000,500,13758997,f34effe23f5d9b58c7b005f387be7100c56f6966,2021-10-13T01:09:06.000Z,vobfus,2,peakmonsters,1,2021-10-14T01:09:06.000Z,DEC,13.000,DEC,13.000,13.000,,,,C0-18-EOH4LN5P28,18,false,200,0
15619831,2b2a9dd7806a4b88e4c0ded723bd77b43c25ee92-13,wargames,1,44.900,500,15619831,38e043df272feefec7df1a8bd4747c1f0d6e9ffd,2021-10-13T01:06:51.000Z,vobfus,2,peakmonsters,1,2021-10-14T01:06:51.000Z,DEC,44.900,DEC,44.900,44.900,,,,G4-178-DHBHPG5BPS,178,true,1,4
15670082,47da0bc1eb9dee4d8b42bcf46b0c47a4e2247fc5-15,grosh,1,9.794,500,15670082,38e043df272feefec7df1a8bd4747c1f0d6e9ffd,2021-10-13T01:06:51.000Z,vobfus,2,peakmonsters,1,2021-10-14T01:06:51.000Z,DEC,9.794,DEC,9.794,9.794,,,,G3-103-2KM7G4XGDS,103,true,200,3
10409466,67a179aa9632650c8187153853aa4ca276c9363e-56,redparra,1,14.950,500,10409466,38e043df272feefec7df1a8bd4747c1f0d6e9ffd,2021-10-13T01:06:51.000Z,vobfus,2,peakmonsters,1,2021-10-14T01:06:51.000Z,DEC,14.950,DEC,14.950,14.950,,,,G1-14-934N8Z91S0,14,true,200,1
11633581,7800cd8020019366c43e48c197c81e18a8936778-52,bitcoinsig,1,5.100,500,11633581,38e043df272feefec7df1a8bd4747c1f0d6e9ffd,2021-10-13T01:06:51.000Z,vobfus,2,peakmonsters,1,2021-10-14T01:06:51.000Z,DEC,5.100,DEC,5.100,5.100,,,,G4-171-WJWGBHD8DC,171,true,1,4
13065915,e96cdc2a416deb0b911b54598d75a208ac08c8e8-0,dirty-absol,1,12.800,500,13065915,bee908d2416f39dff4af89f64a08f72bf00667c3,2021-10-06T16:03:48.000Z,vobfus,2,peakmonsters,1,2021-10-07T16:03:48.000Z,DEC,12.800,DEC,12.800,12.800,,,,G3-91-WCABWYPH40,91,true,200,3
12935849,a8ca5f48786e226cbdd36375d0355147f8645c78-6,davemccoy,1,4.190,500,12935849,0f2281454f7b994a469777d0c4b16e5d7f05d6e1,2021-10-06T16:03:09.000Z,vobfus,2,peakmonsters,1,2021-10-07T16:03:09.000Z,DEC,4.190,DEC,4.190,4.190,,,,G1-12-YQ65POIDG0,12,true,200,1
12135765,17f2e936a82cb46a110898bd2d081d3a63696318-13,clove71,1,16.900,500,12135765,0f2281454f7b994a469777d0c4b16e5d7f05d6e1,2021-10-06T16:03:09.000Z,vobfus,2,peakmonsters,1,2021-10-07T16:03:09.000Z,DEC,16.900,DEC,16.900,16.900,,,,G1-14-MKBIB6L0XS,14,true,200,1
11934105,46cbaa19921c1c595603f06c0775f189f26da497-0,philippekiene,1,10.000,500,11934105,0f2281454f7b994a469777d0c4b16e5d7f05d6e1,2021-10-06T16:03:09.000Z,vobfus,2,peakmonsters,1,2021-10-07T16:03:09.000Z,DEC,10.000,DEC,10.000,10.000,,,,G3-103-VS03MLHK3K,103,true,200,3