﻿id,sell_trx_id,seller,num_cards,buy_price,fee_percent,market_item_id,rental_tx,rental_date,renter,status,market_account,rental_days,next_rental_payment,payment_currency,payment_amount,escrow_currency,escrow_amount,paid_amount,cancel_tx,cancel_player,cancel_date,card_id,card_detail_id,gold,xp,edition
11505743,25bc75d0501e56130c31c4275ede3347e146a679-119,forealife,1,14.900,500,11505743,57f9d0a9cacdbe0d53c196dc8e4f3c918557d8ea,2021-11-02T07:22:12.000Z,changeup,1,peakmonsters,1,2021-11-03T07:22:12.000Z,DEC,14.900,DEC,14.900,14.900,,,,G3-91-3N01L97ATC,91,true,200,3
10543297,4a78958bb5b559702c7213aeeed84216bf45372f-0,sonniwins,1,6.900,500,10543297,e48482758c920d59666df6de78b3c5c63437fd0b,2021-11-02T07:21:27.000Z,changeup,1,peakmonsters,1,2021-11-03T07:21:27.000Z,DEC,6.900,DEC,6.900,6.900,,,,C-MZ20XSS9TC,18,false,300,0
16167775,3c86a274695bd77ffef4c8e832a218f20c76d00c-11,fighter4-freedom,1,10.000,500,16167775,ddaabf3f5e7a80010a1dd83bd52f468c5a94eb8e,2021-11-02T07:15:18.000Z,changeup,1,splinterlands,1,2021-11-03T07:15:18.000Z,DEC,10.000,DEC,10.000,10.000,,,,C4-293-55DCGZU9SG,293,false,1,4
18264609,8c7aa6c31673fd9bc0af7935d2ae67378ef7f7e5-42,herons-unlimited,1,26.000,500,18264609,92a3262a8a23d5c0ad3aafc6a9de25b329bdde4e,2021-11-02T07:15:00.000Z,changeup,1,splinterlands,1,2021-11-03T07:15:00.000Z,DEC,26.000,DEC,26.000,26.000,,,,G3-131-85J8HL2EHC,131,true,400,3
10566354,4e4107201cc20e3802a6cdf8de600ddcff62642e-0,fighter4-freedom,1,12.000,500,10566354,637b118b5c7f369849a90641868ef083ae99125c,2021-11-02T07:14:54.000Z,changeup,1,splinterlands,1,2021-11-03T07:14:54.000Z,DEC,12.000,DEC,12.000,12.000,,,,G1-14-9KLLDN658G,14,true,200,1
14330005,a0412814849aff74bc086e65fe1b8ed3ce9abcce-132,vugtis,1,49.800,500,14330005,5b255709a92e99215dccc2afe7c36b1d1c293dbb,2021-11-02T07:14:33.000Z,changeup,1,splinterlands,1,2021-11-03T07:14:33.000Z,DEC,49.800,DEC,49.800,49.800,,,,G4-178-PYZJG7MRJ4,178,true,1,4
11046502,4d8033828f73b0b8c2a1297d4e7df82e58e775bc-0,welshstacker,1,13.500,500,11046502,6d2855ab58f667abb89cbde8ea4bb806a4d9a4b9,2021-11-02T07:13:48.000Z,changeup,1,splinterlands,1,2021-11-03T07:13:48.000Z,DEC,13.500,DEC,13.500,13.500,,,,G3-103-MJI7MF1DDC,103,true,200,3
14303776,74e6c4c550edbd049478353c99d9b7e04f808530-18,blackheart2,1,9.550,500,14303776,f2a4ecabb6a6173e159756ab5f7df006d3fe8631,2021-11-02T07:13:30.000Z,changeup,1,splinterlands,1,2021-11-03T07:13:30.000Z,DEC,9.550,DEC,9.550,9.550,,,,G4-169-TE8QCSYG5C,169,true,1,4
11065777,90aba87678678d47faa3120f15d9771792860b29-1,lucky-cards,1,4.500,500,11065777,68d4020269adb83bf0a72a9fcab55c906a25b992,2021-11-02T07:13:18.000Z,changeup,1,splinterlands,1,2021-11-03T07:13:18.000Z,DEC,4.500,DEC,4.500,4.500,,,,G1-12-T4AA1EUS8W,12,true,200,1
9306927,7a25f947b6e1b2e0e0a008c47742a57dad552620-28,smalp,1,11.363,500,9306927,76c0778847f9496bfffbd588e5e324846e0bd543,2021-10-30T07:19:39.000Z,changeup,2,splinterlands,1,2021-10-31T07:19:39.000Z,DEC,11.363,DEC,11.363,11.363,,,,C0-30-BEHNOZ5ZTC,30,false,2500,0
17277084,c8426f17b0a855df9ab595c742dd6a2dd4c63ae1-76,renterlands,1,51.550,500,17277084,2f0a584c7db583b2e6e2e50ee93985c0300a1b9c,2021-10-30T07:18:33.000Z,changeup,2,splinterlands,1,2021-10-31T07:18:33.000Z,DEC,51.550,DEC,51.550,51.550,,,,C2-128-09KRTJZLDS,128,false,2565,2
15573444,94c4f1b9e7db6ed76b4814108c84d55bcc7e61b1-1,lucky-cards,1,18.000,500,15573444,64a52b82afed730b348f36754529d2227e85afc6,2021-10-30T07:18:15.000Z,changeup,2,splinterlands,1,2021-10-31T07:18:15.000Z,DEC,18.000,DEC,18.000,18.000,,,,G3-91-0XXHZPVW3K,91,true,400,3
15300508,398552d9a5d70f1a356399fc0b773a474fd4326b-5,legendarycanary,1,12.000,500,15300508,f1e0a2e129a1553a62325a7efa6a650dca853b8b,2021-10-30T07:17:33.000Z,changeup,2,splinterlands,1,2021-10-31T07:17:33.000Z,DEC,12.000,DEC,12.000,12.000,,,,G3-214-J4SLER87NK,214,true,400,3
9472051,55a5d4800f9947e213f04e99ffb3b28ef94bea13-80,smalp,1,3.895,500,9472051,a3559e1209369f767ecbdfd6efe70000bd4dacc6,2021-10-30T07:17:18.000Z,changeup,2,splinterlands,1,2021-10-31T07:17:18.000Z,DEC,3.895,DEC,3.895,3.895,,,,C4-181-3TXWEICHEO,181,false,100,4
10366642,e80fc4b6f7c8577facea4145ceac77ac3869a11f-0,aatrox,1,18.827,500,10366642,391f68513443ae19fe690d3c18d2dc5a33437902,2021-10-30T07:15:15.000Z,changeup,2,splinterlands,1,2021-10-31T07:15:15.000Z,DEC,18.827,DEC,18.827,18.827,,,,G-6IDKX09TKG,36,true,250,0
15864962,7439da2746de1b99796e0bb1f2a56cee458f566a-20,fighter4-freedom,1,14.000,500,15864962,936a93f92064296bd19e45ae7484a39e3ed14abc,2021-10-30T07:14:42.000Z,changeup,2,splinterlands,1,2021-10-31T07:14:42.000Z,DEC,14.000,DEC,14.000,14.000,,,,G2-120-LSM7Y9R67K,120,true,200,2
17277672,baca14b946923e53ee8f4e3564dfec61d2f81857-33,renterlands,1,28.950,500,17277672,37c3a707c02084fd5f2aa72bf912516766be5f2d,2021-10-25T15:19:51.000Z,changeup,2,peakmonsters,1,2021-10-26T15:19:51.000Z,DEC,28.950,DEC,28.950,28.950,,,,G3-131-OLNP8KUM8G,131,true,400,3
17252792,a0f4efaaeef5e01c31681d08da6941ff80e7bed8-21,grosh,1,14.950,500,17252792,f445fa80c056dac58edc6646afe3e5e42a07b471,2021-10-25T15:19:33.000Z,changeup,2,peakmonsters,1,2021-10-26T15:19:33.000Z,DEC,14.950,DEC,14.950,14.950,,,,C-A58891VDGG,18,false,300,0
15899437,ba69e707be9d74a190de5a400e22f459bad85795-0,elrondaxie,1,19.500,500,15899437,912c24e2585dc6a816ecb5808db6186e6ab03cb1,2021-10-25T15:19:21.000Z,changeup,2,peakmonsters,1,2021-10-26T15:19:21.000Z,DEC,19.500,DEC,19.500,19.500,,,,C0-14-28JY8N3U4G,14,false,60,0
17386040,7d30bdce877de9c70361fb4c2cd1a51e5cebdc58-0,kush-hyg,1,8.000,500,17386040,a57f0bbb27d6f137c25a19ac33ca78560d2424d6,2021-10-25T15:19:00.000Z,changeup,2,peakmonsters,1,2021-10-26T15:19:00.000Z,DEC,8.000,DEC,8.000,8.000,,,,C4-293-QNSVNHFTRK,293,false,1,4
17385360,6eb3b06640ebdcc0a31bb1e7b4b465b58355f22e-54,uniqn,1,7.750,500,17385360,a5387f3ca1eb48e91adf98842f8e4dc356ccbcdf,2021-10-25T15:18:54.000Z,changeup,2,peakmonsters,1,2021-10-26T15:18:54.000Z,DEC,7.750,DEC,7.750,7.750,,,,G4-169-50WPENGKS0,169,true,1,4
11821763,9723b911bc5425e29c127c2a1625a85e20326d47-0,jzn,1,9.700,500,11821763,a5387f3ca1eb48e91adf98842f8e4dc356ccbcdf,2021-10-25T15:18:54.000Z,changeup,2,peakmonsters,1,2021-10-26T15:18:54.000Z,DEC,9.700,DEC,9.700,9.700,,,,G3-103-P5T7KHGJLS,103,true,200,3
17379561,d7c57a37d4aa0a7142c547fc39594dee5586ae1f-62,e-k-lo,1,8.611,500,17379561,a5387f3ca1eb48e91adf98842f8e4dc356ccbcdf,2021-10-25T15:18:54.000Z,changeup,2,peakmonsters,1,2021-10-26T15:18:54.000Z,DEC,8.611,DEC,8.611,8.611,,,,G1-12-TR39UQUKEO,12,true,200,1
10257514,658c1621fe4e79e0b775c5f33f86354e454bca20-0,okean123,1,7.250,500,10257514,a15b03b47aa5973d96e2fe928eef6a57bc810916,2021-10-20T23:48:39.000Z,changeup,2,peakmonsters,1,2021-10-21T23:48:39.000Z,DEC,12.000,DEC,12.000,12.000,,,,C-1HX9GTFC9S,18,false,100,0
11536275,b67f113f7da2e5dd14a76d1847d029a6a2e8a6ba-15,azircon,1,3.500,500,11536275,8fc0b993f050798df61db65d0b3ddb0c8fb36a5e,2021-10-20T23:48:18.000Z,changeup,2,peakmonsters,1,2021-10-21T23:48:18.000Z,DEC,3.500,DEC,3.500,3.500,,,,G4-171-PS4K3OAIO0,171,true,1,4
9494973,b17d12793e498c7a29ea97c09c4465c2011ceb54-18,smalp,1,33.124,500,9494973,8fc0b993f050798df61db65d0b3ddb0c8fb36a5e,2021-10-20T23:48:18.000Z,changeup,2,peakmonsters,1,2021-10-21T23:48:18.000Z,DEC,33.124,DEC,33.124,33.124,,,,G3-131-7NGQZF87DC,131,true,400,3
14973815,4af6ca9f49a804c971434f1d373eba8f20227036-6,nai.collection,1,9.794,500,14973815,8fc0b993f050798df61db65d0b3ddb0c8fb36a5e,2021-10-20T23:48:18.000Z,changeup,2,peakmonsters,1,2021-10-21T23:48:18.000Z,DEC,9.794,DEC,9.794,9.794,,,,G3-103-JKUM65QCV4,103,true,200,3
13231270,839767796e131f4604ea5a5a1853bded0fd0c1df-0,sima369,1,4.070,500,13231270,8fc0b993f050798df61db65d0b3ddb0c8fb36a5e,2021-10-20T23:48:18.000Z,changeup,2,peakmonsters,1,2021-10-21T23:48:18.000Z,DEC,4.070,DEC,4.070,4.070,,,,G1-12-AWWPSBGMHS,12,true,200,1
15735929,ac62a9e2f30850f4a1cab8a39c26c5452accc787-0,kush-hyg,1,14.000,500,15735929,8fc0b993f050798df61db65d0b3ddb0c8fb36a5e,2021-10-20T23:48:18.000Z,changeup,2,peakmonsters,1,2021-10-21T23:48:18.000Z,DEC,14.000,DEC,14.000,14.000,,,,G1-14-412KDWVRXC,14,true,200,1
10536090,8ff3acbe77740031634e510c886d7297256bb142-30,goldninja,1,7.040,500,10536090,8fc0b993f050798df61db65d0b3ddb0c8fb36a5e,2021-10-20T23:48:18.000Z,changeup,2,peakmonsters,1,2021-10-21T23:48:18.000Z,DEC,7.040,DEC,7.040,7.040,,,,G3-91-TING5W1FDS,91,true,200,3
9308839,c16de9b56cc4712396c73da578c3c16948edebe0-24,smalp,1,12.162,500,9308839,eb431d81ccacaa2f84dc8be8aba436dd0de2e968,2021-10-15T13:17:09.000Z,changeup,2,splinterlands,1,2021-10-16T13:17:09.000Z,DEC,12.162,DEC,12.162,12.162,,,,G1-1-IRM40W5MV4,1,true,400,1
15502446,8cd1285bc52f1307bc8a3bf38315ddc0dbd861c8-69,legendarycanary,1,14.450,500,15502446,c1715d4d029c7bc2eaefcfd387e3f6493427d8a9,2021-10-15T10:20:48.000Z,changeup,2,splinterlands,1,2021-10-16T10:20:48.000Z,DEC,14.450,DEC,14.450,14.450,,,,G4-185-X74V6DBO0G,185,true,1,4
10240689,7f1120b9a7f8355843936cca7341dd5b6ffaf027-1,auminda,1,9.940,500,10240689,3e680954fcb554d56913990a148b6bf456b9eca1,2021-10-13T06:35:39.000Z,changeup,2,peakmonsters,1,2021-10-14T06:35:39.000Z,DEC,9.940,DEC,9.940,9.940,,,,C1-18-61ZBNG4XY8,18,false,150,1
12531891,7d4b9d26aa9bd53c1bb7b7c97e3788a5988da7ad-0,bitcoinportugal,1,11.800,500,12531891,acd5ec3fc7809dd0ec553b9e54ca4f458428dde7,2021-10-13T06:35:18.000Z,changeup,2,peakmonsters,1,2021-10-14T06:35:18.000Z,DEC,11.800,DEC,11.800,11.800,,,,G3-103-F53KKC9HAO,103,true,200,3
9477524,2509d5fbafed8c7ec635e439727a779616299bea-1,smalp,1,18.069,500,9477524,767dd76537b6f168a39aea0d2d7792a6a219d7c3,2021-10-13T06:33:18.000Z,changeup,2,peakmonsters,1,2021-10-14T06:33:18.000Z,DEC,18.069,DEC,18.069,18.069,,,,G1-12-3MZXKGOLDS,12,true,800,1
11793618,5154f8fef270cf3fddf17c0752c198bb802299ce-7,ccoin,1,19.000,500,11793618,767dd76537b6f168a39aea0d2d7792a6a219d7c3,2021-10-13T06:33:18.000Z,changeup,2,peakmonsters,1,2021-10-14T06:33:18.000Z,DEC,19.000,DEC,19.000,19.000,,,,G3-91-NGEYUOXO5C,91,true,200,3
15909397,43d825243c8a4252eb9e45b83f2f717bbd0bfc2c-94,moriarty95,1,5.150,500,15909397,767dd76537b6f168a39aea0d2d7792a6a219d7c3,2021-10-13T06:33:18.000Z,changeup,2,peakmonsters,1,2021-10-14T06:33:18.000Z,DEC,5.150,DEC,5.150,5.150,,,,G4-171-RC5W5NLEMO,171,true,1,4
10124176,8fdec264891b94bb9f4d800a9bc9ea0dd978f071-1,fighter4-freedom,1,34.000,500,10124176,a2f99ec4112649059c1c5fdfaa1c94f0443159ad,2021-10-07T06:45:48.000Z,changeup,2,peakmonsters,1,2021-10-08T06:45:48.000Z,DEC,34.000,DEC,34.000,34.000,,,,G3-131-H05XPZ6TNK,131,true,400,3
11445321,3151da25dd70849ce7a8edc3296995d58ae615b4-20,fighter4-freedom,1,19.000,500,11445321,451def18dea2752d1afc3db97abb9e407707342e,2021-10-07T06:45:21.000Z,changeup,2,peakmonsters,1,2021-10-08T06:45:21.000Z,DEC,19.000,DEC,19.000,19.000,,,,G3-91-Y52FB87F68,91,true,200,3
9424509,c601efa5f469ca6f3a15b2673ecc27cf10167c7a-0,goldninja,1,4.150,500,9424509,e0b0813430987b107d376d0f2712c9344b63f3b2,2021-10-07T06:44:33.000Z,changeup,2,peakmonsters,1,2021-10-08T06:44:33.000Z,DEC,4.150,DEC,4.150,4.150,,,,G1-12-11RWIYRZS0,12,true,200,1
11536265,b67f113f7da2e5dd14a76d1847d029a6a2e8a6ba-5,azircon,1,3.500,500,11536265,e0b0813430987b107d376d0f2712c9344b63f3b2,2021-10-07T06:44:33.000Z,changeup,2,peakmonsters,1,2021-10-08T06:44:33.000Z,DEC,3.500,DEC,3.500,3.500,,,,G4-171-7RNKVOH4TS,171,true,1,4