﻿id,sell_trx_id,seller,num_cards,buy_price,fee_percent,market_item_id,rental_tx,rental_date,renter,status,market_account,rental_days,next_rental_payment,payment_currency,payment_amount,escrow_currency,escrow_amount,paid_amount,cancel_tx,cancel_player,cancel_date,card_id,card_detail_id,gold,xp,edition
9306447,653fe8ea14025fb93be7076c3716b735519231c9-22,smalp,1,26.064,500,9306447,f2a8de34303d5c782be9a56bdb1baaed2c81102f,2021-10-30T08:15:27.000Z,sasserbot,2,splinterlands,1,2021-10-31T08:15:27.000Z,DEC,26.064,DEC,26.064,26.064,,,,C1-7-GM1HUKXTCG,7,false,8575,1
15576158,e505fa02de6eba41bdedd4a56a6ceb1f545a1818-40,lucky-cards,1,32.000,500,15576158,59e983f341cc40f21bb07d2dcdd14f5ba0e90142,2021-10-30T08:14:36.000Z,sasserbot,2,splinterlands,1,2021-10-31T08:14:36.000Z,DEC,32.000,DEC,32.000,32.000,,,,G3-216-ULELYOVCNK,216,true,400,3
11204390,d594d3dd66e9494c1961b18322b10995c25202c6-39,smalp,1,64.850,500,11204390,81dbe1a4e836a6451bc7df80b9b9fb92f6196e92,2021-10-30T08:13:57.000Z,sasserbot,2,splinterlands,1,2021-10-31T08:13:57.000Z,DEC,64.850,DEC,64.850,64.850,,,,G-67ZBL27228,1,true,1000,0
17321761,78d8c9fce3adcd31c951d5fd87c528486e109d0a-0,didyourmom,1,4.999,500,17321761,90c9a41a92cf30ea3f9746e6cd45cf959c52ffd3,2021-10-29T07:47:36.000Z,sasserbot,2,peakmonsters,1,2021-10-30T07:47:36.000Z,DEC,7.844,DEC,7.844,7.844,,,,G4-169-2Z1L5VT4G0,169,true,1,4
12136044,8d05e470cb7a0bfbc5a400268b936b5183f14cfa-11,clove71,1,12.900,500,12136044,1878b239e1d1676cb6f3ee2a947b4fe7b356bf49,2021-10-29T07:47:27.000Z,sasserbot,2,peakmonsters,1,2021-10-30T07:47:27.000Z,DEC,12.900,DEC,12.900,12.900,,,,G3-103-K264VVKW2O,103,true,200,3
17764374,816c4fb09439a78c3bd39902b386fd204439c3b7-0,neoconqueso,1,7.500,500,17764374,f115adfa77cc795d8dd46aacdcd1fe05cdd58bb1,2021-10-29T07:47:09.000Z,sasserbot,2,peakmonsters,1,2021-10-30T07:47:09.000Z,DEC,7.500,DEC,7.500,7.500,,,,C-9ADPPG02Z4,18,false,100,0
12136146,8d05e470cb7a0bfbc5a400268b936b5183f14cfa-113,clove71,1,16.578,500,12136146,db2cf97c3b7c676eaf9a79f4aeae21a0c785c0c0,2021-10-29T07:46:45.000Z,sasserbot,2,peakmonsters,1,2021-10-30T07:46:45.000Z,DEC,16.578,DEC,16.578,16.578,,,,G3-91-WM787YF7I8,91,true,200,3
17899133,b4a15b7542a42c3f0d66b31102e72832d2349b67-0,thejbullfrog,1,9.000,500,17899133,db2cf97c3b7c676eaf9a79f4aeae21a0c785c0c0,2021-10-29T07:46:45.000Z,sasserbot,2,peakmonsters,1,2021-10-30T07:46:45.000Z,DEC,9.000,DEC,9.000,9.000,,,,G4-171-YVZBR31RE8,171,true,1,4
9494987,b17d12793e498c7a29ea97c09c4465c2011ceb54-32,smalp,1,31.341,500,9494987,db2cf97c3b7c676eaf9a79f4aeae21a0c785c0c0,2021-10-29T07:46:45.000Z,sasserbot,2,peakmonsters,1,2021-10-30T07:46:45.000Z,DEC,31.341,DEC,31.341,31.341,,,,G3-131-ILYC99VE5S,131,true,400,3
15862285,7a7908f054495bd628fa7afab2fbdb5a25b08388-4,fighter4-freedom,1,15.000,500,15862285,db2cf97c3b7c676eaf9a79f4aeae21a0c785c0c0,2021-10-29T07:46:45.000Z,sasserbot,2,peakmonsters,1,2021-10-30T07:46:45.000Z,DEC,15.000,DEC,15.000,15.000,,,,G1-14-SK91H2759C,14,true,200,1
17896650,6927adbce51e5666e4202e46e5ba120c399b604c-2,beescards,1,13.965,500,17896650,db2cf97c3b7c676eaf9a79f4aeae21a0c785c0c0,2021-10-29T07:46:45.000Z,sasserbot,2,peakmonsters,1,2021-10-30T07:46:45.000Z,DEC,13.965,DEC,13.965,13.965,,,,G1-12-VASPUS0IKW,12,true,200,1
17382294,c01a153e1cf7f7f6c77c531ce41cef3d5d955f4f-45,monkishpenguin,1,3.132,500,17382294,99d9ecccdc95f718e5858570fb220a2784c4fbe1,2021-10-23T14:39:36.000Z,sasserbot,2,peakmonsters,1,2021-10-24T14:39:36.000Z,DEC,3.132,DEC,3.132,3.132,,,,C3-131-NWUXLVXC2O,131,false,0,3
17169417,1689bf0b8531e09bfd77e52b69249f698d61982e-93,slugf,1,5.000,500,17169417,db183141c97537f0076ea622ec0713be53d4bc76,2021-10-23T14:39:12.000Z,sasserbot,2,peakmonsters,1,2021-10-24T14:39:12.000Z,DEC,5.000,DEC,5.000,5.000,,,,G4-169-JUWFU90QI8,169,true,1,4
11424562,d8c835974efee4a4fb88ad6fa8fd30af6e276ddf-0,d-pend,1,18.980,500,11424562,db183141c97537f0076ea622ec0713be53d4bc76,2021-10-23T14:39:12.000Z,sasserbot,2,peakmonsters,1,2021-10-24T14:39:12.000Z,DEC,18.980,DEC,18.980,18.980,,,,G1-14-VVO8JZ19AO,14,true,200,1
10496485,6a5513fd748bfd2670a40a7e386213e99c7076bc-22,aatrox,1,4.200,500,10496485,db183141c97537f0076ea622ec0713be53d4bc76,2021-10-23T14:39:12.000Z,sasserbot,2,peakmonsters,1,2021-10-24T14:39:12.000Z,DEC,4.200,DEC,4.200,4.200,,,,G1-12-ZKBM4B2TNK,12,true,200,1
17224635,40acc8241c9f279639c6d570a5fae78bfc6c3198-64,renterlands,1,44.949,500,17224635,db183141c97537f0076ea622ec0713be53d4bc76,2021-10-23T14:39:12.000Z,sasserbot,2,peakmonsters,1,2021-10-24T14:39:12.000Z,DEC,44.949,DEC,44.949,44.949,,,,G4-178-V4VH013GKG,178,true,1,4
17384232,2c314b5aab50191cd0c32ed6431bd338135b4014-0,digital-fortress,1,4.999,500,17384232,db183141c97537f0076ea622ec0713be53d4bc76,2021-10-23T14:39:12.000Z,sasserbot,2,peakmonsters,1,2021-10-24T14:39:12.000Z,DEC,4.999,DEC,4.999,4.999,,,,G4-171-RIVPB9HPS0,171,true,1,4
12136045,8d05e470cb7a0bfbc5a400268b936b5183f14cfa-12,clove71,1,12.900,500,12136045,db183141c97537f0076ea622ec0713be53d4bc76,2021-10-23T14:39:12.000Z,sasserbot,2,peakmonsters,1,2021-10-24T14:39:12.000Z,DEC,12.900,DEC,12.900,12.900,,,,G3-103-KAHD0EE1VK,103,true,200,3
9938379,85109fb002cc3042bfe2649a4d521e9ba5a8fa7e-10,toocurious,1,44.000,500,9938379,696df4a5cc791273ab48b182a66b0632851bfa90,2021-10-18T03:53:24.000Z,sasserbot,2,peakmonsters,1,2021-10-19T03:53:24.000Z,DEC,44.000,DEC,44.000,44.000,,,,G4-178-HE7HMCWM8G,178,true,1,4
15582871,143e79e2c6f78d2226daf9805aa3347ee0c45b29-17,fighter4-freedom,1,29.000,500,15582871,b423239d6babd3de1a487c6a597eefbc6d662bc6,2021-10-18T03:53:18.000Z,sasserbot,2,peakmonsters,1,2021-10-19T03:53:18.000Z,DEC,29.000,DEC,29.000,29.000,,,,G3-131-TWCMEMCXPC,131,true,400,3
14859629,2c1903da7f420f341d2e86e8f670dba00a07ee7d-0,rekodesign,1,25.000,500,14859629,7a9c4caa8ceb61fe81aded4740fccb3747216479,2021-10-18T03:53:09.000Z,sasserbot,2,peakmonsters,1,2021-10-19T03:53:09.000Z,DEC,25.000,DEC,25.000,25.000,,,,G1-18-D5RX3DFE7K,18,true,400,1
12136134,8d05e470cb7a0bfbc5a400268b936b5183f14cfa-101,clove71,1,16.578,500,12136134,12895174e74cb16998f06a322235f37c90a0ffec,2021-10-18T03:52:48.000Z,sasserbot,2,peakmonsters,1,2021-10-19T03:52:48.000Z,DEC,16.578,DEC,16.578,16.578,,,,G3-91-IHWJ63F5Z4,91,true,200,3
10426915,6a55c4153f173bc398dd96f85fa1589f547d399f-4,cyguy,1,5.950,500,10426915,22ac0284822f77006dee6823a7bdd70c887df0e4,2021-10-18T03:52:30.000Z,sasserbot,2,peakmonsters,1,2021-10-19T03:52:30.000Z,DEC,5.950,DEC,5.950,5.950,,,,G1-12-ZJPUC720OG,12,true,200,1
11633582,7800cd8020019366c43e48c197c81e18a8936778-53,bitcoinsig,1,5.100,500,11633582,612ae71eec2ffc1751d179b8927609040a6c55bd,2021-10-18T03:52:21.000Z,sasserbot,2,peakmonsters,1,2021-10-19T03:52:21.000Z,DEC,5.100,DEC,5.100,5.100,,,,G4-171-ZRN79W16V4,171,true,1,4
16777759,7a54c7d90ccc09919449d723875e83d752f0e583-13,sci-populi,1,5.000,500,16777759,fff6c08334f722cf361131ef7dd2fe536a2e9351,2021-10-18T03:50:24.000Z,sasserbot,2,peakmonsters,1,2021-10-19T03:50:24.000Z,DEC,5.000,DEC,5.000,5.000,,,,G3-103-YU61UIXX28,103,true,200,3
9306555,3e16712043a38a5b8b4dc53bf91c41dbedc41050-12,smalp,1,5.188,500,9306555,858d19394d5abc77bbba2038cb70e17c8b5b386f,2021-10-15T11:05:00.000Z,sasserbot,2,splinterlands,1,2021-10-16T11:05:00.000Z,DEC,5.188,DEC,5.188,5.188,,,,C0-13-19TO6JRMQO,13,false,760,0
15625509,77f662642704e64cadb120e971aa00ad0fadfa77-6,alphachicken,1,5.599,500,15625509,0b054b08570be566dcd4e73e0233effc09235e9b,2021-10-13T13:41:54.000Z,sasserbot,2,peakmonsters,1,2021-10-14T13:41:54.000Z,DEC,5.739,DEC,5.739,5.739,,,,C3-131-LT5OT1JC0G,131,false,0,3
10230900,42e49c20de98b2a944ecac5bb644386c148d4582-6,imperij4427,1,8.000,500,10230900,dcc40a322ca34978de5f29c165197e20949e70a4,2021-10-13T13:33:21.000Z,sasserbot,2,peakmonsters,1,2021-10-14T13:33:21.000Z,DEC,9.500,DEC,9.500,9.500,,,,C4-293-P9BREFQ9JK,293,false,1,4
10989585,3fb55c6910e11ae2ba1f79571314fafd21d43e0d-3,deezrentals,1,7.400,500,10989585,4327f5f2a83a88f5ff04c34dcbdafa1914b04038,2021-10-08T01:33:30.000Z,sasserbot,2,peakmonsters,1,2021-10-09T01:33:30.000Z,DEC,9.798,DEC,9.798,9.798,,,,C4-293-SN9RQ27PTC,293,false,1,4
15582877,143e79e2c6f78d2226daf9805aa3347ee0c45b29-23,fighter4-freedom,1,29.000,500,15582877,d01904e6c448f932b95bd59fe0921db05233491c,2021-10-08T01:33:18.000Z,sasserbot,2,peakmonsters,1,2021-10-09T01:33:18.000Z,DEC,29.000,DEC,29.000,29.000,,,,G3-131-WEJ62G35GW,131,true,400,3
13433204,e4fbd6ee70f3553698c4d50a8588acdc0d0f3816-0,drooshka,1,9.800,500,13433204,d01904e6c448f932b95bd59fe0921db05233491c,2021-10-08T01:33:18.000Z,sasserbot,2,peakmonsters,1,2021-10-09T01:33:18.000Z,DEC,9.800,DEC,9.800,9.800,,,,G3-91-QGQ8OM7LV4,91,true,200,3
12135765,17f2e936a82cb46a110898bd2d081d3a63696318-13,clove71,1,16.900,500,12135765,d01904e6c448f932b95bd59fe0921db05233491c,2021-10-08T01:33:18.000Z,sasserbot,2,peakmonsters,1,2021-10-09T01:33:18.000Z,DEC,16.900,DEC,16.900,16.900,,,,G1-14-MKBIB6L0XS,14,true,200,1
9893813,d2768948db1e1866ba8682251178c0992278511a-3,masterthematrix,1,7.900,500,9893813,d01904e6c448f932b95bd59fe0921db05233491c,2021-10-08T01:33:18.000Z,sasserbot,2,peakmonsters,1,2021-10-09T01:33:18.000Z,DEC,7.900,DEC,7.900,7.900,,,,G3-103-PND8NUHYFK,103,true,200,3
10496477,6a5513fd748bfd2670a40a7e386213e99c7076bc-14,aatrox,1,4.200,500,10496477,d01904e6c448f932b95bd59fe0921db05233491c,2021-10-08T01:33:18.000Z,sasserbot,2,peakmonsters,1,2021-10-09T01:33:18.000Z,DEC,4.200,DEC,4.200,4.200,,,,G1-12-VDKKUE0KW0,12,true,200,1
11053975,d9170590bad26ee679ebc09e4f173d7350ea720a-6,lucky-cards,1,25.000,500,11053975,d01904e6c448f932b95bd59fe0921db05233491c,2021-10-08T01:33:18.000Z,sasserbot,2,peakmonsters,1,2021-10-09T01:33:18.000Z,DEC,25.000,DEC,25.000,25.000,,,,G1-18-XJ3ASMNQ0G,18,true,400,1
10556787,88e04cacee4ba164507f7888a75fbcf10dcca792-0,vimukthi,1,22.700,500,10556787,d01904e6c448f932b95bd59fe0921db05233491c,2021-10-08T01:33:18.000Z,sasserbot,2,peakmonsters,1,2021-10-09T01:33:18.000Z,DEC,22.700,DEC,22.700,22.700,,,,G4-178-A17DTHBHKW,178,true,2,4