﻿id,sell_trx_id,seller,num_cards,buy_price,fee_percent,market_item_id,rental_tx,rental_date,renter,status,market_account,rental_days,next_rental_payment,payment_currency,payment_amount,escrow_currency,escrow_amount,paid_amount,cancel_tx,cancel_player,cancel_date,card_id,card_detail_id,gold,xp,edition
10188310,b9f22c4e225d3e72926767928a501d5967dc4bab-0,rege5,1,15.000,500,10188310,1732f6a8b6aced46783b3b1daf6357a574f7ea65,2021-10-31T23:39:45.000Z,cridex,2,peakmonsters,1,2021-11-01T23:39:45.000Z,DEC,15.000,DEC,15.000,15.000,,,,C0-18-269QAZ3UZK,18,false,300,0
16313936,a6290e01434eb5b46fa7500c051c84322fa28190-0,hazem91,1,4.000,500,16313936,d42f8996f377920266ed3f64243e5f266185915a,2021-10-31T23:39:30.000Z,cridex,2,peakmonsters,1,2021-11-01T23:39:30.000Z,DEC,4.000,DEC,4.000,4.000,,,,C3-131-0F7QSK76G0,131,false,0,3
10230913,42e49c20de98b2a944ecac5bb644386c148d4582-19,imperij4427,1,8.000,500,10230913,a72a036ae493814a1fb02c249b9a3885ea3c4d0f,2021-10-31T23:39:21.000Z,cridex,2,peakmonsters,1,2021-11-01T23:39:21.000Z,DEC,8.000,DEC,8.000,8.000,,,,C4-293-XMSISTUZLC,293,false,1,4
18104295,c723c1bb960d69034939609e530b39826bc3c749-38,olleo,1,29.950,500,18104295,22a590a2dca1bd3f93a756c68c7dc273a552418b,2021-10-31T23:38:57.000Z,cridex,2,peakmonsters,1,2021-11-01T23:38:57.000Z,DEC,29.950,DEC,29.950,29.950,,,,G1-14-QK81QKLNY8,14,true,200,1
10682845,44d343c1d8a2d4fee9dba29121f126396e046f62-0,vaca1,1,30.000,500,10682845,22a590a2dca1bd3f93a756c68c7dc273a552418b,2021-10-31T23:38:57.000Z,cridex,2,peakmonsters,1,2021-11-01T23:38:57.000Z,DEC,30.000,DEC,30.000,30.000,,,,G3-103-EXP4312KAO,103,true,200,3
10571193,153cb631c7bd8709327bdd31fa03eca96894e537-1,ezzy,1,3.900,500,10571193,a29adc9eef67a295ea92dfacbb2463e0644b88cd,2021-10-31T23:38:48.000Z,cridex,2,peakmonsters,1,2021-11-01T23:38:48.000Z,DEC,3.900,DEC,3.900,3.900,,,,G4-169-YLG3JFCZGG,169,true,1,4
11761159,a9af617171bcf3c7ed77a1a721537ae53421546a-4,teammonsters,1,27.950,500,11761159,a29adc9eef67a295ea92dfacbb2463e0644b88cd,2021-10-31T23:38:48.000Z,cridex,2,peakmonsters,1,2021-11-01T23:38:48.000Z,DEC,27.950,DEC,27.950,27.950,,,,G3-91-T1O0APJCB4,91,true,200,3
11745908,b469ca9578ad3c0530ae362008af70196c73a4c5-2,splinterinvestor,1,11.500,500,11745908,a29adc9eef67a295ea92dfacbb2463e0644b88cd,2021-10-31T23:38:48.000Z,cridex,2,peakmonsters,1,2021-11-01T23:38:48.000Z,DEC,11.500,DEC,11.500,11.500,,,,G4-178-924OKFMKSG,178,true,1,4
16203522,884c8001c544bcae75ec4781d0d62014094ad8aa-8,niallon11,1,4.140,500,16203522,a29adc9eef67a295ea92dfacbb2463e0644b88cd,2021-10-31T23:38:48.000Z,cridex,2,peakmonsters,1,2021-11-01T23:38:48.000Z,DEC,4.140,DEC,4.140,4.140,,,,G1-12-HXAFF7T6RK,12,true,200,1
17165540,85d2b3fbeb80d30bc2bf9ca10868095e601858c5-26,slbgf,1,15.000,500,17165540,baf0774b28f376d971f6fcd71a12d08c64fb76a8,2021-10-30T04:28:54.000Z,cridex,2,splinterlands,1,2021-10-31T04:28:54.000Z,DEC,15.000,DEC,15.000,15.000,,,,G1-36-HGB1J5S1N4,36,true,400,1
17583211,4cff1af2c31660fdbc2541eeac59882c33cd8044-36,aatrox,1,16.902,500,17583211,5902901f91015e3c198c3781deafea1b1d064001,2021-10-30T04:28:21.000Z,cridex,2,splinterlands,1,2021-10-31T04:28:21.000Z,DEC,16.902,DEC,16.902,16.902,,,,G-JCM5FAN0CG,12,true,250,0
15583639,f900df364f02b44fd7644d15c85d50cb85b9ff00-4,lucky-cards,1,9.000,500,15583639,1aeb355c03c64181fca314245ca6a5bca82f0219,2021-10-30T04:27:36.000Z,cridex,2,splinterlands,1,2021-10-31T04:27:36.000Z,DEC,9.000,DEC,9.000,9.000,,,,G2-120-9J1T4VLGBK,120,true,200,2
11204392,d594d3dd66e9494c1961b18322b10995c25202c6-41,smalp,1,48.900,500,11204392,a57f0b2c531d498876b314bbf8c442530e40ee5f,2021-10-30T04:26:36.000Z,cridex,2,splinterlands,1,2021-10-31T04:26:36.000Z,DEC,48.900,DEC,48.900,48.900,,,,G-C2LGW3XHMO,4,true,1000,0
15502445,8cd1285bc52f1307bc8a3bf38315ddc0dbd861c8-68,legendarycanary,1,14.450,500,15502445,a01bb42f7fc9890ee25d6a14a776b3a489fc1215,2021-10-30T04:25:03.000Z,cridex,2,splinterlands,1,2021-10-31T04:25:03.000Z,DEC,14.450,DEC,14.450,14.450,,,,G4-185-66N7EG7U8G,185,true,1,4
17166035,faf05067cea933b1caea4bf333a35feb4e4345bb-97,slbgf,1,15.000,500,17166035,0d1637356e36b4635c9df265ebe22917b8e3a26b,2021-10-30T04:13:27.000Z,cridex,2,splinterlands,1,2021-10-31T04:13:27.000Z,DEC,15.000,DEC,15.000,15.000,,,,G1-62-Y8XC73Z2DS,62,true,400,1
12296189,a327685dcccad1580132026e01ae2684f8467e0b-0,megalithic,1,5.240,500,12296189,f81db81373fcb89122f8a10dc6ffbf0d2b899e65,2021-10-26T13:08:39.000Z,cridex,2,peakmonsters,1,2021-10-27T13:08:39.000Z,DEC,5.240,DEC,5.240,5.240,,,,C3-131-I6V5V5YYAO,131,false,0,3
12041984,c05138bdb1a62005eff937db9cb77d23ff6e0857-32,ayogom,1,14.550,500,12041984,ff40039785055c40924a698127667beed33eed07,2021-10-26T13:08:00.000Z,cridex,2,peakmonsters,1,2021-10-27T13:08:00.000Z,DEC,14.550,DEC,14.550,14.550,,,,G3-103-AUUTVSRSK0,103,true,200,3
10230500,df4ae63b61f969f4ada442d73eab25099cc98caf-0,cal3,1,15.000,500,10230500,9712f99113b19e944e4e4395aad66c2ee0da8125,2021-10-26T13:07:36.000Z,cridex,2,peakmonsters,1,2021-10-27T13:07:36.000Z,DEC,15.000,DEC,15.000,15.000,,,,C-90477OP4HS,18,false,300,0
11575381,fbda12cec93fa83a361da4547e99b0a1148dd857-0,megalithic,1,7.480,500,11575381,7d16cee9916ed1b9b9bbbd3fe8da361b8e38ed32,2021-10-26T13:07:15.000Z,cridex,2,peakmonsters,1,2021-10-27T13:07:15.000Z,DEC,8.850,DEC,8.850,8.850,,,,C4-293-2Y4TNVKY9C,293,false,1,4
10195191,5d9212eeca79f2d26e35b7b063c8cb6465c53b5e-0,vettev,1,4.800,500,10195191,a8713701d186c696ed64655e63fa020ef870bd26,2021-10-26T13:07:06.000Z,cridex,2,peakmonsters,1,2021-10-27T13:07:06.000Z,DEC,4.800,DEC,4.800,4.800,,,,G4-169-OMZZUDZSAO,169,true,5,4
9424515,c601efa5f469ca6f3a15b2673ecc27cf10167c7a-6,goldninja,1,3.865,500,9424515,a8713701d186c696ed64655e63fa020ef870bd26,2021-10-26T13:07:06.000Z,cridex,2,peakmonsters,1,2021-10-27T13:07:06.000Z,DEC,3.865,DEC,3.865,3.865,,,,G1-12-RNT7WE1540,12,true,200,1
9986655,7131a116a1d54d8e262eab4b683f3fdec4f49938-12,lucky-cards,1,18.000,500,9986655,a8713701d186c696ed64655e63fa020ef870bd26,2021-10-26T13:07:06.000Z,cridex,2,peakmonsters,1,2021-10-27T13:07:06.000Z,DEC,18.000,DEC,18.000,18.000,,,,G3-91-3XNDG1RJCW,91,true,200,3
10570647,cee7642d7056ab8f1328738715dcbec3b22a23c7-4,athbull,1,7.950,500,10570647,a8713701d186c696ed64655e63fa020ef870bd26,2021-10-26T13:07:06.000Z,cridex,2,peakmonsters,1,2021-10-27T13:07:06.000Z,DEC,7.950,DEC,7.950,7.950,,,,G4-171-WT4RZWSW68,171,true,1,4
15907847,23a0e3568b4341796ff53f4909ccdeb0003dc6a0-7,ayogom,1,14.890,500,15907847,013ae18093225b21ff95102f6e16e25583bf3f49,2021-10-22T01:33:48.000Z,cridex,2,peakmonsters,1,2021-10-23T01:33:48.000Z,DEC,14.890,DEC,14.890,14.890,,,,G3-103-PNW030NJCG,103,true,200,3
12242220,70f5276c3edb25f0fbf0c8ac7ce64db9b5e07aca-7,clove71,1,7.914,500,12242220,b4f354665008472ae1c65a2d5c7011d29798dcae,2021-10-22T01:32:45.000Z,cridex,2,peakmonsters,1,2021-10-23T01:32:45.000Z,DEC,7.914,DEC,7.914,7.914,,,,C4-293-9AZ9GBY4Q8,293,false,1,4
16694343,d02e59e5676a2fe1d3f30b4c631351cbf1c1246d-0,kryptomario,1,9.990,500,16694343,b4f354665008472ae1c65a2d5c7011d29798dcae,2021-10-22T01:32:45.000Z,cridex,2,peakmonsters,1,2021-10-23T01:32:45.000Z,DEC,9.990,DEC,9.990,9.990,,,,G1-12-Z0PLT322ZK,12,true,200,1
16939679,0e9a86d8b5719eddcf424eae86ae6aef48109a8f-62,grosh,1,49.600,500,16939679,b4f354665008472ae1c65a2d5c7011d29798dcae,2021-10-22T01:32:45.000Z,cridex,2,peakmonsters,1,2021-10-23T01:32:45.000Z,DEC,49.600,DEC,49.600,49.600,,,,G4-178-L6XZ0R5DI8,178,true,1,4
15909388,43d825243c8a4252eb9e45b83f2f717bbd0bfc2c-85,moriarty95,1,5.150,500,15909388,b4f354665008472ae1c65a2d5c7011d29798dcae,2021-10-22T01:32:45.000Z,cridex,2,peakmonsters,1,2021-10-23T01:32:45.000Z,DEC,5.150,DEC,5.150,5.150,,,,G4-171-N2N3BD75NK,171,true,1,4
11206197,f5111d078fc8ab3200027b5d908b0d12e86e1072-13,smalp,1,185.950,500,11206197,a5af247f9bdbf01d0d49bdf30eb92643af53e0e9,2021-10-15T12:53:00.000Z,cridex,2,splinterlands,1,2021-10-16T12:53:00.000Z,DEC,185.950,DEC,185.950,185.950,,,,G1-32-4DXYE3NOKG,32,true,800,1
12136040,8d05e470cb7a0bfbc5a400268b936b5183f14cfa-7,clove71,1,12.900,500,12136040,fb7b565cf365b990d560d3f01dae1e2e77f2d8c1,2021-10-11T23:52:03.000Z,cridex,2,peakmonsters,1,2021-10-12T23:52:03.000Z,DEC,12.900,DEC,12.900,12.900,,,,G3-103-9KID2WNBV4,103,true,200,3
15909405,43d825243c8a4252eb9e45b83f2f717bbd0bfc2c-102,moriarty95,1,5.150,500,15909405,c70d941742665c1912b444570c4205ad2e422571,2021-10-11T23:51:54.000Z,cridex,2,peakmonsters,1,2021-10-12T23:51:54.000Z,DEC,5.150,DEC,5.150,5.150,,,,G4-171-U0MR8N2APC,171,true,1,4
9836698,1df23763553d8c895b9e2a64ceec813e2b1e2093-10,fighter4-freedom,1,19.000,500,9836698,3899f2258dbb81294c84b159b4a17b6548050367,2021-10-11T23:51:03.000Z,cridex,2,peakmonsters,1,2021-10-12T23:51:03.000Z,DEC,19.000,DEC,19.000,19.000,,,,G3-91-FR08K4NN40,91,true,200,3
15744229,5eb206276e9f842ccda7d0a44cca31fbd4eea4b3-0,warwiccan,1,40.000,500,15744229,3899f2258dbb81294c84b159b4a17b6548050367,2021-10-11T23:51:03.000Z,cridex,2,peakmonsters,1,2021-10-12T23:51:03.000Z,DEC,40.000,DEC,40.000,40.000,,,,G4-178-LDZSR3BFLS,178,true,1,4
11102737,26add8f24bc88c45e1b84b258743f86e071e9b40-3,lucky-cards,1,19.000,500,11102737,bb8dd914d9cc8879a00601f050ee2b4e873b5fd3,2021-10-07T15:50:06.000Z,cridex,2,peakmonsters,1,2021-10-08T15:50:06.000Z,DEC,19.000,DEC,19.000,19.000,,,,G4-178-URYM4FHTSG,178,true,1,4
12056088,9a87d86d85e6fff230a6d614d40a10ac8b91a076-13,felander,1,9.950,500,12056088,5419e4c5327ca795d1c10cdc3c835728e742ffe7,2021-10-07T15:49:36.000Z,cridex,2,peakmonsters,1,2021-10-08T15:49:36.000Z,DEC,9.950,DEC,9.950,9.950,,,,G3-103-2NEDQJA19S,103,true,200,3
12392643,7ab8445201ff57b48e7b3c466fbe6674595b76b3-0,bitcoinflood,1,33.200,500,12392643,5419e4c5327ca795d1c10cdc3c835728e742ffe7,2021-10-07T15:49:36.000Z,cridex,2,peakmonsters,1,2021-10-08T15:49:36.000Z,DEC,33.200,DEC,33.200,33.200,,,,G1-18-X5ZG3NGPNK,18,true,400,1
13332635,2a727305f7383285a2b78b19271ede4e87684089-109,toocurious,1,11.840,500,13332635,5419e4c5327ca795d1c10cdc3c835728e742ffe7,2021-10-07T15:49:36.000Z,cridex,2,peakmonsters,1,2021-10-08T15:49:36.000Z,DEC,11.840,DEC,11.840,11.840,,,,G3-91-5VPPQ4MJ1S,91,true,200,3
12023879,2203f832020da1a3cfc1932630bf34e435508721-0,cryptkeeper17,1,4.065,500,12023879,5419e4c5327ca795d1c10cdc3c835728e742ffe7,2021-10-07T15:49:36.000Z,cridex,2,peakmonsters,1,2021-10-08T15:49:36.000Z,DEC,4.065,DEC,4.065,4.065,,,,G1-12-O39MQGYESG,12,true,200,1
14332468,cbaea5bf5a11ec4267ebb91d65edb6d7696df80c-76,themightyvolcano,1,44.850,500,14332468,278f72bcf2111f5a794b7462e68a2dffe06e36cc,2021-10-04T06:51:00.000Z,cridex,2,peakmonsters,1,2021-10-05T06:51:00.000Z,DEC,44.850,DEC,44.850,44.850,,,,G4-293-YJUOW3EN8W,293,true,1,4
10183599,dd0a4b20c4b54ab316455677bc23c968e476543c-0,digital-fortress,1,9.944,500,10183599,67935ab38346ef5c66e2e95eb78dd44b660b722b,2021-10-04T06:50:27.000Z,cridex,2,peakmonsters,1,2021-10-05T06:50:27.000Z,DEC,9.944,DEC,9.944,9.944,,,,G3-103-EL6FLPN1SG,103,true,200,3
10496469,6a5513fd748bfd2670a40a7e386213e99c7076bc-6,aatrox,1,4.200,500,10496469,ce0a757420c6513cb3022629ee6e11aeed2c5f81,2021-10-04T06:50:21.000Z,cridex,2,peakmonsters,1,2021-10-05T06:50:21.000Z,DEC,4.200,DEC,4.200,4.200,,,,G1-12-FMOJY20Z5C,12,true,200,1