﻿id,sell_trx_id,seller,num_cards,buy_price,fee_percent,market_item_id,rental_tx,rental_date,renter,status,market_account,rental_days,next_rental_payment,payment_currency,payment_amount,escrow_currency,escrow_amount,paid_amount,cancel_tx,cancel_player,cancel_date,card_id,card_detail_id,gold,xp,edition
18136413,e96423c9e1f50bb2e552fb6a71ce6cb195aadf03-0,troosc,1,37.000,500,18136413,0dd758c6a867bac911a38394d57626f4e6f83c9e,2021-11-01T01:29:42.000Z,sodinokibi,2,peakmonsters,1,2021-11-02T01:29:42.000Z,DEC,37.000,DEC,37.000,37.000,,,,G1-14-S38GH90CC0,14,true,200,1
12272904,2d2eac3fcaa499eaa3ab756968b98ae900ca65ba-101,clove71,1,0.175,500,12272904,9b618d97b1faa41847d340cb9cc6de5d7fb317f3,2021-11-01T01:29:24.000Z,sodinokibi,2,peakmonsters,1,2021-11-02T01:29:24.000Z,DEC,0.175,DEC,0.175,0.175,,,,C3-131-R8RIGTEFFK,131,false,0,3
17538921,c67bd075e6074505092148247209b89e76957464-76,olleo,1,4.100,500,17538921,19beb56b91012bf3a3f06da36418cdffe6280ec1,2021-11-01T01:29:18.000Z,sodinokibi,2,peakmonsters,1,2021-11-02T01:29:18.000Z,DEC,4.100,DEC,4.100,4.100,,,,C3-131-E2BD5HB5RK,131,false,0,3
15061377,358cee8fc42eaf6485b0a9ce768cdd061f5b3f22-13,inspiringquotes,1,2.258,500,15061377,0790a927e0c9f84487e6b518bdab6685aa4db5f8,2021-11-01T01:26:54.000Z,sodinokibi,2,peakmonsters,1,2021-11-02T01:26:54.000Z,DEC,8.590,DEC,8.590,8.590,,,,C4-293-5445GH9PPS,293,false,1,4
18442826,d56baf7ffb082029c0216db4eb8aaf3af2a1a1ea-0,tubiska,1,47.000,500,18442826,eabc490db23aefe998cd1e3378048aa5a0e64fa1,2021-11-01T01:26:33.000Z,sodinokibi,2,peakmonsters,1,2021-11-02T01:26:33.000Z,DEC,47.000,DEC,47.000,47.000,,,,G4-178-86KQFZI3XS,178,true,1,4
17179167,9c7b84252388eb0a59e85a9b6e020b8628476a3d-7,renterlands,1,4.950,500,17179167,a34c13e3b0328f3f7ca0268a44d3803b3e39b009,2021-11-01T01:26:06.000Z,sodinokibi,2,peakmonsters,1,2021-11-02T01:26:06.000Z,DEC,4.950,DEC,4.950,4.950,,,,C0-12-0LFRQG25G0,12,false,60,0
11914778,21521046f7bf3983d7341e88a3f63d7b581b8024-0,reimerlin,1,20.000,500,11914778,9d687e880e03456f026394392ef5c1820932ea20,2021-11-01T01:26:00.000Z,sodinokibi,2,peakmonsters,1,2021-11-02T01:26:00.000Z,DEC,20.000,DEC,20.000,20.000,,,,C-O1BYMA0N0G,18,false,300,0
16439778,6a53b5e233823e5a475ce2b6d909b69cf6537435-1,victor-alexander,1,44.000,500,16439778,471d06da1cf9682e7fe77837b77bde6711dda35b,2021-11-01T01:25:27.000Z,sodinokibi,2,peakmonsters,1,2021-11-02T01:25:27.000Z,DEC,44.000,DEC,44.000,44.000,,,,G3-103-WRLPYOWOHS,103,true,200,3
18275950,479456ac0ffa498bc5f0ea2a60a9d64b90fbaac6-0,sternwhistle,1,6.490,500,18275950,5d7ff2254cc21609841c8c458c6c89490cd68c5f,2021-11-01T01:25:09.000Z,sodinokibi,2,peakmonsters,1,2021-11-02T01:25:09.000Z,DEC,6.490,DEC,6.490,6.490,,,,G4-169-VWICLR7CXS,169,true,1,4
10914218,8b77674b7ef4038d6cc972c7d5000bf61be63cc4-0,d-pend,1,12.880,500,10914218,5d7ff2254cc21609841c8c458c6c89490cd68c5f,2021-11-01T01:25:09.000Z,sodinokibi,2,peakmonsters,1,2021-11-02T01:25:09.000Z,DEC,12.880,DEC,12.880,12.880,,,,G3-91-6ESEU6BQXS,91,true,200,3
16203523,884c8001c544bcae75ec4781d0d62014094ad8aa-9,niallon11,1,4.140,500,16203523,5d7ff2254cc21609841c8c458c6c89490cd68c5f,2021-11-01T01:25:09.000Z,sodinokibi,2,peakmonsters,1,2021-11-02T01:25:09.000Z,DEC,4.140,DEC,4.140,4.140,,,,G1-12-JTCMGDU2GW,12,true,200,1
9307543,a78d890243836d78ba4fe50e1e6f71b173c3cae8-38,smalp,1,64.656,500,9307543,6de07ffb43acae1318e1e2f87e201e2769eb1da3,2021-10-30T05:16:33.000Z,sodinokibi,2,splinterlands,1,2021-10-31T05:16:33.000Z,DEC,64.656,DEC,64.656,64.656,,,,C-T84V9ONDE8,52,false,8500,0
15862163,875573ad6f0ba9986b40f25b84091639b083d551-3,fighter4-freedom,1,17.000,500,15862163,f66ed52ca018efdd43a44db74994556810c1ebd0,2021-10-30T05:16:18.000Z,sodinokibi,2,splinterlands,1,2021-10-31T05:16:18.000Z,DEC,17.000,DEC,17.000,17.000,,,,G-N59BGYEJTS,3,true,250,0
17165545,85d2b3fbeb80d30bc2bf9ca10868095e601858c5-31,slbgf,1,15.000,500,17165545,04610fff4d78f4c8848dda2f1fc1f0692c120abc,2021-10-30T05:15:45.000Z,sodinokibi,2,splinterlands,1,2021-10-31T05:15:45.000Z,DEC,15.000,DEC,15.000,15.000,,,,G1-36-5VZ15R1VUO,36,true,400,1
11074579,26ee9d79e989531b7a44fc85e79c0bf730183fe8-25,lucky-cards,1,12.000,500,11074579,b6e0e19e2574dc19a0518a738ad9695b382181ad,2021-10-30T05:15:06.000Z,sodinokibi,2,splinterlands,1,2021-10-31T05:15:06.000Z,DEC,12.000,DEC,12.000,12.000,,,,G4-195-MWKIVGDGN4,195,true,1,4
9495001,b17d12793e498c7a29ea97c09c4465c2011ceb54-46,smalp,1,31.341,500,9495001,303a0026912eb93e55512dff29046e2c378e202f,2021-10-27T01:02:39.000Z,sodinokibi,2,peakmonsters,1,2021-10-28T01:02:39.000Z,DEC,31.341,DEC,31.341,31.341,,,,G3-131-QQ16JN1WXC,131,true,400,3
16375690,fb4177e76df82e5bb9b4c1ca8b6c99daced89caa-0,guiltyparties,1,9.900,500,16375690,9b73012e7c6e6dd43c12dba37a06ef2321e8ba6f,2021-10-27T01:02:09.000Z,sodinokibi,2,peakmonsters,1,2021-10-28T01:02:09.000Z,DEC,11.800,DEC,11.800,11.800,,,,C-0W42V0UFI8,14,false,60,0
10232200,f54f0600bd778e02f6751f05e360d62c625233fa-0,vaca3,1,10.000,500,10232200,ce17d6508c98d13aae2d42229c30c42f3a1db911,2021-10-27T01:01:51.000Z,sodinokibi,2,peakmonsters,1,2021-10-28T01:01:51.000Z,DEC,10.000,DEC,10.000,10.000,,,,G3-103-0M3CF1E28G,103,true,200,3
17312578,291b4554c0ef3089ef8a06017749324e2784a1b2-9,enminers-vault,1,7.350,500,17312578,8cf98f5f4988d4d01c48e13a5afa8c7c17593885,2021-10-27T01:01:27.000Z,sodinokibi,2,peakmonsters,1,2021-10-28T01:01:27.000Z,DEC,7.350,DEC,7.350,7.350,,,,C4-293-JJ6TEE5XDS,293,false,1,4
12361151,0979b6e9f800daed64e2bc6d15f32381776a9656-0,colecornell1,1,20.000,500,12361151,831fb3d78847322cfe04b6b83c839f33f694a816,2021-10-27T01:01:15.000Z,sodinokibi,2,peakmonsters,1,2021-10-28T01:01:15.000Z,DEC,20.000,DEC,20.000,20.000,,,,C0-18-O52LYKDDGW,18,false,300,0
17268885,72efdbe1a34c22f6642c078bac0b945339dba292-0,cal2,1,20.000,500,17268885,eee57c6302cc6f23e0e8f3832f5fcd484c34bfab,2021-10-27T01:01:00.000Z,sodinokibi,2,peakmonsters,1,2021-10-28T01:01:00.000Z,DEC,20.000,DEC,20.000,20.000,,,,G3-91-U2O3ZYYZ9C,91,true,200,3
12935847,a8ca5f48786e226cbdd36375d0355147f8645c78-4,davemccoy,1,4.190,500,12935847,eee57c6302cc6f23e0e8f3832f5fcd484c34bfab,2021-10-27T01:01:00.000Z,sodinokibi,2,peakmonsters,1,2021-10-28T01:01:00.000Z,DEC,4.190,DEC,4.190,4.190,,,,G1-12-WGRJHJVVTS,12,true,200,1
10745504,deac1b982d213d2a24e7ff70a29718af4145cbdd-107,thevil,1,30.008,500,10745504,5cb51357f3b26a52e9385cfe715055e8bac11e63,2021-10-21T20:34:54.000Z,sodinokibi,2,peakmonsters,1,2021-10-22T20:34:54.000Z,DEC,30.008,DEC,30.008,30.008,,,,G3-103-0HQ9M0CKGW,103,true,200,3
17190726,94662feb272be7d688b1262c068a7de8ac865036-137,enminers-vault,1,7.950,500,17190726,cb4c19e40b8733aa6e17f76ad69a7dbe0028e9dc,2021-10-21T20:34:42.000Z,sodinokibi,2,peakmonsters,1,2021-10-22T20:34:42.000Z,DEC,7.950,DEC,7.950,7.950,,,,G4-169-63LHE5U3DS,169,true,1,4
14330008,a0412814849aff74bc086e65fe1b8ed3ce9abcce-135,vugtis,1,49.800,500,14330008,e2599d1c4e445cb193c230c64904f686b99ba53e,2021-10-21T20:34:06.000Z,sodinokibi,2,peakmonsters,1,2021-10-22T20:34:06.000Z,DEC,49.800,DEC,49.800,49.800,,,,G4-178-S990VE4XOG,178,true,1,4
16941803,6d38fd399684681f127e0ad9cc23b6205fcc36b8-3,otage,1,14.897,500,16941803,49371575ac36d7fd766be72648b426ae38ef7dba,2021-10-21T20:33:54.000Z,sodinokibi,2,peakmonsters,1,2021-10-22T20:33:54.000Z,DEC,14.500,DEC,14.500,14.500,,,,C-JX867LS9W0,18,false,300,0
9494970,b17d12793e498c7a29ea97c09c4465c2011ceb54-15,smalp,1,31.341,500,9494970,a3fc217dbda2b06689e3de2e88ebe5e5a19903a6,2021-10-21T20:33:09.000Z,sodinokibi,2,peakmonsters,1,2021-10-22T20:33:09.000Z,DEC,31.341,DEC,31.341,31.341,,,,G3-131-6E52VZRU5S,131,true,400,3
17194792,21423dfbd8436e5dbaff30ef56cc444d16492d5a-1,enminers-vault,1,5.099,500,17194792,922517fa91922990ce6d739e686483547e03c2d2,2021-10-21T20:32:39.000Z,sodinokibi,2,peakmonsters,1,2021-10-22T20:32:39.000Z,DEC,5.099,DEC,5.099,5.099,,,,G4-171-HF8SMLE134,171,true,1,4
17078339,ca38965dffb9d62b5f621df686b9ac7978938368-0,ironicghost,1,14.000,500,17078339,922517fa91922990ce6d739e686483547e03c2d2,2021-10-21T20:32:39.000Z,sodinokibi,2,peakmonsters,1,2021-10-22T20:32:39.000Z,DEC,14.000,DEC,14.000,14.000,,,,G3-91-S2IAUU8ZCW,91,true,200,3
9307291,279b7e7f49e42f1e8e4931ebfcf70f91c22b8785-4,smalp,1,14.650,500,9307291,b6515d8b74264bc1ea5589476f12cf3bf3a720d9,2021-10-15T12:47:24.000Z,sodinokibi,2,splinterlands,1,2021-10-16T12:47:24.000Z,DEC,14.650,DEC,14.650,14.650,,,,C0-45-7ANC8QQZCG,45,false,760,0
9308013,4550e8ffe291c08823498ee1e63fa86236d1877c-49,smalp,1,20.870,500,9308013,9f1014701bf0bee163d79f996bf4240eef365f49,2021-10-15T10:57:12.000Z,sodinokibi,2,splinterlands,1,2021-10-16T10:57:12.000Z,DEC,20.870,DEC,20.870,20.870,,,,C3-90-68I3VE9FDC,90,false,2565,3
10139315,e196df790bdc58073341ee8b1db0305d3a809499-120,andywong,1,9.950,500,10139315,72a14551807eca509563e96ff93c4a02c13da8be,2021-10-11T14:25:42.000Z,sodinokibi,2,peakmonsters,1,2021-10-12T14:25:42.000Z,DEC,9.950,DEC,9.950,9.950,,,,G3-103-IR5SK7GGQ8,103,true,200,3
10426912,6a55c4153f173bc398dd96f85fa1589f547d399f-1,cyguy,1,5.950,500,10426912,72a14551807eca509563e96ff93c4a02c13da8be,2021-10-11T14:25:42.000Z,sodinokibi,2,peakmonsters,1,2021-10-12T14:25:42.000Z,DEC,5.950,DEC,5.950,5.950,,,,G1-12-9OVVDIUWYO,12,true,200,1
15500975,992a6aef5e0054e5fe86baa398f127cd9fa13595-4,lucky-cards,1,14.500,500,15500975,72a14551807eca509563e96ff93c4a02c13da8be,2021-10-11T14:25:42.000Z,sodinokibi,2,peakmonsters,1,2021-10-12T14:25:42.000Z,DEC,14.500,DEC,14.500,14.500,,,,G1-14-AGSFSCX1GG,14,true,200,1
9836730,1df23763553d8c895b9e2a64ceec813e2b1e2093-42,fighter4-freedom,1,15.000,500,9836730,72a14551807eca509563e96ff93c4a02c13da8be,2021-10-11T14:25:42.000Z,sodinokibi,2,peakmonsters,1,2021-10-12T14:25:42.000Z,DEC,15.000,DEC,15.000,15.000,,,,G3-91-XSVPV2OTBK,91,true,200,3
10378200,185d11a1408ecfd36d4b0a25c27bc4c3f621d82b-47,lucky-cards,1,29.000,500,10378200,72a14551807eca509563e96ff93c4a02c13da8be,2021-10-11T14:25:42.000Z,sodinokibi,2,peakmonsters,1,2021-10-12T14:25:42.000Z,DEC,29.000,DEC,29.000,29.000,,,,G1-18-SDF774GFQ8,18,true,400,1
13065915,e96cdc2a416deb0b911b54598d75a208ac08c8e8-0,dirty-absol,1,12.800,500,13065915,f15248bd8fa9b38265ba8c540215a9c0c80806e4,2021-10-05T15:40:12.000Z,sodinokibi,2,peakmonsters,1,2021-10-06T15:40:12.000Z,DEC,12.800,DEC,12.800,12.800,,,,G3-91-WCABWYPH40,91,true,200,3
11949171,e4f9a479143fb205586287c5614d55cdc51ae428-9,gfriend96,1,30.559,500,11949171,f15248bd8fa9b38265ba8c540215a9c0c80806e4,2021-10-05T15:40:12.000Z,sodinokibi,2,peakmonsters,1,2021-10-06T15:40:12.000Z,DEC,30.559,DEC,30.559,30.559,,,,G3-131-NJPPWG56PC,131,true,400,3
11633581,7800cd8020019366c43e48c197c81e18a8936778-52,bitcoinsig,1,5.100,500,11633581,6e25d8043c223ea725bd13f53b384cc4fc7ac470,2021-10-05T15:38:39.000Z,sodinokibi,2,peakmonsters,1,2021-10-06T15:38:39.000Z,DEC,6.100,DEC,6.100,6.100,,,,G4-171-WJWGBHD8DC,171,true,1,4
10496475,6a5513fd748bfd2670a40a7e386213e99c7076bc-12,aatrox,1,4.200,500,10496475,6e25d8043c223ea725bd13f53b384cc4fc7ac470,2021-10-05T15:38:39.000Z,sodinokibi,2,peakmonsters,1,2021-10-06T15:38:39.000Z,DEC,4.200,DEC,4.200,4.200,,,,G1-12-TE2YGEL55C,12,true,200,1
11053975,d9170590bad26ee679ebc09e4f173d7350ea720a-6,lucky-cards,1,25.000,500,11053975,6e25d8043c223ea725bd13f53b384cc4fc7ac470,2021-10-05T15:38:39.000Z,sodinokibi,2,peakmonsters,1,2021-10-06T15:38:39.000Z,DEC,25.000,DEC,25.000,25.000,,,,G1-18-XJ3ASMNQ0G,18,true,400,1