﻿id,sell_trx_id,seller,num_cards,buy_price,fee_percent,market_item_id,rental_tx,rental_date,renter,status,market_account,rental_days,next_rental_payment,payment_currency,payment_amount,escrow_currency,escrow_amount,paid_amount,cancel_tx,cancel_player,cancel_date,card_id,card_detail_id,gold,xp,edition
17381322,ced97666218941a8a9e379dfdc530935037a04c8-18,renterlands,1,19.500,500,17381322,fed13ab729619f99b4ab622f596de36332c357e4,2021-10-30T06:57:51.000Z,adwind,2,splinterlands,1,2021-10-31T06:57:51.000Z,DEC,29.400,DEC,29.400,29.400,,,,C3-286-18N5FO5PV4,286,false,3,3
10954834,0f9ba0a8f316e5893af62da4e774b35742ad7031-11,lucky-cards,1,39.000,500,10954834,67eaa04f74929761fd2fbb75be98775d7fb2972c,2021-10-30T06:57:33.000Z,adwind,2,splinterlands,1,2021-10-31T06:57:33.000Z,DEC,39.000,DEC,39.000,39.000,,,,G3-104-OSSIPSWHNK,104,true,400,3
15582866,143e79e2c6f78d2226daf9805aa3347ee0c45b29-12,fighter4-freedom,1,29.000,500,15582866,7326ef382f1dc094962573dbc6f06c27c3ad252c,2021-10-30T06:57:12.000Z,adwind,2,splinterlands,1,2021-10-31T06:57:12.000Z,DEC,29.000,DEC,29.000,29.000,,,,G3-131-P2VYQHD374,131,true,400,3
15866366,1fda3d75810f4123bfc072fa1102c7c72cba291b-11,fighter4-freedom,1,20.000,500,15866366,49a1f4f9aed83ec114c4f689381e69d46c4c4914,2021-10-30T06:53:57.000Z,adwind,2,splinterlands,1,2021-10-31T06:53:57.000Z,DEC,20.000,DEC,20.000,20.000,,,,G4-184-N9F8X63PO0,184,true,1,4
10227371,5265f3fc7f48b850b7d6489312ef127fc10b717c-0,mawit07,1,7.000,500,10227371,1da9756da6540dd6434d5a1589619b6d27f3de26,2021-10-29T05:32:15.000Z,adwind,2,peakmonsters,1,2021-10-30T05:32:15.000Z,DEC,7.000,DEC,7.000,7.000,,,,C-6WEEW6PM80,18,false,300,0
12272770,16453e186ed9e3321c794767f0d73f0a425bd561-108,clove71,1,4.340,500,12272770,55f402bd8152a58dc1196105377e8af90f3ceaf5,2021-10-29T05:32:03.000Z,adwind,2,peakmonsters,1,2021-10-30T05:32:03.000Z,DEC,4.340,DEC,4.340,4.340,,,,C3-131-U2EYKS0E0G,131,false,0,3
10347389,fb1053ad4ba89cec8a057c5f222ff95066b34836-13,feedo,1,7.914,500,10347389,c8d657dcd97940def9c6af5673cc25b644504967,2021-10-29T05:31:57.000Z,adwind,2,peakmonsters,1,2021-10-30T05:31:57.000Z,DEC,7.914,DEC,7.914,7.914,,,,C4-293-X3NBYXG5IO,293,false,1,4
12313367,e3d1a4597b6fe21469f10323027533ff526d6d1c-26,nai.collection,1,16.528,500,12313367,9dfb742bb9a9562a3e8d1d783d3475a33275d305,2021-10-29T05:31:48.000Z,adwind,2,peakmonsters,1,2021-10-30T05:31:48.000Z,DEC,16.528,DEC,16.528,16.528,,,,G3-91-98HK2GDEG0,91,true,200,3
15801446,37564e095036a28ffb78be2e4a2cd1c34950c29f-0,moon32walker,1,37.000,500,15801446,9dfb742bb9a9562a3e8d1d783d3475a33275d305,2021-10-29T05:31:48.000Z,adwind,2,peakmonsters,1,2021-10-30T05:31:48.000Z,DEC,37.000,DEC,37.000,37.000,,,,G4-178-IMNKPYG3PS,178,true,1,4
11934094,dd60683be31c26f5bc966cdf83fcfef59a999d69-0,philippekiene,1,10.000,500,11934094,9dfb742bb9a9562a3e8d1d783d3475a33275d305,2021-10-29T05:31:48.000Z,adwind,2,peakmonsters,1,2021-10-30T05:31:48.000Z,DEC,10.000,DEC,10.000,10.000,,,,G3-103-H7KC5G4I9C,103,true,200,3
17058141,5859a42f4eed8ee00b16d3ddb5c1399d04cda8ce-28,ty2nicerva,1,1.666,500,17058141,9dfb742bb9a9562a3e8d1d783d3475a33275d305,2021-10-29T05:31:48.000Z,adwind,2,peakmonsters,1,2021-10-30T05:31:48.000Z,DEC,8.050,DEC,8.050,8.050,,,,G4-169-1ZEEAA1HJK,169,true,1,4
15500975,992a6aef5e0054e5fe86baa398f127cd9fa13595-4,lucky-cards,1,14.500,500,15500975,9dfb742bb9a9562a3e8d1d783d3475a33275d305,2021-10-29T05:31:48.000Z,adwind,2,peakmonsters,1,2021-10-30T05:31:48.000Z,DEC,14.500,DEC,14.500,14.500,,,,G1-14-AGSFSCX1GG,14,true,200,1
10596180,516a25041f25ef80a0a2ba117b0b09674505b1a0-0,rege2,1,15.000,500,10596180,9dfb742bb9a9562a3e8d1d783d3475a33275d305,2021-10-29T05:31:48.000Z,adwind,2,peakmonsters,1,2021-10-30T05:31:48.000Z,DEC,15.000,DEC,15.000,15.000,,,,G1-12-VOYD4QSIV4,12,true,200,1
11685982,479b1fccb2a1848002b91726b31ffc6405e3b0c9-0,teammonsters,1,29.900,500,11685982,895b5892a25aab6402a89af979e2280b40692114,2021-10-23T22:30:09.000Z,adwind,2,peakmonsters,1,2021-10-24T22:30:09.000Z,DEC,29.900,DEC,29.900,29.900,,,,G3-131-6GG67JZZBK,131,true,400,3
9986650,7131a116a1d54d8e262eab4b683f3fdec4f49938-7,lucky-cards,1,17.000,500,9986650,c2fd6bec5924afb00987e0271e31c48fa2145b9f,2021-10-23T22:29:54.000Z,adwind,2,peakmonsters,1,2021-10-24T22:29:54.000Z,DEC,17.000,DEC,17.000,17.000,,,,G3-103-XX9UEOIW3K,103,true,200,3
11946617,a52768d2ca4b0bed8d39f40cd016d23e2198bb67-10,janoshik,1,14.832,500,11946617,84897821329c9641097670f088829f8f84054402,2021-10-23T22:29:42.000Z,adwind,2,peakmonsters,1,2021-10-24T22:29:42.000Z,DEC,14.832,DEC,14.832,14.832,,,,G1-14-WH7FOC5V7K,14,true,200,1
15442977,2134870df075735bb87b07a621f5385a532b246b-1,beescards,1,12.950,500,15442977,8db63c568bd82547bd42d6f7778920c362b95eaa,2021-10-23T22:29:30.000Z,adwind,2,peakmonsters,1,2021-10-24T22:29:30.000Z,DEC,12.950,DEC,12.950,12.950,,,,G3-91-ZS6A2FBSGW,91,true,200,3
15909405,43d825243c8a4252eb9e45b83f2f717bbd0bfc2c-102,moriarty95,1,5.150,500,15909405,18cfffbeb75ce32d6c9033995c992b4b1b7d8bd1,2021-10-23T22:29:24.000Z,adwind,2,peakmonsters,1,2021-10-24T22:29:24.000Z,DEC,5.150,DEC,5.150,5.150,,,,G4-171-U0MR8N2APC,171,true,1,4
16244386,3a09dccac66f4979c52e16153734293a1ef315c3-8,doloknight,1,14.450,500,16244386,fe0298b2cb4d2243d01fff55b544562383a7f084,2021-10-17T16:49:51.000Z,adwind,2,peakmonsters,1,2021-10-18T16:49:51.000Z,DEC,14.450,DEC,14.450,14.450,,,,G1-14-S8PINKMZBK,14,true,200,1
10538303,d95983dfb3659acb610efaeecd41b5e6d2f87b3a-0,myfriend,1,17.550,500,10538303,fe0298b2cb4d2243d01fff55b544562383a7f084,2021-10-17T16:49:51.000Z,adwind,2,peakmonsters,1,2021-10-18T16:49:51.000Z,DEC,17.550,DEC,17.550,17.550,,,,G4-178-3V3H3JRIPC,178,true,1,4
16263331,76e19a298d3ebf27950132e9036129d427966a65-139,nyche,1,7.650,500,16263331,fe0298b2cb4d2243d01fff55b544562383a7f084,2021-10-17T16:49:51.000Z,adwind,2,peakmonsters,1,2021-10-18T16:49:51.000Z,DEC,8.600,DEC,8.600,8.600,,,,G4-169-DHJNR6W2LS,169,true,1,4
12392637,08516af9877fbbac988d293fd3ec87f1de427ec7-0,bitcoinflood,1,33.200,500,12392637,fe0298b2cb4d2243d01fff55b544562383a7f084,2021-10-17T16:49:51.000Z,adwind,2,peakmonsters,1,2021-10-18T16:49:51.000Z,DEC,33.200,DEC,33.200,33.200,,,,G1-18-3G4YI9UHA8,18,true,400,1
15717568,482077d28619cd91d6b5da782ccb6929aae729d2-6,faceb,1,9.740,500,15717568,fe0298b2cb4d2243d01fff55b544562383a7f084,2021-10-17T16:49:51.000Z,adwind,2,peakmonsters,1,2021-10-18T16:49:51.000Z,DEC,9.740,DEC,9.740,9.740,,,,G3-103-HIVJAP1W68,103,true,200,3
15417713,0d83d3aabcb95e7ae9c714e03e26425571d8a0ee-41,legendarycanary,1,2.950,500,15417713,fe0298b2cb4d2243d01fff55b544562383a7f084,2021-10-17T16:49:51.000Z,adwind,2,peakmonsters,1,2021-10-18T16:49:51.000Z,DEC,2.950,DEC,2.950,2.950,,,,G4-171-E4LOUI149C,171,true,1,4
16600322,ddd7a859ff8e56bdd3bb0150147d050b01cc05bc-8,orrkis,1,47.800,500,16600322,fe0298b2cb4d2243d01fff55b544562383a7f084,2021-10-17T16:49:51.000Z,adwind,2,peakmonsters,1,2021-10-18T16:49:51.000Z,DEC,47.800,DEC,47.800,47.800,,,,G4-293-6Q5XBO9VRK,293,true,1,4
10116481,30d4d629e03f9ac2794d6c15e8b8e2ab828c8789-0,katrina-ariel,1,17.000,500,10116481,90c1a51e2c8743ae70003004ffefd340348e235d,2021-10-12T05:36:30.000Z,adwind,2,peakmonsters,1,2021-10-13T05:36:30.000Z,DEC,17.000,DEC,17.000,17.000,,,,G3-91-SQDPON8ECW,91,true,200,3
12480980,b2e4830f601ddf0949fb7dcb2685144a11ad1589-0,bitcoinportugal,1,11.690,500,12480980,7b2fca9a3d0f2ef64090bf1dcb14ccea3ee33440,2021-10-12T05:35:51.000Z,adwind,2,peakmonsters,1,2021-10-13T05:35:51.000Z,DEC,11.690,DEC,11.690,11.690,,,,G3-103-L6SFQ6BBM8,103,true,200,3
11633532,7800cd8020019366c43e48c197c81e18a8936778-3,bitcoinsig,1,8.116,500,11633532,7b2fca9a3d0f2ef64090bf1dcb14ccea3ee33440,2021-10-12T05:35:51.000Z,adwind,2,peakmonsters,1,2021-10-13T05:35:51.000Z,DEC,8.116,DEC,8.116,8.116,,,,G1-12-06V35J7DGW,12,true,200,1
15909399,43d825243c8a4252eb9e45b83f2f717bbd0bfc2c-96,moriarty95,1,5.150,500,15909399,7b2fca9a3d0f2ef64090bf1dcb14ccea3ee33440,2021-10-12T05:35:51.000Z,adwind,2,peakmonsters,1,2021-10-13T05:35:51.000Z,DEC,5.150,DEC,5.150,5.150,,,,G4-171-S26EFUH068,171,true,1,4
11714410,e8925c81f30e3247d5ec14465b092bac0860ce76-0,brianohio,1,9.750,500,11714410,83d3b9148cb01c4791793da2d97c23300408c02f,2021-10-12T05:35:21.000Z,adwind,2,peakmonsters,1,2021-10-13T05:35:21.000Z,DEC,9.750,DEC,9.750,9.750,,,,C4-293-EOFA7KGNK0,293,false,1,4
10332223,f2b73d821099eea1817899b07e75f221c1489845-3,fighter4-freedom,1,17.000,500,10332223,bc70addbb9e99a9a4b474fc27da04ad5dd42416a,2021-10-12T05:35:15.000Z,adwind,2,peakmonsters,1,2021-10-13T05:35:15.000Z,DEC,17.000,DEC,17.000,17.000,,,,G1-14-I6XIK909NK,14,true,200,1
15866100,7c9f9025de291db24b404ba55eb6bfe85703094d-22,fighter4-freedom,1,8.000,500,15866100,bc70addbb9e99a9a4b474fc27da04ad5dd42416a,2021-10-12T05:35:15.000Z,adwind,2,peakmonsters,1,2021-10-13T05:35:15.000Z,DEC,8.000,DEC,8.000,8.000,,,,G4-169-YU0G5HI5M8,169,true,1,4
15510905,7de5b9c7d665dea5dcde6baca898b428df6c44e6-0,team-spirit,1,30.000,500,15510905,bc70addbb9e99a9a4b474fc27da04ad5dd42416a,2021-10-12T05:35:15.000Z,adwind,2,peakmonsters,1,2021-10-13T05:35:15.000Z,DEC,30.000,DEC,30.000,30.000,,,,G1-18-G75XNHZJKW,18,true,400,1