﻿id,sell_trx_id,seller,num_cards,buy_price,fee_percent,market_item_id,rental_tx,rental_date,renter,status,market_account,rental_days,next_rental_payment,payment_currency,payment_amount,escrow_currency,escrow_amount,paid_amount,cancel_tx,cancel_player,cancel_date,card_id,card_detail_id,gold,xp,edition
9308233,324b171d809f20dbd39bf10ffd77977a7ef82f45-70,smalp,1,44.546,500,9308233,0a8ef63cdd3ccb90264b01f25a0862e0a898bc15,2021-10-30T05:27:15.000Z,lazagne,2,splinterlands,1,2021-10-31T05:27:15.000Z,DEC,44.546,DEC,44.546,44.546,,,,C4-144-PX5FGADPLS,144,false,11,4
17166409,7a214453c131a3173393b34696cc7bbf331464b5-2,slbgf,1,74.700,500,17166409,3daab17306c06b0f82a6835ffb6c455c6215e8eb,2021-10-30T05:25:15.000Z,lazagne,2,splinterlands,1,2021-10-31T05:25:15.000Z,DEC,74.700,DEC,74.700,74.700,,,,G1-49-PT198IJOHC,49,true,800,1
9725841,70a359a03c9f3c068a278ef0cdf7db8214fa56ce-7,lucky-cards,1,36.000,500,9725841,d37499cfbde3fb9570fbbc131179b76efb1afb50,2021-10-30T05:24:42.000Z,lazagne,2,splinterlands,1,2021-10-31T05:24:42.000Z,DEC,36.000,DEC,36.000,36.000,,,,C4-224-HKLEYA0FZ4,224,false,115,4
17166037,faf05067cea933b1caea4bf333a35feb4e4345bb-99,slbgf,1,15.000,500,17166037,bed3b17894f36874c7481ca94ffdfb5de511655b,2021-10-30T05:23:45.000Z,lazagne,2,splinterlands,1,2021-10-31T05:23:45.000Z,DEC,15.000,DEC,15.000,15.000,,,,G1-62-RA36O11W9S,62,true,400,1
10257519,afb37593b33b073060c4dd0e08c0166c72dbb9d2-1,okean123,1,13.850,500,10257519,81ccf6725a34bba99d3494984ac1fdcbe42e408d,2021-10-28T06:33:48.000Z,lazagne,2,peakmonsters,1,2021-10-29T06:33:48.000Z,DEC,13.850,DEC,13.850,13.850,,,,G3-103-E2TPONJD2O,103,true,200,3
15582875,143e79e2c6f78d2226daf9805aa3347ee0c45b29-21,fighter4-freedom,1,29.000,500,15582875,1d92bc6b00146868864f83296ce882146b7310ce,2021-10-28T06:32:18.000Z,lazagne,2,peakmonsters,1,2021-10-29T06:32:18.000Z,DEC,29.000,DEC,29.000,29.000,,,,G3-131-VSMAGKRCKG,131,true,400,3
10161067,2308d3b1e27dbdbb71617167ec0382a1ef7a9c8c-0,crypto-pilot,1,9.950,500,10161067,1d92bc6b00146868864f83296ce882146b7310ce,2021-10-28T06:32:18.000Z,lazagne,2,peakmonsters,1,2021-10-29T06:32:18.000Z,DEC,9.950,DEC,9.950,9.950,,,,G1-14-OHIR27HLMO,14,true,200,1
17897566,6ce3336f4b3d42bf5a5590200515c6bb5e2e0116-23,beescards,1,34.850,500,17897566,1d92bc6b00146868864f83296ce882146b7310ce,2021-10-28T06:32:18.000Z,lazagne,2,peakmonsters,1,2021-10-29T06:32:18.000Z,DEC,34.850,DEC,34.850,34.850,,,,G4-178-GYMQEDHK34,178,true,1,4
10426588,05272f4c8d01ea11b838958eb820e0973506d740-3,foggybottom,1,14.940,500,10426588,567d6805f2ec990d2c66b7623595e6d0be99d1a9,2021-10-23T12:46:30.000Z,lazagne,2,peakmonsters,1,2021-10-24T12:46:30.000Z,DEC,14.940,DEC,14.940,14.940,,,,G3-103-ZX3FEAV2R4,103,true,200,3
17252792,a0f4efaaeef5e01c31681d08da6941ff80e7bed8-21,grosh,1,14.950,500,17252792,b278b408f60e3200fa1ff2fabfe98dcca82273ec,2021-10-23T12:45:27.000Z,lazagne,2,peakmonsters,1,2021-10-24T12:45:27.000Z,DEC,14.950,DEC,14.950,14.950,,,,C-A58891VDGG,18,false,300,0
11468217,7daa5e05cce6fd5ae756ae6eca0296534895fcf6-6,monstergames,1,8.166,500,11468217,e11d4bfed8854ce63f83e84e28f014ee256571d5,2021-10-23T12:44:24.000Z,lazagne,2,peakmonsters,1,2021-10-24T12:44:24.000Z,DEC,8.166,DEC,8.166,8.166,,,,G1-12-VEFE5GUA28,12,true,200,1
17041310,4ef2f3322b35b59d4aa0ae6e85601fdef5f5af65-1,kobusu,1,7.800,500,17041310,3457d48853c80a060e3fcad99029134b6b9dff2b,2021-10-23T12:43:33.000Z,lazagne,2,peakmonsters,1,2021-10-24T12:43:33.000Z,DEC,7.800,DEC,7.800,7.800,,,,G4-169-M04MVUBIC0,169,true,1,4
15187546,96044eae2c11b8a96075851bf98cde84d8134fc6-4,world4play2earn,1,0.851,500,15187546,a1f29b4373aaf1bdc99c2b76aea5bde03d21dffd,2021-10-16T18:19:27.000Z,lazagne,2,peakmonsters,1,2021-10-17T18:19:27.000Z,DEC,0.851,DEC,0.851,0.851,,,,C3-91-7878TJ71O0,91,false,0,3
11253599,d23467bbb7f37c6d9cde7ff35ee3badc14049323-6,grosh,1,23.500,500,11253599,707ce9a28bf1cadd720e10942e00ae23bc96db77,2021-10-16T18:18:21.000Z,lazagne,2,peakmonsters,1,2021-10-17T18:18:21.000Z,DEC,23.500,DEC,23.500,23.500,,,,C-IXB6GJMNHS,18,false,400,0
13640805,01e61027effcb24cd6ad4831d2a7ccbcc2f7013d-1,jarvie,1,6.450,500,13640805,c837564774d311e16f670875f8f1407b0049a308,2021-10-16T18:02:06.000Z,lazagne,2,splinterlands,1,2021-10-17T18:02:06.000Z,DEC,6.450,DEC,6.450,6.450,,,,C3-131-0BRQNYDUR4,131,false,0,3
14350361,31b9ae62724900c8ef970a0f3f0f1991edec2cdc-110,sroies,1,14.762,500,14350361,b72d84d80cf0e2d47afe153bdc3916163937995e,2021-10-16T17:59:39.000Z,lazagne,2,splinterlands,1,2021-10-17T17:59:39.000Z,DEC,14.762,DEC,14.762,14.762,,,,C4-293-KZ78T22O2O,293,false,1,4
12203302,478d5036d6a8b56af1b6910563021bdd708dcd63-4,faceb,1,12.450,500,12203302,938bf9726db1888d143db0209fc9e98496c56c27,2021-10-16T17:59:03.000Z,lazagne,2,splinterlands,1,2021-10-17T17:59:03.000Z,DEC,12.450,DEC,12.450,12.450,,,,G3-103-FAH822BPDC,103,true,200,3
14226663,e7de76f8d190988c3a9cce24d342f968b6f0494c-0,calvinishobbes,1,5.950,500,14226663,3dee5fc9a1184a01522e8a60d8d23edfb91a3a83,2021-10-16T17:58:39.000Z,lazagne,2,splinterlands,1,2021-10-17T17:58:39.000Z,DEC,8.900,DEC,8.900,8.900,,,,G4-169-22EIZDFA74,169,true,1,4
15777852,93a8b54633e2df0117b85dbc49b6df0323824743-0,codebull,1,6.000,500,15777852,cc8fdb8f87ecbf78306e7248739f28e01f41d7de,2021-10-16T17:58:18.000Z,lazagne,2,splinterlands,1,2021-10-17T17:58:18.000Z,DEC,6.000,DEC,6.000,6.000,,,,G4-171-KXD7FFY0MO,171,true,1,4
11073991,718104626b2410032d54c58c4831c165e0f9df5a-4,lucky-cards,1,4.700,500,11073991,d81eb2e42d9eae1d9a88896031a758a11ae512d1,2021-10-16T17:58:12.000Z,lazagne,2,splinterlands,1,2021-10-17T17:58:12.000Z,DEC,4.700,DEC,4.700,4.700,,,,G1-12-AB2OWP3RZ4,12,true,200,1
15014487,cb953b736256e81f6e892e0bb52017ef585ded41-10,earthsplinters,1,34.000,500,15014487,209c85bcc9fd16a1ec8715591674d1f4a6769f4e,2021-10-15T12:09:06.000Z,lazagne,2,splinterlands,1,2021-10-16T12:09:06.000Z,DEC,34.000,DEC,34.000,34.000,,,,C5-265-OMLKOO8DOW,265,false,3,5
9306665,baf2439e2edcdcef6b9da8d940ab2592a33e386f-4,smalp,1,15.080,500,9306665,2ac4ca0f2f612a1a18667db0e87d4dd5664ce355,2021-10-15T12:08:12.000Z,lazagne,2,splinterlands,1,2021-10-16T12:08:12.000Z,DEC,15.080,DEC,15.080,15.080,,,,C1-17-VJA9WACNV4,17,false,1500,1
9596401,991f48a2a5df7a84a0590e515f6c26a8949ea61f-121,aatrox,1,29.150,500,9596401,632f3328be1eee4070ad8eb2d401fefab77716a3,2021-10-15T12:05:39.000Z,lazagne,2,splinterlands,1,2021-10-16T12:05:39.000Z,DEC,29.150,DEC,29.150,29.150,,,,G-F8029U6XWW,46,true,500,0
10432786,2bdf201b10b880e9d758be7bdb6373b74d6de0d7-21,deezrentals,1,7.400,500,10432786,2c2ba68d642628f9d38c0f7a6f4ce1b27b770408,2021-10-12T08:01:06.000Z,lazagne,2,peakmonsters,1,2021-10-13T08:01:06.000Z,DEC,9.798,DEC,9.798,9.798,,,,C4-293-HL12DWYRRK,293,false,1,4
14226610,e1cd659092fda59576b479dee77c35bf87c86152-1,calvinishobbes,1,32.774,500,14226610,2f7b4a63b434071ddecdf29d26260876fb5708a1,2021-10-12T08:00:30.000Z,lazagne,2,peakmonsters,1,2021-10-13T08:00:30.000Z,DEC,32.774,DEC,32.774,32.774,,,,G4-178-RANSBCXKYO,178,true,1,4
11378865,da55cf0141d4d0f0a3088139196910c795dd47c3-0,davemccoy,1,26.733,500,11378865,228688d937592250b87206c04468c5b829b1ea9f,2021-10-12T07:59:09.000Z,lazagne,2,peakmonsters,1,2021-10-13T07:59:09.000Z,DEC,26.733,DEC,26.733,26.733,,,,G1-14-IYDTL38J1S,14,true,200,1
11464984,18baedb6ea4546468e3497c56f4b9b6abe7d6997-0,iluvwvmountains,1,11.539,500,11464984,228688d937592250b87206c04468c5b829b1ea9f,2021-10-12T07:59:09.000Z,lazagne,2,peakmonsters,1,2021-10-13T07:59:09.000Z,DEC,11.539,DEC,11.539,11.539,,,,G3-103-N5NA1OEEQ8,103,true,200,3
15909419,43d825243c8a4252eb9e45b83f2f717bbd0bfc2c-116,moriarty95,1,5.150,500,15909419,228688d937592250b87206c04468c5b829b1ea9f,2021-10-12T07:59:09.000Z,lazagne,2,peakmonsters,1,2021-10-13T07:59:09.000Z,DEC,5.150,DEC,5.150,5.150,,,,G4-171-ZRAMGR8S9C,171,true,1,4
13378421,7532cb2bbd5047b73b50c369d5ac2fd5d180a60a-0,thisischupapi,1,28.000,500,13378421,3aca2a77c24c1a1b6e28ee63fd18494fac335db1,2021-10-09T01:01:30.000Z,lazagne,2,peakmonsters,1,2021-10-10T01:01:30.000Z,DEC,28.000,DEC,28.000,28.000,,,,G3-131-L7MS5DORF4,131,true,400,3
15301260,227e405b15560d6287f8e7f30b76e0381ba533bb-24,wargames,1,3.400,500,15301260,3aca2a77c24c1a1b6e28ee63fd18494fac335db1,2021-10-09T01:01:30.000Z,lazagne,2,peakmonsters,1,2021-10-10T01:01:30.000Z,DEC,3.400,DEC,3.400,3.400,,,,G4-171-5W8G295TS0,171,true,1,4
11548105,43f06651e8729a636ea680b34a10d2843ea843b2-9,davemccoy,1,7.217,500,11548105,3aca2a77c24c1a1b6e28ee63fd18494fac335db1,2021-10-09T01:01:30.000Z,lazagne,2,peakmonsters,1,2021-10-10T01:01:30.000Z,DEC,7.217,DEC,7.217,7.217,,,,G1-12-QX72B7HLM8,12,true,200,1
10432549,a6fd62f9dde4b3d29c9775d727742b59952814d9-0,alexis0100,1,17.900,500,10432549,3aca2a77c24c1a1b6e28ee63fd18494fac335db1,2021-10-09T01:01:30.000Z,lazagne,2,peakmonsters,1,2021-10-10T01:01:30.000Z,DEC,17.900,DEC,17.900,17.900,,,,G4-178-PUNSF8QG0G,178,true,1,4
11946617,a52768d2ca4b0bed8d39f40cd016d23e2198bb67-10,janoshik,1,14.832,500,11946617,9e3031e2e407aa1439a77f5ee84a8ebe4104b41a,2021-10-03T13:56:30.000Z,lazagne,2,peakmonsters,1,2021-10-04T13:56:30.000Z,DEC,14.832,DEC,14.832,14.832,,,,G1-14-WH7FOC5V7K,14,true,200,1
9363236,b33721f5026d03cecadc17a29bff2afa2e7d9c98-34,djsona,1,12.460,500,9363236,9e3031e2e407aa1439a77f5ee84a8ebe4104b41a,2021-10-03T13:56:30.000Z,lazagne,2,peakmonsters,1,2021-10-04T13:56:30.000Z,DEC,12.460,DEC,12.460,12.460,,,,G1-18-5EBK3TFSV4,18,true,400,1