﻿id,sell_trx_id,seller,num_cards,buy_price,fee_percent,market_item_id,rental_tx,rental_date,renter,status,market_account,rental_days,next_rental_payment,payment_currency,payment_amount,escrow_currency,escrow_amount,paid_amount,cancel_tx,cancel_player,cancel_date,card_id,card_detail_id,gold,xp,edition
9764119,57b311d41d339fe534c72921d95db3d84332b21a-8,fighter4-freedom,1,25.000,500,9764119,f3d4c1b77ac62abeb1bb8136b034ad9575d24b47,2021-10-30T05:52:51.000Z,negasteal,2,splinterlands,1,2021-10-31T05:52:51.000Z,DEC,25.000,DEC,25.000,25.000,,,,G3-247-TLNH8L0JWG,247,true,1,3
9699865,9f27e909e58efe2e0ae8f0cd39c41a36a851367e-0,fighter4-freedom,1,100.000,500,9699865,3169f4fb8c33112a62c3ef8fc0c48cbb9319f1cf,2021-10-30T05:49:27.000Z,negasteal,2,splinterlands,1,2021-10-31T05:49:27.000Z,DEC,100.000,DEC,100.000,100.000,,,,C3-218-QQ2MB43XR4,218,false,7560,3
16036988,331dbf9dad1a85ac0d38dadc8e7f771fe835c78a-99,aatrox,1,68.900,500,16036988,6c64f10caa64b98576aba1866abd1bf5420e7a17,2021-10-30T05:48:39.000Z,negasteal,2,splinterlands,1,2021-10-31T05:48:39.000Z,DEC,68.900,DEC,68.900,68.900,,,,G-VD09UXG180,40,true,500,0
11395867,ffbe4c424771a893d107bf6c1c8274d8d73b7aba-0,bengiles,1,14.000,500,11395867,4c20db343f4a018eb240dd78633b93f689e02fc7,2021-10-28T06:37:45.000Z,negasteal,2,peakmonsters,1,2021-10-29T06:37:45.000Z,DEC,14.000,DEC,14.000,14.000,,,,G3-91-96AGM5CVTC,91,true,200,3
10566354,4e4107201cc20e3802a6cdf8de600ddcff62642e-0,fighter4-freedom,1,12.000,500,10566354,adb602cf82d4ac6e5df3c22d229c1fca8c9dadde,2021-10-28T06:37:15.000Z,negasteal,2,peakmonsters,1,2021-10-29T06:37:15.000Z,DEC,12.000,DEC,12.000,12.000,,,,G1-14-9KLLDN658G,14,true,200,1
10905224,f6997283b964df2a8c7f191fe838f41f49af6e09-0,grosh,1,7.450,500,10905224,60363de7ca37e3b2d94bbf8b1637a94e1c33383a,2021-10-28T06:36:39.000Z,negasteal,2,peakmonsters,1,2021-10-29T06:36:39.000Z,DEC,7.450,DEC,7.450,7.450,,,,C-0D8HISK0J4,18,false,100,0
15909386,43d825243c8a4252eb9e45b83f2f717bbd0bfc2c-83,moriarty95,1,5.150,500,15909386,2a2c5bf7193907f0ac5526892a448ba6d2188a53,2021-10-28T06:36:15.000Z,negasteal,2,peakmonsters,1,2021-10-29T06:36:15.000Z,DEC,5.150,DEC,5.150,5.150,,,,G4-171-FR2KHLN4Q8,171,true,1,4
15757803,9328a6e2d5931889be989a39c80a7263b83ef255-76,jarvie,1,12.355,500,15757803,2a2c5bf7193907f0ac5526892a448ba6d2188a53,2021-10-28T06:36:15.000Z,negasteal,2,peakmonsters,1,2021-10-29T06:36:15.000Z,DEC,12.355,DEC,12.355,12.355,,,,G-QDPTHDZRQO,12,true,250,0
9928200,0a8f599bace7bc803bc2afce536f12d88fc5df3a-56,steammonster,1,8.950,500,9928200,2a2c5bf7193907f0ac5526892a448ba6d2188a53,2021-10-28T06:36:15.000Z,negasteal,2,peakmonsters,1,2021-10-29T06:36:15.000Z,DEC,8.950,DEC,8.950,8.950,,,,G3-103-EKBJQQC2A8,103,true,200,3
16122415,b17cb32bb9dda8bc008a522448b221fa82eee22e-0,killau,1,8.650,500,16122415,2a2c5bf7193907f0ac5526892a448ba6d2188a53,2021-10-28T06:36:15.000Z,negasteal,2,peakmonsters,1,2021-10-29T06:36:15.000Z,DEC,8.650,DEC,8.650,8.650,,,,G4-169-CJPK6D3140,169,true,1,4
17794270,aa5a6c5620d7b15df81f977b549948315db01d13-35,jeffopenscards,1,34.900,500,17794270,2a2c5bf7193907f0ac5526892a448ba6d2188a53,2021-10-28T06:36:15.000Z,negasteal,2,peakmonsters,1,2021-10-29T06:36:15.000Z,DEC,34.900,DEC,34.900,34.900,,,,G4-178-N2P0130SDS,178,true,1,4
16823728,75db4597d79246dfafa9b22c29223f10088fb429-0,tiffin,1,18.000,500,16823728,b3b27f1316ed89262903a63ae222aec09845725f,2021-10-18T15:59:18.000Z,negasteal,2,peakmonsters,1,2021-10-19T15:59:18.000Z,DEC,30.000,DEC,30.000,30.000,,,,G1-14-6H9OB6GP8G,14,true,200,1
11253599,d23467bbb7f37c6d9cde7ff35ee3badc14049323-6,grosh,1,23.500,500,11253599,a38010bc4fafd0848b3a135fefb2f098fc85037f,2021-10-18T15:59:00.000Z,negasteal,2,peakmonsters,1,2021-10-19T15:59:00.000Z,DEC,23.500,DEC,23.500,23.500,,,,C-IXB6GJMNHS,18,false,400,0
12110658,83e08ad178bdbe021e93a30cabdb643ed8607f49-3,thomaseamoran,1,6.247,500,12110658,84cca7ad1e9d6617bc28d9acede6efcbc9123d4a,2021-10-18T15:58:39.000Z,negasteal,2,peakmonsters,1,2021-10-19T15:58:39.000Z,DEC,6.247,DEC,6.247,6.247,,,,C3-131-9MYF5RRPKW,131,false,0,3
14330005,a0412814849aff74bc086e65fe1b8ed3ce9abcce-132,vugtis,1,49.800,500,14330005,aa42e9218494c02036ce2f213d42a94e74a065aa,2021-10-18T15:58:24.000Z,negasteal,2,peakmonsters,1,2021-10-19T15:58:24.000Z,DEC,49.800,DEC,49.800,49.800,,,,G4-178-PYZJG7MRJ4,178,true,1,4
10257519,afb37593b33b073060c4dd0e08c0166c72dbb9d2-1,okean123,1,13.850,500,10257519,7e895bb3aea9f201711ddad79f332ba0415d0740,2021-10-18T15:58:09.000Z,negasteal,2,peakmonsters,1,2021-10-19T15:58:09.000Z,DEC,13.850,DEC,13.850,13.850,,,,G3-103-E2TPONJD2O,103,true,200,3
11779154,f4a146745f4b45889864d87d7d4f3af5b0e59e6b-5,teammonsters,1,29.950,500,11779154,7e895bb3aea9f201711ddad79f332ba0415d0740,2021-10-18T15:58:09.000Z,negasteal,2,peakmonsters,1,2021-10-19T15:58:09.000Z,DEC,29.950,DEC,29.950,29.950,,,,G3-91-VUN4NECYO0,91,true,200,3
16202889,1c651f20db8ce514425e5df860c777459cdde042-57,abh12345,1,4.550,500,16202889,f8b3737fb752cbafc2037c409eebb1dd507bcb39,2021-10-18T15:57:42.000Z,negasteal,2,peakmonsters,1,2021-10-19T15:57:42.000Z,DEC,7.800,DEC,7.800,7.800,,,,G4-169-F9DH3YK728,169,true,1,4
11206198,f5111d078fc8ab3200027b5d908b0d12e86e1072-14,smalp,1,134.950,500,11206198,1488edae8264c1c2f9a8ca60a5fa37d5db135cd0,2021-10-15T07:39:06.000Z,negasteal,2,splinterlands,1,2021-10-16T07:39:06.000Z,DEC,134.950,DEC,134.950,134.950,,,,G1-42-YNFHXGOF5C,42,true,800,1
10536489,3c43580d994d345028f932334e2fb0e3daf0eb67-12,sembioz,1,17.950,500,10536489,407f6abc33a04f964545b8386fa42dc71904832d,2021-10-12T06:54:03.000Z,negasteal,2,peakmonsters,1,2021-10-13T06:54:03.000Z,DEC,17.950,DEC,17.950,17.950,,,,G3-91-WXICQOMOR4,91,true,200,3
15500979,992a6aef5e0054e5fe86baa398f127cd9fa13595-8,lucky-cards,1,14.000,500,15500979,0416392f7b58d1e030a0ee91a2c0c05e1cccfdf6,2021-10-12T06:53:24.000Z,negasteal,2,peakmonsters,1,2021-10-13T06:53:24.000Z,DEC,14.000,DEC,14.000,14.000,,,,G1-14-C301QMRFZ4,14,true,200,1
12531911,8c55138cc20b767ff681e33b4ed012d9e4737cd9-0,bitcoinportugal,1,11.800,500,12531911,2d9cabe776aa909147a9f87b60796d9959df1925,2021-10-12T06:53:18.000Z,negasteal,2,peakmonsters,1,2021-10-13T06:53:18.000Z,DEC,11.800,DEC,11.800,11.800,,,,G3-103-E5G6EHDXVK,103,true,200,3
10621395,b139ca39f9926ad0fd03f7a6ef5f35475f9a06f3-1,athbull,1,4.650,500,10621395,84e2c5a0c449f346a341b50f51ee33e74840715e,2021-10-12T06:53:09.000Z,negasteal,2,peakmonsters,1,2021-10-13T06:53:09.000Z,DEC,4.650,DEC,4.650,4.650,,,,G4-169-81Q8823EMO,169,true,1,4
15688190,4bc03f2e1c8ddf5261a7f2f5dd301002fa2d1d93-124,butterchicken,1,3.795,500,15688190,cebbe7baef59163e7e3c5862c9f2f1669dc7d5bf,2021-10-12T06:52:48.000Z,negasteal,2,peakmonsters,1,2021-10-13T06:52:48.000Z,DEC,3.795,DEC,3.795,3.795,,,,G1-12-YUGPRLWP68,12,true,200,1
14330010,a0412814849aff74bc086e65fe1b8ed3ce9abcce-137,vugtis,1,49.800,500,14330010,cebbe7baef59163e7e3c5862c9f2f1669dc7d5bf,2021-10-12T06:52:48.000Z,negasteal,2,peakmonsters,1,2021-10-13T06:52:48.000Z,DEC,49.800,DEC,49.800,49.800,,,,G4-178-YQLKZDGCGW,178,true,1,4
14290375,d07ebb8e36826573bda5a164053e49fce057e679-3,megalithic,1,7.480,500,14290375,ad7d8e1802fed93f63519f2cf0a3e3e2f043a0dd,2021-10-07T13:26:39.000Z,negasteal,2,peakmonsters,1,2021-10-08T13:26:39.000Z,DEC,10.610,DEC,10.610,10.610,,,,C4-293-5UM118DFE8,293,false,1,4
11553541,66ef31a21abafba4f4cfc10e78ec80e408ac6f51-1,teammonsters,1,29.900,500,11553541,dc2b7994937ff9ff54fff679c98694bcc730abf5,2021-10-07T13:25:30.000Z,negasteal,2,peakmonsters,1,2021-10-08T13:25:30.000Z,DEC,29.900,DEC,29.900,29.900,,,,G3-131-MSUJ3SD1NK,131,true,400,3
12081681,6e00b7e1c63158fd4ef530799ce45bb238c66481-1,gfriend96,1,11.792,500,12081681,2d7b6e86f4651bb75838185b6166ac8de9b1ab9d,2021-10-07T13:25:21.000Z,negasteal,2,peakmonsters,1,2021-10-08T13:25:21.000Z,DEC,11.792,DEC,11.792,11.792,,,,G3-103-4CW1ROEBC0,103,true,200,3
14294619,ea8ce5a04202c8f532ac32e03881cf0563364e56-2,eush,1,3.815,500,14294619,6f310be84f4ec0213c6d2af51e4f4332784566cc,2021-10-07T13:24:12.000Z,negasteal,2,peakmonsters,1,2021-10-08T13:24:12.000Z,DEC,3.815,DEC,3.815,3.815,,,,G1-12-O2XSNH6QWG,12,true,200,1
15417728,0d83d3aabcb95e7ae9c714e03e26425571d8a0ee-56,legendarycanary,1,2.950,500,15417728,6f310be84f4ec0213c6d2af51e4f4332784566cc,2021-10-07T13:24:12.000Z,negasteal,2,peakmonsters,1,2021-10-08T13:24:12.000Z,DEC,2.950,DEC,2.950,2.950,,,,G4-171-Y53IE0EX28,171,true,1,4
15529342,31f5cbece4760002ad498e942894a27b2367fae0-6,legendarycanary,1,28.950,500,15529342,6f310be84f4ec0213c6d2af51e4f4332784566cc,2021-10-07T13:24:12.000Z,negasteal,2,peakmonsters,1,2021-10-08T13:24:12.000Z,DEC,28.950,DEC,28.950,28.950,,,,G1-18-HNIXYCMBHC,18,true,400,1
11396661,fd2bddd5af605d3dcc645722e868d652d8511684-10,sm-deck,1,13.827,500,11396661,6f310be84f4ec0213c6d2af51e4f4332784566cc,2021-10-07T13:24:12.000Z,negasteal,2,peakmonsters,1,2021-10-08T13:24:12.000Z,DEC,13.827,DEC,13.827,13.827,,,,G1-14-JASKOG06BK,14,true,200,1
15424254,70e303f830d1ec013ccaed245fa51f24e8074b85-0,battlemaster,1,7.047,500,15424254,6f310be84f4ec0213c6d2af51e4f4332784566cc,2021-10-07T13:24:12.000Z,negasteal,2,peakmonsters,1,2021-10-08T13:24:12.000Z,DEC,7.047,DEC,7.047,7.047,,,,G3-91-CWSG5Z7QR4,91,true,200,3
9938379,85109fb002cc3042bfe2649a4d521e9ba5a8fa7e-10,toocurious,1,44.000,500,9938379,6f310be84f4ec0213c6d2af51e4f4332784566cc,2021-10-07T13:24:12.000Z,negasteal,2,peakmonsters,1,2021-10-08T13:24:12.000Z,DEC,44.000,DEC,44.000,44.000,,,,G4-178-HE7HMCWM8G,178,true,1,4
10889837,cf5354311ce3f7736e9b7edcb9e657747cbbdb3f-0,ga-sm,1,8.000,500,10889837,b613ace8db43b3e7ecc4091b137fce883c22b7c4,2021-10-02T23:56:42.000Z,negasteal,2,peakmonsters,1,2021-10-03T23:56:42.000Z,DEC,8.000,DEC,8.000,8.000,,,,G3-103-Y0TB9NW5I8,103,true,200,3
10769623,2bc82e7765a88389bff6bf815bcab0d3700458f3-0,digital-fortress,1,3.500,500,10769623,e1bfff2aaf977b2515f10af26a36aa45ed97d785,2021-10-02T23:56:36.000Z,negasteal,2,peakmonsters,1,2021-10-03T23:56:36.000Z,DEC,3.500,DEC,3.500,3.500,,,,G4-169-QB3JN247LS,169,true,1,4
14284328,21e28451da89b801f30f7b57f7ae76eda9deae96-0,velvetlacey,1,25.000,500,14284328,73259fb294200321a7b5e16ded66ba9701cb11bf,2021-10-02T23:56:03.000Z,negasteal,2,peakmonsters,1,2021-10-03T23:56:03.000Z,DEC,25.000,DEC,25.000,25.000,,,,G3-131-I0N9VJK5ZK,131,true,400,3
13215638,9ea709c014cb1dae46f59cd7afd745d25e294de2-0,monstergames,1,19.337,500,13215638,f177e70b290b464162b93ebbe1643e9a5565c83c,2021-10-02T23:55:39.000Z,negasteal,2,peakmonsters,1,2021-10-03T23:55:39.000Z,DEC,19.337,DEC,19.337,19.337,,,,G1-18-3DGZAM23VK,18,true,400,1
12972377,f3ceee005518513c729270e4aa6199099f2ed213-0,spirits4you,1,2.000,500,12972377,65b253b7d31267cf7931c44e01b237e845fda71a,2021-10-02T23:55:15.000Z,negasteal,2,peakmonsters,1,2021-10-03T23:55:15.000Z,DEC,2.000,DEC,2.000,2.000,,,,G4-171-8XUTQ6AOW0,171,true,2,4
12232366,ccb62b0fc609fb4de05ec3821e152c021751cb05-11,rce,1,15.650,500,12232366,75f52837046d6ecb3499d1e73db5a92f7f7f04bf,2021-10-02T23:54:54.000Z,negasteal,2,peakmonsters,1,2021-10-03T23:54:54.000Z,DEC,15.650,DEC,15.650,15.650,,,,G1-14-NZED70PQLC,14,true,200,1