﻿id,sell_trx_id,seller,num_cards,buy_price,fee_percent,market_item_id,rental_tx,rental_date,renter,status,market_account,rental_days,next_rental_payment,payment_currency,payment_amount,escrow_currency,escrow_amount,paid_amount,cancel_tx,cancel_player,cancel_date,card_id,card_detail_id,gold,xp,edition
17277714,baca14b946923e53ee8f4e3564dfec61d2f81857-75,renterlands,1,24.800,500,17277714,2fad4a5add7af24665e02dc7e1b9dae21dfe1dda,2021-10-30T07:02:24.000Z,remcos,2,splinterlands,1,2021-10-31T07:02:24.000Z,DEC,24.800,DEC,24.800,24.800,,,,G3-206-SA6HPPZ78G,206,true,400,3
11121056,04f1ead6c945041595ea4dff642953f084366d7b-0,lucky-cards,1,14.500,500,11121056,047891a0003242cd7f0134b4749ce545cde20264,2021-10-30T07:02:09.000Z,remcos,2,splinterlands,1,2021-10-31T07:02:09.000Z,DEC,14.500,DEC,14.500,14.500,,,,G4-185-OMO3LPOPZ4,185,true,1,4
9472352,fcf5e7ffae27f8a5603dc247a89e8e37729f5001-109,smalp,1,63.621,500,9472352,483b3f3dac09061fbabc9a87c45d81a25f7b67a8,2021-10-30T07:01:18.000Z,remcos,2,splinterlands,1,2021-10-31T07:01:18.000Z,DEC,63.621,DEC,63.621,63.621,,,,C4-164-G0H0JRO9W0,164,false,46,4
12136142,8d05e470cb7a0bfbc5a400268b936b5183f14cfa-109,clove71,1,16.578,500,12136142,257e20337fdff60f9cd537e6cf388f9d37a28cf1,2021-10-29T05:35:03.000Z,remcos,2,peakmonsters,1,2021-10-30T05:35:03.000Z,DEC,16.578,DEC,16.578,16.578,,,,G3-91-OS7VN7PPJ4,91,true,200,3
10298564,855ea67579aab9b4bfbfbaf139c916615086d38f-4,rdkmedia,1,0.189,500,10298564,d9433ac5d7f4f0d0acf91374653c4258de588f1d,2021-10-29T05:34:54.000Z,remcos,2,peakmonsters,1,2021-10-30T05:34:54.000Z,DEC,0.189,DEC,0.189,0.189,,,,C4-171-OR9LLUZOTC,171,false,1,4
10201292,68f11b1102d958b14244d547603edc53dd36bd0d-0,cal1,1,15.000,500,10201292,1540acb15d4081f90105bda5f56450c3caa5a384,2021-10-29T05:34:36.000Z,remcos,2,peakmonsters,1,2021-10-30T05:34:36.000Z,DEC,15.000,DEC,15.000,15.000,,,,C-1HPBZ20P2O,18,false,300,0
12274596,315109f6580b5df945f08f9f1fd03e8e2aa1e622-19,clove71,1,4.340,500,12274596,7c6c35b42d5ee5ef31e84c3247c7f1c77e1211ec,2021-10-29T05:34:24.000Z,remcos,2,peakmonsters,1,2021-10-30T05:34:24.000Z,DEC,4.340,DEC,4.340,4.340,,,,C3-131-LT8BUSP72O,131,false,0,3
12242217,70f5276c3edb25f0fbf0c8ac7ce64db9b5e07aca-4,clove71,1,7.914,500,12242217,e4d5872a6114d866135db41cf352cd5caa955148,2021-10-29T05:34:15.000Z,remcos,2,peakmonsters,1,2021-10-30T05:34:15.000Z,DEC,7.914,DEC,7.914,7.914,,,,C4-293-2B5U5BXE5S,293,false,1,4
17332557,b6a0d282ee8c66606364f6b33c51b17357f4d7ca-44,cryptobogie,1,39.950,500,17332557,69ee214b61850eac13fa6c8c4188c2835648ebc5,2021-10-29T05:34:09.000Z,remcos,2,peakmonsters,1,2021-10-30T05:34:09.000Z,DEC,39.950,DEC,39.950,39.950,,,,G4-178-ROMJ5AY7CW,178,true,1,4
11655699,dcc3cf446adfea8280b5a00dde7f39d9f729fb9f-0,sm-traders,1,16.000,500,11655699,69ee214b61850eac13fa6c8c4188c2835648ebc5,2021-10-29T05:34:09.000Z,remcos,2,peakmonsters,1,2021-10-30T05:34:09.000Z,DEC,16.000,DEC,16.000,16.000,,,,G1-12-OD0BO55X80,12,true,200,1
16029534,71856efb49684d7dbda1247f91beeae23effab5f-0,wargames,1,14.600,500,16029534,69ee214b61850eac13fa6c8c4188c2835648ebc5,2021-10-29T05:34:09.000Z,remcos,2,peakmonsters,1,2021-10-30T05:34:09.000Z,DEC,14.600,DEC,14.600,14.600,,,,G1-14-Y8D8VRP2F4,14,true,200,1
17058143,5859a42f4eed8ee00b16d3ddb5c1399d04cda8ce-30,ty2nicerva,1,3.980,500,17058143,69ee214b61850eac13fa6c8c4188c2835648ebc5,2021-10-29T05:34:09.000Z,remcos,2,peakmonsters,1,2021-10-30T05:34:09.000Z,DEC,8.050,DEC,8.050,8.050,,,,G4-169-YGZLX44ZWG,169,true,1,4
10301710,3b421046f97e97bc285214788539e328c2d4cebc-2,rea,1,10.000,500,10301710,69ee214b61850eac13fa6c8c4188c2835648ebc5,2021-10-29T05:34:09.000Z,remcos,2,peakmonsters,1,2021-10-30T05:34:09.000Z,DEC,10.000,DEC,10.000,10.000,,,,G3-103-W1DUCKDNF4,103,true,200,3
10201614,6518dde69a17beb24d23703553f2082d4e0e47da-0,cal2,1,15.000,500,10201614,cfe1d6b2abf9993515f9a374161b90c7f02ebd27,2021-10-23T22:33:15.000Z,remcos,2,peakmonsters,1,2021-10-24T22:33:15.000Z,DEC,15.000,DEC,15.000,15.000,,,,C-FONFHTPC7K,18,false,300,0
15909388,43d825243c8a4252eb9e45b83f2f717bbd0bfc2c-85,moriarty95,1,5.150,500,15909388,2879c2bad7b89fda84f4272b5669c6780f2f0e5e,2021-10-23T22:33:00.000Z,remcos,2,peakmonsters,1,2021-10-24T22:33:00.000Z,DEC,5.150,DEC,5.150,5.150,,,,G4-171-N2N3BD75NK,171,true,1,4
17312578,291b4554c0ef3089ef8a06017749324e2784a1b2-9,enminers-vault,1,7.350,500,17312578,f640bb6576a5363620e37325688d4e7dadbdff74,2021-10-23T22:32:39.000Z,remcos,2,peakmonsters,1,2021-10-24T22:32:39.000Z,DEC,7.350,DEC,7.350,7.350,,,,C4-293-JJ6TEE5XDS,293,false,1,4
10546275,25ac7aa33df5e4c53d3973c11c8ead0345e600a3-0,foggybottom,1,29.950,500,10546275,9cc6aba89613124c15b13937671b3317b8fe0a5e,2021-10-23T22:32:21.000Z,remcos,2,peakmonsters,1,2021-10-24T22:32:21.000Z,DEC,29.950,DEC,29.950,29.950,,,,G3-131-VIDQ1S59NK,131,true,400,3
11463488,94093b3840f8a3a69175875405152486177ebee9-3,monstergames,1,8.182,500,11463488,959c9d483c0e46d2d06809253e66fd46534a1dd7,2021-10-23T22:31:06.000Z,remcos,2,peakmonsters,1,2021-10-24T22:31:06.000Z,DEC,8.182,DEC,8.182,8.182,,,,G1-12-P333QBKUXS,12,true,200,1
9932200,3250736f767adecec0865fbf6d23e332d1876e3f-1,luteum,1,15.968,500,9932200,959c9d483c0e46d2d06809253e66fd46534a1dd7,2021-10-23T22:31:06.000Z,remcos,2,peakmonsters,1,2021-10-24T22:31:06.000Z,DEC,15.968,DEC,15.968,15.968,,,,G3-103-TCSR70Y6LC,103,true,200,3
17205499,5bf5401eb8c6d7d84ffb25846f769175e4f5fad0-35,tobias-g,1,7.800,500,17205499,959c9d483c0e46d2d06809253e66fd46534a1dd7,2021-10-23T22:31:06.000Z,remcos,2,peakmonsters,1,2021-10-24T22:31:06.000Z,DEC,7.800,DEC,7.800,7.800,,,,G4-169-PD93GOW5QO,169,true,1,4
10154071,77272c96270b770ce5199541e2188c1f8340fa96-4,monsterveritas,1,29.824,500,10154071,c28a05f5020106881b218a22886e79100d3a89b2,2021-10-17T16:48:54.000Z,remcos,2,peakmonsters,1,2021-10-18T16:48:54.000Z,DEC,29.824,DEC,29.824,29.824,,,,G3-131-9NU7R0GVLC,131,true,400,3
13332635,2a727305f7383285a2b78b19271ede4e87684089-109,toocurious,1,11.840,500,13332635,c28a05f5020106881b218a22886e79100d3a89b2,2021-10-17T16:48:54.000Z,remcos,2,peakmonsters,1,2021-10-18T16:48:54.000Z,DEC,11.840,DEC,11.840,11.840,,,,G3-91-5VPPQ4MJ1S,91,true,200,3
16600323,ddd7a859ff8e56bdd3bb0150147d050b01cc05bc-9,orrkis,1,47.800,500,16600323,1ea60678501bc130ad72814331ff81e643b777e5,2021-10-17T16:47:12.000Z,remcos,2,peakmonsters,1,2021-10-18T16:47:12.000Z,DEC,47.800,DEC,47.800,47.800,,,,G4-293-IP2BZJH5SW,293,true,1,4
12011072,6d4781eb9ea6f6c6e65abd1d9de08a44f11d44f9-0,felander,1,13.677,500,12011072,3561776967b5d28018a8c5b4a441b02261cbfae5,2021-10-17T16:47:06.000Z,remcos,2,peakmonsters,1,2021-10-18T16:47:06.000Z,DEC,13.677,DEC,13.677,13.677,,,,G1-14-RZX89IK9E8,14,true,200,1
15717579,482077d28619cd91d6b5da782ccb6929aae729d2-17,faceb,1,9.740,500,15717579,3561776967b5d28018a8c5b4a441b02261cbfae5,2021-10-17T16:47:06.000Z,remcos,2,peakmonsters,1,2021-10-18T16:47:06.000Z,DEC,9.740,DEC,9.740,9.740,,,,G3-103-Q97YQ3P0B4,103,true,200,3
12008159,d62fb189b6c3ebb3ab3d53af59d462decb274de3-1,splinterman,1,16.782,500,12008159,3561776967b5d28018a8c5b4a441b02261cbfae5,2021-10-17T16:47:06.000Z,remcos,2,peakmonsters,1,2021-10-18T16:47:06.000Z,DEC,16.782,DEC,16.782,16.782,,,,G4-178-OHFBQ13KDS,178,true,1,4
15424343,6660262cdf09debf16c7082fbcd2ee05a503b744-11,legendarycanary,1,2.800,500,15424343,3561776967b5d28018a8c5b4a441b02261cbfae5,2021-10-17T16:47:06.000Z,remcos,2,peakmonsters,1,2021-10-18T16:47:06.000Z,DEC,2.800,DEC,2.800,2.800,,,,G4-171-D8B477QDQ8,171,true,1,4
16244647,cb004619649ba8428a71c20f56eb09c243921dfc-127,doloknight,1,7.900,500,16244647,3561776967b5d28018a8c5b4a441b02261cbfae5,2021-10-17T16:47:06.000Z,remcos,2,peakmonsters,1,2021-10-18T16:47:06.000Z,DEC,7.900,DEC,7.900,7.900,,,,G4-169-TA1PBTIGJ4,169,true,1,4
11633532,7800cd8020019366c43e48c197c81e18a8936778-3,bitcoinsig,1,8.116,500,11633532,3561776967b5d28018a8c5b4a441b02261cbfae5,2021-10-17T16:47:06.000Z,remcos,2,peakmonsters,1,2021-10-18T16:47:06.000Z,DEC,8.116,DEC,8.116,8.116,,,,G1-12-06V35J7DGW,12,true,200,1
9360961,8352d254b39c5a86b70f18f6905ab69e6b847faf-73,fighter4-freedom,1,0.303,500,9360961,487e0b2cbbaaa5dfe1a794cf42712440fd2ef29d,2021-10-15T12:38:45.000Z,remcos,2,splinterlands,1,2021-10-16T12:38:45.000Z,DEC,0.303,DEC,0.303,0.303,,,,C0-14-K6YL25A5DS,14,false,0,0
11623084,3f88a7f46c59928ff9546aa4ff01d9eb36058665-3,smalp,1,0.100,500,11623084,a9c718edd34a94675cc9546aaa331e693e24dd70,2021-10-15T12:38:09.000Z,remcos,2,splinterlands,1,2021-10-16T12:38:09.000Z,DEC,0.100,DEC,0.100,0.100,,,,C5-266-XYOJLW4IC0,266,false,1,5
11621786,373c95583e0bd1c99bedd9f1bbcf3137b36f5fd9-52,smalp,1,0.100,500,11621786,46df464d0c90804146107c616bca48f3ffbf38c1,2021-10-15T12:37:42.000Z,remcos,2,splinterlands,1,2021-10-16T12:37:42.000Z,DEC,0.100,DEC,0.100,0.100,,,,C4-157-5CRI8EOC9S,157,false,1,4
11621792,373c95583e0bd1c99bedd9f1bbcf3137b36f5fd9-58,smalp,1,0.100,500,11621792,731a32d1425ec139db4837bc44ba5789aac71c7f,2021-10-15T12:37:09.000Z,remcos,2,splinterlands,1,2021-10-16T12:37:09.000Z,DEC,0.100,DEC,0.100,0.100,,,,C4-157-63DL9X1ZCG,157,false,1,4
15581696,44b6972de04fe2a003069f93b5f74e5bc3ceb2f9-8,lucky-cards,1,0.310,500,15581696,f0ccdaf3097b232767473ceb1cb47f2f128fe59b,2021-10-15T12:35:09.000Z,remcos,2,splinterlands,1,2021-10-16T12:35:09.000Z,DEC,0.310,DEC,0.310,0.310,,,,C3-133-SA5V9NKIDC,133,false,0,3
15438618,b271b193f1947ff334b8d067d77a3282d464454a-19,fighter4-freedom,1,0.150,500,15438618,616d39717fb574ea00149e5125fbf30ce4478905,2021-10-15T12:33:39.000Z,remcos,2,splinterlands,1,2021-10-16T12:33:39.000Z,DEC,0.150,DEC,0.150,0.150,,,,C1-1-LTPA0SZWHS,1,false,0,1
15438522,54ae36480acdedaaebda9d88af52766867ea0f23-119,fighter4-freedom,1,0.150,500,15438522,59f0ad68ea8270e54b420a2b200cd30ac75350d1,2021-10-15T12:33:15.000Z,remcos,2,splinterlands,1,2021-10-16T12:33:15.000Z,DEC,0.150,DEC,0.150,0.150,,,,C1-1-JACFN0CY4G,1,false,0,1
11622580,3f73b8dddc2d8c39b838ba093b6ae22e13d4126e-39,smalp,1,0.100,500,11622580,9ebedae885eb34b804821cf92f31022f68367b2a,2021-10-15T12:32:51.000Z,remcos,2,splinterlands,1,2021-10-16T12:32:51.000Z,DEC,0.100,DEC,0.100,0.100,,,,C4-170-ZO1HE4UAO0,170,false,1,4
11621833,373c95583e0bd1c99bedd9f1bbcf3137b36f5fd9-99,smalp,1,0.100,500,11621833,07b9e1605f24bc9539e1fff204600821d72bc1b0,2021-10-15T12:32:27.000Z,remcos,2,splinterlands,1,2021-10-16T12:32:27.000Z,DEC,0.100,DEC,0.100,0.100,,,,C4-157-EEVT3WEGN4,157,false,1,4
9362601,505396cc01acbdaabcbace6e8217c339a2d32cd6-100,fighter4-freedom,1,0.100,500,9362601,558377799cebc0cad7bad017410e4af15b72c8e4,2021-10-15T12:30:12.000Z,remcos,2,splinterlands,1,2021-10-16T12:30:12.000Z,DEC,0.100,DEC,0.100,0.100,,,,C3-242-6N4XBBY3OW,242,false,1,3
9362624,f20662dda34083e04627094af84c330a3e264819-1,fighter4-freedom,1,0.100,500,9362624,dbcbdf873fe4c905b2249b82304b18802ceabe1e,2021-10-15T12:29:51.000Z,remcos,2,splinterlands,1,2021-10-16T12:29:51.000Z,DEC,0.100,DEC,0.100,0.100,,,,C3-220-04B5FOGNQO,220,false,0,3
11620545,4bb361ca4f3b5f0d88d679d33b6be0c8ae38a889-24,smalp,1,0.100,500,11620545,54cedd2cd444f8a664cbb4a28c41b1b19badf3fe,2021-10-15T12:29:33.000Z,remcos,2,splinterlands,1,2021-10-16T12:29:33.000Z,DEC,0.100,DEC,0.100,0.100,,,,C3-281-Z3449U9TI8,281,false,1,3
11540452,9b520cccf62b489be9213858988e37d2fcd21b9a-57,smalp,1,0.556,500,11540452,a09de42e5433dfe21e9d3ce3e82d9fa43a2bf380,2021-10-15T12:29:06.000Z,remcos,2,splinterlands,1,2021-10-16T12:29:06.000Z,DEC,0.556,DEC,0.556,0.556,,,,C1-51-FY34KNGCXC,51,false,0,1
14109050,8ea6d0b1b7c712856295aa5906d68bbeb270c818-83,earthsplinters,1,0.100,500,14109050,72f2ffd18818b7fc782ad346ba3c403084eada7e,2021-10-15T12:28:27.000Z,remcos,2,splinterlands,1,2021-10-16T12:28:27.000Z,DEC,0.100,DEC,0.100,0.100,,,,C3-218-LLXA010PGG,218,false,0,3
15438615,b271b193f1947ff334b8d067d77a3282d464454a-16,fighter4-freedom,1,0.150,500,15438615,d059d78e561814eaec5fdc921ff93386f1a7bcfa,2021-10-15T12:28:06.000Z,remcos,2,splinterlands,1,2021-10-16T12:28:06.000Z,DEC,0.150,DEC,0.150,0.150,,,,C1-1-L66RB3KQQ8,1,false,0,1
15438486,54ae36480acdedaaebda9d88af52766867ea0f23-83,fighter4-freedom,1,0.150,500,15438486,194a91e1104ed6c0a222175f0ed4a0b7973fefc3,2021-10-15T12:27:36.000Z,remcos,2,splinterlands,1,2021-10-16T12:27:36.000Z,DEC,0.150,DEC,0.150,0.150,,,,C1-1-EBGA2BX6TC,1,false,0,1
15438500,54ae36480acdedaaebda9d88af52766867ea0f23-97,fighter4-freedom,1,0.150,500,15438500,b3f41d229a7f7fd6bdf28a79a1273ba6f543cf98,2021-10-15T12:27:24.000Z,remcos,2,splinterlands,1,2021-10-16T12:27:24.000Z,DEC,0.150,DEC,0.150,0.150,,,,C1-1-FTAIGYT6KG,1,false,0,1
11544538,e2fd5bb71f7da05e71c96a0c9bbbf3e05912a7be-89,smalp,1,0.100,500,11544538,b32531392738c5cec19b6b763319931d9eee43f7,2021-10-15T12:27:09.000Z,remcos,2,splinterlands,1,2021-10-16T12:27:09.000Z,DEC,0.100,DEC,0.100,0.100,,,,C3-232-WEBSH6WPIO,232,false,1,3
14753818,3de52c201fc09c56fec4d5d13f0be301b6fce437-33,legendarycanary,1,0.100,500,14753818,a4a4c55d8b32ee4efb189e02592fea81c34de426,2021-10-15T12:26:45.000Z,remcos,2,splinterlands,1,2021-10-16T12:26:45.000Z,DEC,0.100,DEC,0.100,0.100,,,,C3-214-KUC2EKX1E8,214,false,0,3
10536887,0fb71b0d46b017542eacf28f17561854b69aec1a-22,aatrox,1,14.600,500,10536887,4a5149af99768096c66c7794f0a6728640c64782,2021-10-15T12:25:27.000Z,remcos,2,splinterlands,1,2021-10-16T12:25:27.000Z,DEC,14.600,DEC,14.600,14.600,,,,C3-93-YIU2W4VYTC,93,false,8550,3
15260392,93abc6fc82fbe9efc655125f43bd0cbccaae8e5c-0,mulletwang,1,49.000,500,15260392,f2d1d1bb0e46c01e9fe7cdc0571370f6de08c0d6,2021-10-13T01:20:12.000Z,remcos,2,peakmonsters,1,2021-10-14T01:20:12.000Z,DEC,49.000,DEC,49.000,49.000,,,,G4-178-U3JCZPJOGW,178,true,1,4