﻿id,sell_trx_id,seller,num_cards,buy_price,fee_percent,market_item_id,rental_tx,rental_date,renter,status,market_account,rental_days,next_rental_payment,payment_currency,payment_amount,escrow_currency,escrow_amount,paid_amount,cancel_tx,cancel_player,cancel_date,card_id,card_detail_id,gold,xp,edition
11074223,cfa5c38b2887beb559d2431c66f1d5fe8f89b2c2-2,lucky-cards,1,29.000,500,11074223,520e79877e7531b1a03fd0f5e6816ded498d72da,2021-11-02T12:39:15.000Z,gamethi,1,peakmonsters,1,2021-11-03T12:39:15.000Z,DEC,29.000,DEC,29.000,29.000,,,,G1-18-R0I0CLDRGG,18,true,400,1
18445628,187b35dbd38c8f7cf7a3ad66a1cb0ab01846c659-10,just2random,1,7.550,500,18445628,7401d123568cc37d0ded72eadf2a86b336419db0,2021-11-02T12:36:45.000Z,gamethi,1,peakmonsters,1,2021-11-03T12:36:45.000Z,DEC,7.550,DEC,7.550,7.550,,,,G4-169-QW1IXV5IGW,169,true,1,4
16462160,a99ee8d71f52cd360d7ef14bfe0f318b961242ca-12,americaman,1,5.690,500,16462160,c871804fd1302743c814ee00fca0ce91fe9c1bf6,2021-11-02T12:34:51.000Z,gamethi,1,splinterlands,1,2021-11-03T12:34:51.000Z,DEC,5.690,DEC,5.690,5.690,,,,C3-131-41DBW8QNZ4,131,false,0,3
16167802,9e841aa3fed95bc06eeb59a7eac71b21918629ce-2,fighter4-freedom,1,8.000,500,16167802,b243529e079e2323e2770339d5b344871df28c41,2021-11-02T12:34:42.000Z,gamethi,1,splinterlands,1,2021-11-03T12:34:42.000Z,DEC,8.000,DEC,8.000,8.000,,,,C4-293-C2F1USBBN4,293,false,1,4
10566356,4e4107201cc20e3802a6cdf8de600ddcff62642e-2,fighter4-freedom,1,20.000,500,10566356,307938f8bad648beccca0f1b750c4fe16486ae81,2021-11-02T12:33:45.000Z,gamethi,1,splinterlands,1,2021-11-03T12:33:45.000Z,DEC,20.000,DEC,20.000,20.000,,,,G1-14-KA869YK7WG,14,true,200,1
14329996,a0412814849aff74bc086e65fe1b8ed3ce9abcce-123,vugtis,1,49.800,500,14329996,ee35837ae25dca022479081105e7046f19ad54fe,2021-11-02T12:33:24.000Z,gamethi,1,splinterlands,1,2021-11-03T12:33:24.000Z,DEC,49.800,DEC,49.800,49.800,,,,G4-178-4ZHUV9YB9C,178,true,1,4
14433165,9fc2574bf2a744a74975b25a17e80aa954ae9365-1,sacred-agent,1,19.849,500,14433165,41b67045388f5a75d87b9b79c6f1cb3abb8e3fa8,2021-11-02T12:33:15.000Z,gamethi,1,splinterlands,1,2021-11-03T12:33:15.000Z,DEC,19.849,DEC,19.849,19.849,,,,G3-91-G3GH4ZBZ74,91,true,200,3
10188511,974c1499b44efdcc4cdba4e3a1cc099c656a04b5-0,bitcoinportugal,1,13.850,500,10188511,6713af5a3835302c4e0e30a9a9ff5f770e6494bd,2021-11-02T12:32:57.000Z,gamethi,1,splinterlands,1,2021-11-03T12:32:57.000Z,DEC,13.850,DEC,13.850,13.850,,,,G3-103-SY001NBHOG,103,true,200,3
11463487,94093b3840f8a3a69175875405152486177ebee9-2,monstergames,1,8.182,500,11463487,4b8e18459201fb5c7307cb2d97e4406b029a169d,2021-11-02T12:31:57.000Z,gamethi,1,splinterlands,1,2021-11-03T12:31:57.000Z,DEC,8.182,DEC,8.182,8.182,,,,G1-12-DFFBFZP52O,12,true,200,1
15575708,b205346fa622d4143cd34a9ef847bb8dc7eb508c-7,lucky-cards,1,80.000,500,15575708,0d67b40061c7ef5a13c8b977510bad3164fb8341,2021-10-30T07:45:54.000Z,gamethi,2,splinterlands,1,2021-10-31T07:45:54.000Z,DEC,80.000,DEC,80.000,80.000,,,,C3-98-9PJF9KQRPC,98,false,3750,3
9495004,b17d12793e498c7a29ea97c09c4465c2011ceb54-49,smalp,1,33.124,500,9495004,a0cbaf00ce1560d7422d8bc3859471238301c100,2021-10-30T07:45:15.000Z,gamethi,2,splinterlands,1,2021-10-31T07:45:15.000Z,DEC,33.124,DEC,33.124,33.124,,,,G3-131-SIN1LEB6PS,131,true,400,3
15524180,a8caa5c2eb5cd44ad88e00b2750d84b3c35e1f73-51,aatrox,1,44.800,500,15524180,813d7bc9b0260007a690db7ebf854d64aa15d1ea,2021-10-30T07:43:24.000Z,gamethi,2,splinterlands,1,2021-10-31T07:43:24.000Z,DEC,44.800,DEC,44.800,44.800,,,,C3-232-0MLOY31NDC,232,false,400,3
15448507,b78114e3985e3ddb07885f1f9b553a2bfdd759a9-5,lucky-cards,1,10.000,500,15448507,9cdc97742c0bd3ab9bb9a68d86f00b0b363c0059,2021-10-30T07:43:03.000Z,gamethi,2,splinterlands,1,2021-10-31T07:43:03.000Z,DEC,10.000,DEC,10.000,10.000,,,,G-388J1SHAKW,45,true,250,0
11617540,904e7177f3e1da9d6387d7be2f7f71f97ca20944-0,hollerboy,1,0.200,500,11617540,214d9829f0669db2c78e8d189b18f4d699b6e5f9,2021-10-26T12:33:03.000Z,gamethi,2,peakmonsters,1,2021-10-27T12:33:03.000Z,DEC,0.200,DEC,0.200,0.200,,,,C4-171-0JIOD9BPC0,171,false,1,4
11448593,47d552c98473f37a0fd7e26d4c009a17923f2a6b-1,digital-fortress,1,5.066,500,11448593,72a8a704fbb19743c443806dc41a1d33125e77d6,2021-10-26T12:32:42.000Z,gamethi,2,peakmonsters,1,2021-10-27T12:32:42.000Z,DEC,5.066,DEC,5.066,5.066,,,,C3-131-602OPDY0DS,131,false,0,3
10257514,658c1621fe4e79e0b775c5f33f86354e454bca20-0,okean123,1,7.250,500,10257514,007be18996f01d1b288679b0bd1192d9bf3a24be,2021-10-26T12:31:57.000Z,gamethi,2,peakmonsters,1,2021-10-27T12:31:57.000Z,DEC,12.000,DEC,12.000,12.000,,,,C-1HX9GTFC9S,18,false,100,0
17295445,74bacec417778319a677f6f5d5a17d8352d98cd9-54,markegiles,1,13.780,500,17295445,6e6b9febc602bf497e8f1c6fbcffe402bcb0c183,2021-10-26T12:31:39.000Z,gamethi,2,peakmonsters,1,2021-10-27T12:31:39.000Z,DEC,13.780,DEC,13.780,13.780,,,,G3-103-FOE5R17O00,103,true,200,3
9986654,7131a116a1d54d8e262eab4b683f3fdec4f49938-11,lucky-cards,1,19.000,500,9986654,6e6b9febc602bf497e8f1c6fbcffe402bcb0c183,2021-10-26T12:31:39.000Z,gamethi,2,peakmonsters,1,2021-10-27T12:31:39.000Z,DEC,19.000,DEC,19.000,19.000,,,,G3-91-26NTLGVLE8,91,true,200,3
15562240,a6e676e4bb32937300165307d94b1cf980c76d1d-20,abrockman,1,14.740,500,15562240,6e6b9febc602bf497e8f1c6fbcffe402bcb0c183,2021-10-26T12:31:39.000Z,gamethi,2,peakmonsters,1,2021-10-27T12:31:39.000Z,DEC,14.740,DEC,14.740,14.740,,,,G1-12-4R4OICGNUO,12,true,600,1
16798831,60bb439512e61d4578c6a4eda0f0fbaa88b0b39c-0,megalithic,1,7.440,500,16798831,714cc5850f674d6ad4cd7731aadaa13d2929b29c,2021-10-21T09:42:15.000Z,gamethi,2,peakmonsters,1,2021-10-22T09:42:15.000Z,DEC,8.800,DEC,8.800,8.800,,,,G4-169-5CR4OQYCM8,169,true,1,4
12314433,d38792df4a5766c60482ecfab25b0d8b4290c1c9-1,theoriginal86,1,4.200,500,12314433,6394b30d7df24d157f548dd87883e9f196cd3b18,2021-10-21T09:41:54.000Z,gamethi,2,peakmonsters,1,2021-10-22T09:41:54.000Z,DEC,5.485,DEC,5.485,5.485,,,,C3-131-CI6TDKGDB4,131,false,0,3
17005127,ae64dba51953bd7f11910e90737fe0afa0b7e27c-0,omnipotentape,1,19.000,500,17005127,c7cb14320ed2132d1dda76a3ae30d72b1bb3776f,2021-10-21T09:41:00.000Z,gamethi,2,peakmonsters,1,2021-10-22T09:41:00.000Z,DEC,19.000,DEC,19.000,19.000,,,,G1-12-FSJEIEW09C,12,true,200,1
10949416,b0e2f49e7d8bdf769dce5e4f1e8faba79623b8cc-10,cyguy,1,14.950,500,10949416,c7cb14320ed2132d1dda76a3ae30d72b1bb3776f,2021-10-21T09:41:00.000Z,gamethi,2,peakmonsters,1,2021-10-22T09:41:00.000Z,DEC,14.950,DEC,14.950,14.950,,,,G3-91-OFBXPXV8Y8,91,true,200,3
13215639,9ea709c014cb1dae46f59cd7afd745d25e294de2-1,monstergames,1,19.337,500,13215639,c7cb14320ed2132d1dda76a3ae30d72b1bb3776f,2021-10-21T09:41:00.000Z,gamethi,2,peakmonsters,1,2021-10-22T09:41:00.000Z,DEC,19.337,DEC,19.337,19.337,,,,G1-18-F9TROZZK4W,18,true,400,1
12006812,8d2121d18274f54881b50d896182b1eef1e99c41-1,rentcards,1,17.000,500,12006812,c7cb14320ed2132d1dda76a3ae30d72b1bb3776f,2021-10-21T09:41:00.000Z,gamethi,2,peakmonsters,1,2021-10-22T09:41:00.000Z,DEC,17.000,DEC,17.000,17.000,,,,G1-14-WFD4ND140G,14,true,200,1
10521202,ba00d24681b365ae5482f12e58d3f707ecb72ccb-2,fighter4-freedom,1,48.000,500,10521202,a0784539bd101c6e1bef51412e830cb674b3ef52,2021-10-15T11:21:54.000Z,gamethi,2,splinterlands,1,2021-10-16T11:21:54.000Z,DEC,48.000,DEC,48.000,48.000,,,,G3-85-QMRIP9VRHC,85,true,400,3
9494967,b17d12793e498c7a29ea97c09c4465c2011ceb54-12,smalp,1,31.341,500,9494967,8b69edb5d057636ab691b83e635b528dfea0fe83,2021-10-15T11:21:12.000Z,gamethi,2,splinterlands,1,2021-10-16T11:21:12.000Z,DEC,31.341,DEC,31.341,31.341,,,,G3-131-5U6PFLXE34,131,true,400,3
15425045,b029f968a4116dc6e9e59061e20899e25582094c-5,battlemaster,1,3.957,500,15425045,7836817140629920ee0e3e4b2ed4ae233ad7750f,2021-10-13T13:51:54.000Z,gamethi,2,peakmonsters,1,2021-10-14T13:51:54.000Z,DEC,3.957,DEC,3.957,3.957,,,,C3-131-ZSRKQDHVUO,131,false,0,3
15372260,961e0bc198afc6cd3d8c636b61c7b0b7eec58311-0,kush-hyg,1,39.000,500,15372260,bfcecba187646c013653e34e1b31e58c2c06dc4d,2021-10-13T13:50:00.000Z,gamethi,2,peakmonsters,1,2021-10-14T13:50:00.000Z,DEC,39.000,DEC,39.000,39.000,,,,G4-178-5FYFZZGF5S,178,true,1,4
15864603,d11a8fa5e25ecf24d3bc46b5cd7dccc5dfa80973-21,fighter4-freedom,1,25.000,500,15864603,61bd779924629733bb36612c2abf81617242142d,2021-10-13T13:49:33.000Z,gamethi,2,peakmonsters,1,2021-10-14T13:49:33.000Z,DEC,25.000,DEC,25.000,25.000,,,,G3-91-T7QUM7L8DS,91,true,200,3
10413824,76e4523e80c0935814b250121893a72e6c15491b-0,gigel4,1,14.000,500,10413824,61bd779924629733bb36612c2abf81617242142d,2021-10-13T13:49:33.000Z,gamethi,2,peakmonsters,1,2021-10-14T13:49:33.000Z,DEC,14.000,DEC,14.000,14.000,,,,G3-103-X4830IMR28,103,true,200,3
15069119,0e73becc941608d9f7f3d8b4466a2df7f313a7fd-0,calvinishobbes,1,6.000,500,15069119,f5f6dd822eb3a5e18611533993092bfbf1c5f815,2021-10-13T13:47:33.000Z,gamethi,2,peakmonsters,1,2021-10-14T13:47:33.000Z,DEC,6.000,DEC,6.000,6.000,,,,G4-169-MCG44VBRV4,169,true,1,4
11396658,fd2bddd5af605d3dcc645722e868d652d8511684-7,sm-deck,1,13.827,500,11396658,f5f6dd822eb3a5e18611533993092bfbf1c5f815,2021-10-13T13:47:33.000Z,gamethi,2,peakmonsters,1,2021-10-14T13:47:33.000Z,DEC,13.827,DEC,13.827,13.827,,,,G1-14-DM9VTQD9MO,14,true,200,1
15582860,143e79e2c6f78d2226daf9805aa3347ee0c45b29-6,fighter4-freedom,1,29.000,500,15582860,9bf0f370213807b4fc9f1d82becd78a8f6123527,2021-10-08T01:32:36.000Z,gamethi,2,peakmonsters,1,2021-10-09T01:32:36.000Z,DEC,29.000,DEC,29.000,29.000,,,,G3-131-M2IX20UF40,131,true,400,3
10332223,f2b73d821099eea1817899b07e75f221c1489845-3,fighter4-freedom,1,17.000,500,10332223,370fc90e6d7cd79f4e6a007e46e533c455c13046,2021-10-08T01:32:03.000Z,gamethi,2,peakmonsters,1,2021-10-09T01:32:03.000Z,DEC,17.000,DEC,17.000,17.000,,,,G1-14-I6XIK909NK,14,true,200,1
13902763,301bb7cdd0c208ef0bb07826887d3101742ef0e1-1,poyim,1,9.000,500,13902763,370fc90e6d7cd79f4e6a007e46e533c455c13046,2021-10-08T01:32:03.000Z,gamethi,2,peakmonsters,1,2021-10-09T01:32:03.000Z,DEC,9.000,DEC,9.000,9.000,,,,G3-91-Q9WI7IBM00,91,true,200,3
9893815,d2768948db1e1866ba8682251178c0992278511a-5,masterthematrix,1,7.900,500,9893815,370fc90e6d7cd79f4e6a007e46e533c455c13046,2021-10-08T01:32:03.000Z,gamethi,2,peakmonsters,1,2021-10-09T01:32:03.000Z,DEC,7.900,DEC,7.900,7.900,,,,G3-103-X07Z2MNF80,103,true,200,3
10443969,eec419a5eb0e50070c74dfa6382a0c860df13920-3,cyguy,1,4.748,500,10443969,370fc90e6d7cd79f4e6a007e46e533c455c13046,2021-10-08T01:32:03.000Z,gamethi,2,peakmonsters,1,2021-10-09T01:32:03.000Z,DEC,4.748,DEC,4.748,4.748,,,,G1-12-Z6164BZ0CG,12,true,200,1
12043448,9b627c4c3c7185e7602aa87850f766bc9601d920-1,felander,1,36.800,500,12043448,370fc90e6d7cd79f4e6a007e46e533c455c13046,2021-10-08T01:32:03.000Z,gamethi,2,peakmonsters,1,2021-10-09T01:32:03.000Z,DEC,36.800,DEC,36.800,36.800,,,,G4-178-C6GR69L2FK,178,true,2,4
10219444,6238f026caa25443aa0425370bd65818ca91f3c5-0,d-pend,1,25.000,500,10219444,370fc90e6d7cd79f4e6a007e46e533c455c13046,2021-10-08T01:32:03.000Z,gamethi,2,peakmonsters,1,2021-10-09T01:32:03.000Z,DEC,25.000,DEC,25.000,25.000,,,,G1-18-JQXBPOT474,18,true,400,1