﻿id,sell_trx_id,seller,num_cards,buy_price,fee_percent,market_item_id,rental_tx,rental_date,renter,status,market_account,rental_days,next_rental_payment,payment_currency,payment_amount,escrow_currency,escrow_amount,paid_amount,cancel_tx,cancel_player,cancel_date,card_id,card_detail_id,gold,xp,edition
18048110,46971a28462558b68bb72e093f066ac24eec80c1-130,steemstorage,1,6.250,500,18048110,3c5a9b049d6eed93dbaf5de3fb6b3ec7c5221446,2021-11-01T23:07:36.000Z,prometei,1,peakmonsters,1,2021-11-02T23:07:36.000Z,DEC,6.250,DEC,6.250,6.250,,,,C4-293-U9270PXY28,293,false,1,4
16055691,cd1d02bf97861a991f9a652c4e585c2a12a931ca-0,hazem91,1,5.000,500,16055691,4f7d916376f228597e45f5360a7f563fef8b0f94,2021-11-01T23:04:09.000Z,prometei,1,peakmonsters,1,2021-11-02T23:04:09.000Z,DEC,5.000,DEC,5.000,5.000,,,,C3-131-ZD7XX91FFK,131,false,0,3
15176687,eb145ebbc552bfd7c1987e2a11b07326205ff704-0,gigel7,1,20.000,500,15176687,88f26ab4a5c3cd9747911b6535487e7d380375db,2021-11-01T23:03:18.000Z,prometei,1,peakmonsters,1,2021-11-02T23:03:18.000Z,DEC,20.000,DEC,20.000,20.000,,,,G1-18-LJS7AGFRI8,18,true,400,1
10301925,ef41639eae6cfc2fdff1830617c2f526b2d9791a-0,duukov,1,20.000,500,10301925,7039263936bd3175ba54e896d865cabf8d54307e,2021-11-01T23:02:27.000Z,prometei,1,peakmonsters,1,2021-11-02T23:02:27.000Z,DEC,20.000,DEC,20.000,20.000,,,,G1-14-GF20WYSCJ4,14,true,200,1
15752690,e03ffd8a78e42387182ce43d110b997a81cf62cb-50,rdkmedia,1,14.671,500,15752690,605a936b34b222db52752eabe329058efe2b4ca3,2021-11-01T23:01:45.000Z,prometei,1,peakmonsters,1,2021-11-02T23:01:45.000Z,DEC,14.671,DEC,14.671,14.671,,,,G3-103-QK9ZDLE5KW,103,true,200,3
9836697,1df23763553d8c895b9e2a64ceec813e2b1e2093-9,fighter4-freedom,1,20.000,500,9836697,067e2eef39631af072cafdf45f8182e9592ccb27,2021-11-01T23:01:12.000Z,prometei,1,peakmonsters,1,2021-11-02T23:01:12.000Z,DEC,20.000,DEC,20.000,20.000,,,,G3-91-EUOTATUXW0,91,true,200,3
16939681,0e9a86d8b5719eddcf424eae86ae6aef48109a8f-64,grosh,1,49.600,500,16939681,cf8a3718abc62f0fe792775f7b2d2e1f9d4b4e9a,2021-11-01T23:00:24.000Z,prometei,1,peakmonsters,1,2021-11-02T23:00:24.000Z,DEC,49.600,DEC,49.600,49.600,,,,G4-178-TZU0OTNEXS,178,true,1,4
17470131,1701e8066b7a4a1501fcf3230a31649fa6d77af2-34,imperij4427,1,6.000,500,17470131,36ded38aa745045093bb8ce00b8c816652f2945f,2021-11-01T22:59:48.000Z,prometei,1,peakmonsters,1,2021-11-02T22:59:48.000Z,DEC,6.000,DEC,6.000,6.000,,,,G4-169-BUYFDUB2Y8,169,true,1,4
10403015,bd7bfd349e373d146fd5bc1ecee480555f9df138-2,d-pend,1,4.849,500,10403015,6d3b30e5cbbe7fbd3a4a46d1777ac8d2b0c9021e,2021-11-01T22:54:33.000Z,prometei,1,peakmonsters,1,2021-11-02T22:54:33.000Z,DEC,4.849,DEC,4.849,4.849,,,,G1-12-T81CP09R6O,12,true,200,1
9306494,89670010f8d81da42335d4f2ac25d8225ba4c916-8,smalp,1,56.729,500,9306494,c721da75df962c447db142894d82022b658965dc,2021-10-30T04:38:39.000Z,prometei,2,splinterlands,1,2021-10-31T04:38:39.000Z,DEC,56.729,DEC,56.729,56.729,,,,C1-10-TNZ7SA4U6O,10,false,6475,1
11204425,aed4846f34f3af36121e5c798a296d3f9fc39c6d-6,smalp,1,46.630,500,11204425,81f803250ef81d79c5f76af76718f34cf35ba93b,2021-10-30T02:59:09.000Z,prometei,2,splinterlands,1,2021-10-31T02:59:09.000Z,DEC,46.630,DEC,46.630,46.630,,,,G0-46-K4Y022WOSW,46,true,1000,0
10924007,e95ba64907bbddf21a5f14adff227a42a0a08056-0,mk992039,1,4.400,500,10924007,63420ed2b775be4742f7cf705fd61a8439c0b09d,2021-10-26T23:41:06.000Z,prometei,2,peakmonsters,1,2021-10-27T23:41:06.000Z,DEC,4.400,DEC,4.400,4.400,,,,C3-131-G5JXMW4ZQ8,131,false,0,3
10189615,f9d777136cdc838dc4e97010b8f0f5fe0d222307-0,rege3,1,10.000,500,10189615,7c9c7e025526510baca2816229762fdecd4cecb7,2021-10-26T23:40:54.000Z,prometei,2,peakmonsters,1,2021-10-27T23:40:54.000Z,DEC,10.000,DEC,10.000,10.000,,,,C0-18-1Y7231W440,18,false,300,0
17747278,d594d4603f5235e7cba0da27a874e3cf852f3448-2,modrid,1,0.180,500,17747278,e6ec32a7129f447e6b28b453f9007cd9b9ee1667,2021-10-26T23:40:42.000Z,prometei,2,peakmonsters,1,2021-10-27T23:40:42.000Z,DEC,0.180,DEC,0.180,0.180,,,,C4-171-XRAU2AUU00,171,false,1,4
14863207,b8857f585f221c8510fbaa5f676a7c56248c14ff-123,dharanir,1,6.567,500,14863207,e6ec32a7129f447e6b28b453f9007cd9b9ee1667,2021-10-26T23:40:42.000Z,prometei,2,peakmonsters,1,2021-10-27T23:40:42.000Z,DEC,6.567,DEC,6.567,6.567,,,,C4-293-79C1JGGA9C,293,false,1,4
16486402,fa4f4319ba164215590dfffedd4c11b3b0b16b1c-138,rce,1,8.186,500,16486402,26d790721cf870ff229e71f8f25c7b6fe3ffb5e4,2021-10-26T23:40:27.000Z,prometei,2,peakmonsters,1,2021-10-27T23:40:27.000Z,DEC,8.186,DEC,8.186,8.186,,,,G4-169-Z6LZJMOEM8,169,true,1,4
10310713,6d66d4d08476c21a91193a065fdbe3e04945224b-0,farm4,1,14.000,500,10310713,26d790721cf870ff229e71f8f25c7b6fe3ffb5e4,2021-10-26T23:40:27.000Z,prometei,2,peakmonsters,1,2021-10-27T23:40:27.000Z,DEC,14.000,DEC,14.000,14.000,,,,G3-103-DGABP6HNOG,103,true,200,3
12011072,6d4781eb9ea6f6c6e65abd1d9de08a44f11d44f9-0,felander,1,13.677,500,12011072,26d790721cf870ff229e71f8f25c7b6fe3ffb5e4,2021-10-26T23:40:27.000Z,prometei,2,peakmonsters,1,2021-10-27T23:40:27.000Z,DEC,13.677,DEC,13.677,13.677,,,,G1-14-RZX89IK9E8,14,true,200,1
17774328,cc0c47c0c9f936e826ccc84e025a4e8f61d1875c-2,deezrentals,1,49.650,500,17774328,26d790721cf870ff229e71f8f25c7b6fe3ffb5e4,2021-10-26T23:40:27.000Z,prometei,2,peakmonsters,1,2021-10-27T23:40:27.000Z,DEC,49.650,DEC,49.650,49.650,,,,G4-178-V73ZM8P0B4,178,true,1,4
16004607,09734ebbd69f609b7bec633858575e4de4dd03ce-0,farm4,1,50.000,500,16004607,24346a7b12029d0d332b3cb90d10ebd7e04af285,2021-10-21T13:14:33.000Z,prometei,2,peakmonsters,1,2021-10-22T13:14:33.000Z,DEC,50.000,DEC,50.000,50.000,,,,G3-131-T9CM788KQO,131,true,400,3
15934616,8d22afca13e7d041f1c009a23e0e605bd5ebeb7c-0,fighter4-freedom,1,2.500,500,15934616,b7932d0c2dccbf448e3af71a88876e1cbca3cfaa,2021-10-21T13:14:15.000Z,prometei,2,peakmonsters,1,2021-10-22T13:14:15.000Z,DEC,2.500,DEC,2.500,2.500,,,,C0-18-52XK5ZJ8JK,18,false,0,0
16148563,6e659fe876f191ee8eb8af2df00ee2a71a0b4258-7,bigbluebananas,1,18.990,500,16148563,d689a5180e34917e9465363bc171d307c5b569a0,2021-10-21T13:13:30.000Z,prometei,2,peakmonsters,1,2021-10-22T13:13:30.000Z,DEC,25.950,DEC,25.950,25.950,,,,G3-91-OUT0CU545C,91,true,200,3
16395728,4af15b1bcb722293a20d8e05326cc011ff8edeac-0,sacred-agent,1,14.440,500,16395728,344f418e286ed93bd88681a4bf8bb4fdd30cb528,2021-10-21T13:11:54.000Z,prometei,2,peakmonsters,1,2021-10-22T13:11:54.000Z,DEC,14.440,DEC,14.440,14.440,,,,C-UFBQZ1A91S,14,false,20,0
15866091,7c9f9025de291db24b404ba55eb6bfe85703094d-13,fighter4-freedom,1,8.000,500,15866091,25c07448579550e8dfcb791106295ebf532c6a3c,2021-10-21T13:11:15.000Z,prometei,2,peakmonsters,1,2021-10-22T13:11:15.000Z,DEC,8.000,DEC,8.000,8.000,,,,G4-169-FZ595FTS8G,169,true,1,4
14108643,bfef473b5dc2e661820cb11a42ee191748f76041-11,everythingsmgirl,1,24.950,500,14108643,48792186000607ec8701ea2b41f36ba28e6c9f5b,2021-10-16T01:51:03.000Z,prometei,2,peakmonsters,1,2021-10-17T01:51:03.000Z,DEC,24.950,DEC,24.950,24.950,,,,C4-178-2ZXX0EL534,178,false,5,4
10806669,78d3a149b1373559743dba9e76f85d0c5b9ee72d-0,healthdear,1,20.000,500,10806669,76088f2b6d4ad2ff3b9c5b1886f1bca9537f84a9,2021-10-16T01:50:24.000Z,prometei,2,peakmonsters,1,2021-10-17T01:50:24.000Z,DEC,20.000,DEC,20.000,20.000,,,,G3-103-S5MHA84NA8,103,true,200,3
9495006,b17d12793e498c7a29ea97c09c4465c2011ceb54-51,smalp,1,33.124,500,9495006,25c20951d506aa64e16f73673fc74d8643e4801e,2021-10-16T01:50:00.000Z,prometei,2,peakmonsters,1,2021-10-17T01:50:00.000Z,DEC,33.124,DEC,33.124,33.124,,,,G3-131-TK4J0W2FCG,131,true,400,3
16335858,0b7182fd5f4ccc00392816963805de8d293288e9-10,nynate,1,8.850,500,16335858,b89d4967d5e5b4468f2a2b53e56ea00ac9a48198,2021-10-16T01:49:48.000Z,prometei,2,peakmonsters,1,2021-10-17T01:49:48.000Z,DEC,8.850,DEC,8.850,8.850,,,,C4-293-GLXRQ053OW,293,false,1,4
11204397,d594d3dd66e9494c1961b18322b10995c25202c6-46,smalp,1,23.588,500,11204397,fac52c71d37526882817a723476da5b3ec3610eb,2021-10-16T01:48:39.000Z,prometei,2,peakmonsters,1,2021-10-17T01:48:39.000Z,DEC,23.588,DEC,23.588,23.588,,,,G-LD8MQNRM8G,12,true,1000,0
15862382,b2e8c1f9b801dcc56554ca604919e2afc228e965-21,fighter4-freedom,1,24.000,500,15862382,7a79be2e46f71c211e0b7e67894015a12ebe54a3,2021-10-16T01:48:03.000Z,prometei,2,peakmonsters,1,2021-10-17T01:48:03.000Z,DEC,24.000,DEC,24.000,24.000,,,,G1-18-2YRUDCCAFK,18,true,400,1
10409466,67a179aa9632650c8187153853aa4ca276c9363e-56,redparra,1,14.950,500,10409466,21ebb482ba05f9da9acca1e91557e3d4f66841be,2021-10-16T01:47:57.000Z,prometei,2,peakmonsters,1,2021-10-17T01:47:57.000Z,DEC,14.950,DEC,14.950,14.950,,,,G1-14-934N8Z91S0,14,true,200,1
11204293,1f1328e5047149affa123f1fa114f090a924336b-48,smalp,1,154.700,500,11204293,a42bb642a88c589a79cfa3093402b5cce80614bb,2021-10-14T20:29:39.000Z,prometei,2,splinterlands,1,2021-10-15T20:29:39.000Z,DEC,154.700,DEC,154.700,154.700,,,,C-RVIJBQYYUO,55,false,7000,0
12136265,a27ae60be47b5fcbf3f43046c28457a0a1ccb367-91,clove71,1,30.509,500,12136265,094156417110664d1d866cdbb669377ef8ae15d2,2021-10-11T08:49:51.000Z,prometei,2,peakmonsters,1,2021-10-12T08:49:51.000Z,DEC,30.509,DEC,30.509,30.509,,,,G3-131-YPWRCU66Y8,131,true,400,3
12392637,08516af9877fbbac988d293fd3ec87f1de427ec7-0,bitcoinflood,1,33.200,500,12392637,094156417110664d1d866cdbb669377ef8ae15d2,2021-10-11T08:49:51.000Z,prometei,2,peakmonsters,1,2021-10-12T08:49:51.000Z,DEC,33.200,DEC,33.200,33.200,,,,G1-18-3G4YI9UHA8,18,true,400,1
15679374,bc271b627013de747bffaa671c06aefc2e43a138-14,deezrentals,1,43.900,500,15679374,094156417110664d1d866cdbb669377ef8ae15d2,2021-10-11T08:49:51.000Z,prometei,2,peakmonsters,1,2021-10-12T08:49:51.000Z,DEC,43.900,DEC,43.900,43.900,,,,G4-178-58I12YI8G0,178,true,1,4
11481757,8d0fd301d5105af6da4f6e4033c47500544fb5a5-1,jzn,1,18.850,500,11481757,094156417110664d1d866cdbb669377ef8ae15d2,2021-10-11T08:49:51.000Z,prometei,2,peakmonsters,1,2021-10-12T08:49:51.000Z,DEC,18.850,DEC,18.850,18.850,,,,G3-91-CDL6ZSX9GG,91,true,200,3
12041990,c05138bdb1a62005eff937db9cb77d23ff6e0857-38,ayogom,1,14.550,500,12041990,094156417110664d1d866cdbb669377ef8ae15d2,2021-10-11T08:49:51.000Z,prometei,2,peakmonsters,1,2021-10-12T08:49:51.000Z,DEC,14.550,DEC,14.550,14.550,,,,G3-103-XLZA2IJNCG,103,true,200,3
11065781,90aba87678678d47faa3120f15d9771792860b29-5,lucky-cards,1,17.400,500,11065781,094156417110664d1d866cdbb669377ef8ae15d2,2021-10-11T08:49:51.000Z,prometei,2,peakmonsters,1,2021-10-12T08:49:51.000Z,DEC,17.400,DEC,17.400,17.400,,,,G1-14-MVKLBNARGG,14,true,200,1
10566356,4e4107201cc20e3802a6cdf8de600ddcff62642e-2,fighter4-freedom,1,20.000,500,10566356,62031e65148bc2579dc2bcde740422a202e072f0,2021-10-05T00:58:30.000Z,prometei,2,peakmonsters,1,2021-10-06T00:58:30.000Z,DEC,20.000,DEC,20.000,20.000,,,,G1-14-KA869YK7WG,14,true,200,1
9893815,d2768948db1e1866ba8682251178c0992278511a-5,masterthematrix,1,7.900,500,9893815,c86a185c05cfe719ad91aaf78bde464b39426f33,2021-10-05T00:58:09.000Z,prometei,2,peakmonsters,1,2021-10-06T00:58:09.000Z,DEC,7.900,DEC,7.900,7.900,,,,G3-103-X07Z2MNF80,103,true,200,3
12136121,8d05e470cb7a0bfbc5a400268b936b5183f14cfa-88,clove71,1,16.578,500,12136121,090effa0d036976256fcad0f881b79fde0592c6c,2021-10-05T00:57:24.000Z,prometei,2,peakmonsters,1,2021-10-06T00:57:24.000Z,DEC,16.578,DEC,16.578,16.578,,,,G3-91-6XU6P9CD9C,91,true,200,3
12149193,556fa893b36551498a311974a00df5e3bc14507d-0,splintercards,1,25.000,500,12149193,090effa0d036976256fcad0f881b79fde0592c6c,2021-10-05T00:57:24.000Z,prometei,2,peakmonsters,1,2021-10-06T00:57:24.000Z,DEC,25.000,DEC,25.000,25.000,,,,G3-131-2Q86VDXBMO,131,true,400,3
11074223,cfa5c38b2887beb559d2431c66f1d5fe8f89b2c2-2,lucky-cards,1,29.000,500,11074223,090effa0d036976256fcad0f881b79fde0592c6c,2021-10-05T00:57:24.000Z,prometei,2,peakmonsters,1,2021-10-06T00:57:24.000Z,DEC,29.000,DEC,29.000,29.000,,,,G1-18-R0I0CLDRGG,18,true,400,1
14330009,a0412814849aff74bc086e65fe1b8ed3ce9abcce-136,vugtis,1,49.800,500,14330009,090effa0d036976256fcad0f881b79fde0592c6c,2021-10-05T00:57:24.000Z,prometei,2,peakmonsters,1,2021-10-06T00:57:24.000Z,DEC,49.800,DEC,49.800,49.800,,,,G4-178-T1HLAX3D4W,178,true,1,4