﻿id,sell_trx_id,seller,num_cards,buy_price,fee_percent,market_item_id,rental_tx,rental_date,renter,status,market_account,rental_days,next_rental_payment,payment_currency,payment_amount,escrow_currency,escrow_amount,paid_amount,cancel_tx,cancel_player,cancel_date,card_id,card_detail_id,gold,xp,edition
10460058,e5e156b4d7cc83a1c8f9c49b95c757bc616984a7-0,vaca4,1,25.000,500,10460058,c5407beaf34bc3d17caf71429d83f7a17d5b9274,2021-11-01T04:30:42.000Z,qakbot,2,peakmonsters,1,2021-11-02T04:30:42.000Z,DEC,25.000,DEC,25.000,25.000,,,,C0-18-HRF24P1AU8,18,false,300,0
17543942,c287a814410b834a895f96e80c034ad194370f49-67,olleo,1,0.489,500,17543942,fc1d918541f0ce45a5901c53ecc0736eef30d6fa,2021-11-01T04:30:15.000Z,qakbot,2,splinterlands,1,2021-11-02T04:30:15.000Z,DEC,0.489,DEC,0.489,0.489,,,,C3-91-DJ2E50RQG0,91,false,0,3
18286296,a5f68715b83f7e85002b7559c48516115a0d8783-100,americaman,1,4.100,500,18286296,a6dde9ae24593ce4a4f8cd934fcd0aad736d9478,2021-11-01T04:28:33.000Z,qakbot,2,splinterlands,1,2021-11-02T04:28:33.000Z,DEC,4.100,DEC,4.100,4.100,,,,C3-131-MBRO8QWSS0,131,false,0,3
15891497,258b0bf1c586c6f911b486c50d8014af0bc1d990-0,biovivace,1,84.450,500,15891497,538ac7e5581e4aea1853757b2d121665c00b0d3b,2021-11-01T04:26:42.000Z,qakbot,2,peakmonsters,1,2021-11-02T04:26:42.000Z,DEC,84.450,DEC,84.450,84.450,,,,G4-178-DYMENY2VI8,178,true,1,4
18298314,691c4f675d8e5b6d07e6554aa997ce7b127df6b3-0,travelgirl,1,54.500,500,18298314,5e8d0601041143b78abe0971d00f7be1e0cbcbb4,2021-11-01T04:26:27.000Z,qakbot,2,peakmonsters,1,2021-11-02T04:26:27.000Z,DEC,54.500,DEC,54.500,54.500,,,,G3-103-5VQAIM6YR4,103,true,200,3
15500977,992a6aef5e0054e5fe86baa398f127cd9fa13595-6,lucky-cards,1,29.000,500,15500977,f2d8c6ca8337126faec701529e88790ac0da6abc,2021-11-01T04:26:18.000Z,qakbot,2,peakmonsters,1,2021-11-02T04:26:18.000Z,DEC,29.000,DEC,29.000,29.000,,,,G1-14-BFP2SO63V4,14,true,400,1
11531924,13eb125e1c73f926313c17cb83b800304b144ea5-5,monstergames,1,8.661,500,11531924,f2d8c6ca8337126faec701529e88790ac0da6abc,2021-11-01T04:26:18.000Z,qakbot,2,peakmonsters,1,2021-11-02T04:26:18.000Z,DEC,8.661,DEC,8.661,8.661,,,,G1-12-PEMFKB1RQO,12,true,200,1
17041309,4ef2f3322b35b59d4aa0ae6e85601fdef5f5af65-0,kobusu,1,7.700,500,17041309,f2d8c6ca8337126faec701529e88790ac0da6abc,2021-11-01T04:26:18.000Z,qakbot,2,peakmonsters,1,2021-11-02T04:26:18.000Z,DEC,7.700,DEC,7.700,7.700,,,,G4-169-199MLHJS8W,169,true,1,4
9307775,f857810b9e3cdfe8bc9f71973e7788b112a1b5e8-72,smalp,1,94.850,500,9307775,6ab2077f9709f9ec24e5d55a2c7722e73dcd84ea,2021-10-30T02:48:57.000Z,qakbot,2,splinterlands,1,2021-10-31T02:48:57.000Z,DEC,94.850,DEC,94.850,94.850,,,,C1-63-SFYLROVDI8,63,false,7560,1
11205950,f63a8444321b54e1627d356ed4b215e7a124dfe6-44,smalp,1,100.135,500,11205950,1511808324dfe9e8669c3b2ce33c78c57cc2150d,2021-10-30T02:33:54.000Z,qakbot,2,splinterlands,1,2021-10-31T02:33:54.000Z,DEC,100.135,DEC,100.135,100.135,,,,C1-62-FFL4GMVB74,62,false,7560,1
13758997,dbf93a3735f0970c6b28529905aff87647548d25-0,panda4sale85,1,13.000,500,13758997,c9b2de255c9d86bcb7550e984d93104f8f87bd24,2021-10-26T23:34:21.000Z,qakbot,2,peakmonsters,1,2021-10-27T23:34:21.000Z,DEC,13.000,DEC,13.000,13.000,,,,C0-18-EOH4LN5P28,18,false,200,0
17409733,91868e769f55cef34e9d860b205f6a1c19d1bdb0-27,renterlands,1,4.300,500,17409733,b121fadde75efcce87aa24d3450f87bbd21228c0,2021-10-26T23:34:06.000Z,qakbot,2,peakmonsters,1,2021-10-27T23:34:06.000Z,DEC,4.300,DEC,4.300,4.300,,,,C3-131-ZKPY8RC48G,131,false,0,3
16136499,344cb88f6546bb6d6de407be8af8c0d46834834a-20,abh12345,1,4.550,500,16136499,5d03c2318d544096b4b86e96ef59eb45c1f47d92,2021-10-26T23:33:57.000Z,qakbot,2,peakmonsters,1,2021-10-27T23:33:57.000Z,DEC,8.150,DEC,8.150,8.150,,,,G4-169-9GR7IOBO34,169,true,1,4
17352010,63681aae7123d08f8d33843851d62e3b51d2cb43-51,avestan,1,14.850,500,17352010,5d03c2318d544096b4b86e96ef59eb45c1f47d92,2021-10-26T23:33:57.000Z,qakbot,2,peakmonsters,1,2021-10-27T23:33:57.000Z,DEC,14.850,DEC,14.850,14.850,,,,G-0LDMPCBNRK,12,true,250,0
14575329,3ebde05a8c9ebd3a86e54763fad3574fafc6bf0a-0,ora-et-labora,1,19.950,500,14575329,5d03c2318d544096b4b86e96ef59eb45c1f47d92,2021-10-26T23:33:57.000Z,qakbot,2,peakmonsters,1,2021-10-27T23:33:57.000Z,DEC,19.950,DEC,19.950,19.950,,,,G3-91-CPH378ZIQO,91,true,1000,3
12066475,eecc75187f845383d40d27859a6278c1d4d15673-3,toocurious,1,16.950,500,12066475,5d03c2318d544096b4b86e96ef59eb45c1f47d92,2021-10-26T23:33:57.000Z,qakbot,2,peakmonsters,1,2021-10-27T23:33:57.000Z,DEC,16.950,DEC,16.950,16.950,,,,G1-14-Y6LVLLWL68,14,true,200,1
10295214,ad8149392b574c86464f1abe2b6076cd84b114cd-0,gigel1,1,14.000,500,10295214,5d03c2318d544096b4b86e96ef59eb45c1f47d92,2021-10-26T23:33:57.000Z,qakbot,2,peakmonsters,1,2021-10-27T23:33:57.000Z,DEC,14.000,DEC,14.000,14.000,,,,G3-103-3J56SOVHZK,103,true,200,3
15619831,2b2a9dd7806a4b88e4c0ded723bd77b43c25ee92-13,wargames,1,44.900,500,15619831,5d03c2318d544096b4b86e96ef59eb45c1f47d92,2021-10-26T23:33:57.000Z,qakbot,2,peakmonsters,1,2021-10-27T23:33:57.000Z,DEC,44.900,DEC,44.900,44.900,,,,G4-178-DHBHPG5BPS,178,true,1,4
16234240,efd0f637461a820cd8af89d5449e93619fbf6230-47,abh12345,1,44.840,500,16234240,1b18350ef775550ed27418f37c931c156d5d44c3,2021-10-21T12:20:06.000Z,qakbot,2,peakmonsters,1,2021-10-22T12:20:06.000Z,DEC,49.650,DEC,49.650,49.650,,,,G4-178-SJ88UYLICG,178,true,1,4
16005751,3e25d5fa7c71faeb79837a5c8fb167f284b2d3c4-37,sliferdragon,1,1.000,500,16005751,0e03ec86edeca0d708999440736b0bbbfd0dbab0,2021-10-21T12:19:33.000Z,qakbot,2,peakmonsters,1,2021-10-22T12:19:33.000Z,DEC,1.000,DEC,1.000,1.000,,,,C3-91-MXY18K048G,91,false,0,3
15986920,e19287044a874c2dcffe6bd8f03f7ba5429391fe-3,avestan,1,23.000,500,15986920,7fb637a6a492457281d93ea76c57a04e341a7900,2021-10-21T12:18:51.000Z,qakbot,2,peakmonsters,1,2021-10-22T12:18:51.000Z,DEC,41.950,DEC,41.950,41.950,,,,G-8JZT9FJ0LS,14,true,250,0
10109290,84de025e6ed0c495fac9ed359cba6558abdf95da-0,ikrah,1,14.000,500,10109290,72029e5b844456f6cdac5664853b8ee8dbf29635,2021-10-21T12:16:12.000Z,qakbot,2,peakmonsters,1,2021-10-22T12:16:12.000Z,DEC,14.000,DEC,14.000,14.000,,,,G3-103-7MO30G4GDS,103,true,200,3
15866163,59c0877e444f56875f4c7258836ebe7c3353552e-30,fighter4-freedom,1,5.500,500,15866163,4d568501e6d0fdff9f3d6b22d16e0d447d436c38,2021-10-21T12:16:03.000Z,qakbot,2,peakmonsters,1,2021-10-22T12:16:03.000Z,DEC,5.500,DEC,5.500,5.500,,,,G4-171-T6IDHZIUDS,171,true,1,4
17043383,abe83f9c9d06107afc798f636cfa41b0616afd7e-5,splinterman,1,4.350,500,17043383,4d568501e6d0fdff9f3d6b22d16e0d447d436c38,2021-10-21T12:16:03.000Z,qakbot,2,peakmonsters,1,2021-10-22T12:16:03.000Z,DEC,4.350,DEC,4.350,4.350,,,,G4-169-NCFDI6VN68,169,true,1,4
14170124,7ea5ec3dcb1a1427867e6ea8d349c4bfef266c90-0,peeholder,1,29.444,500,14170124,9a85d3ce26aafc24e28dc6ef74b6a5ac885b6ff4,2021-10-16T01:31:00.000Z,qakbot,2,peakmonsters,1,2021-10-17T01:31:00.000Z,DEC,29.444,DEC,29.444,29.444,,,,C-U9V34GIHY8,18,false,7300,0
10689928,54acfd38b6f753e75550e8ad39a245442b242209-0,foggybottom,1,15.060,500,10689928,121abd7b2edd06cef2dc55523393adbb35b44b5d,2021-10-16T01:30:30.000Z,qakbot,2,peakmonsters,1,2021-10-17T01:30:30.000Z,DEC,15.060,DEC,15.060,15.060,,,,G3-91-0U1S540Y0W,91,true,200,3
9495000,b17d12793e498c7a29ea97c09c4465c2011ceb54-45,smalp,1,33.124,500,9495000,8ede2723e2b56160fa43575dd7c62a8ddd3af7aa,2021-10-16T01:30:18.000Z,qakbot,2,peakmonsters,1,2021-10-17T01:30:18.000Z,DEC,33.124,DEC,33.124,33.124,,,,G3-131-PWKU0DPKWG,131,true,400,3
15619829,2b2a9dd7806a4b88e4c0ded723bd77b43c25ee92-11,wargames,1,44.900,500,15619829,a97daf3a53caba44c2807211ca43e22e4943975b,2021-10-16T01:29:42.000Z,qakbot,2,peakmonsters,1,2021-10-17T01:29:42.000Z,DEC,44.900,DEC,44.900,44.900,,,,G4-178-9M8Z6GSZXC,178,true,1,4
9925711,60ccb94734217296437f6b126674a11bb4ba0895-0,rzzoh,1,11.000,500,9925711,a557a27abd3a21e11be84d2b774a12be53d2a152,2021-10-16T01:29:30.000Z,qakbot,2,peakmonsters,1,2021-10-17T01:29:30.000Z,DEC,11.000,DEC,11.000,11.000,,,,G1-14-9DCCW7EUS0,14,true,400,1
13332679,edba5c77e72e14b6d75195b4af0cccc70295351d-12,toocurious,1,9.950,500,13332679,54f8eec452ab287a1bdf700965cc6591dd8eaefa,2021-10-16T01:29:24.000Z,qakbot,2,peakmonsters,1,2021-10-17T01:29:24.000Z,DEC,9.950,DEC,9.950,9.950,,,,G3-103-THFM1G4KEO,103,true,200,3
11548102,43f06651e8729a636ea680b34a10d2843ea843b2-6,davemccoy,1,7.217,500,11548102,179c8d356fffa04469f9796fe8a5a7736864468e,2021-10-16T01:29:15.000Z,qakbot,2,peakmonsters,1,2021-10-17T01:29:15.000Z,DEC,7.217,DEC,7.217,7.217,,,,G1-12-QE7UP2CII8,12,true,200,1
16160344,74534d09eb812ac1abe239f5061b00bbdd8c0a35-38,iamyourdaddy,1,4.880,500,16160344,f3bd44f7b807ea208941318cf59d62acd13ac630,2021-10-16T01:29:09.000Z,qakbot,2,peakmonsters,1,2021-10-17T01:29:09.000Z,DEC,4.880,DEC,4.880,4.880,,,,G4-171-J9I7MRN4Y8,171,true,1,4
9308142,b57adb0460f786acc7234a50b3a9d880e2a24e6d-39,smalp,1,179.850,500,9308142,3a3676c62dd0616a8774f1256430239abe9ad623,2021-10-14T20:20:18.000Z,qakbot,2,splinterlands,1,2021-10-15T20:20:18.000Z,DEC,179.850,DEC,179.850,179.850,,,,C1-113-6UVBMKHIE8,113,false,7500,1
15852429,08cb44eda113fa40f11840794ea4296ddd97485e-55,jeffopenscards,1,7.950,500,15852429,6cb2a12dd9bf526eb3ad8b0fc537da29c8443fc1,2021-10-11T00:38:30.000Z,qakbot,2,peakmonsters,1,2021-10-12T00:38:30.000Z,DEC,9.490,DEC,9.490,9.490,,,,C4-293-EO6ESHZBSG,293,false,1,4
10831422,e9f7d20c198d6dbab4a56504896f2bf358ce06f9-2,reggaemuffin,1,14.950,500,10831422,e8f73401e036be1f492d0d64f166f90480fc02b4,2021-10-11T00:38:18.000Z,qakbot,2,peakmonsters,1,2021-10-12T00:38:18.000Z,DEC,14.950,DEC,14.950,14.950,,,,G1-12-PP1PLLAG34,12,true,200,1
10409466,67a179aa9632650c8187153853aa4ca276c9363e-56,redparra,1,14.950,500,10409466,e8f73401e036be1f492d0d64f166f90480fc02b4,2021-10-11T00:38:18.000Z,qakbot,2,peakmonsters,1,2021-10-12T00:38:18.000Z,DEC,14.950,DEC,14.950,14.950,,,,G1-14-934N8Z91S0,14,true,200,1
15670082,47da0bc1eb9dee4d8b42bcf46b0c47a4e2247fc5-15,grosh,1,9.794,500,15670082,e8f73401e036be1f492d0d64f166f90480fc02b4,2021-10-11T00:38:18.000Z,qakbot,2,peakmonsters,1,2021-10-12T00:38:18.000Z,DEC,9.794,DEC,9.794,9.794,,,,G3-103-2KM7G4XGDS,103,true,200,3
9836701,1df23763553d8c895b9e2a64ceec813e2b1e2093-13,fighter4-freedom,1,16.000,500,9836701,7e63c2482532e885049daa8c97ddca02c37ba6d5,2021-10-07T01:17:00.000Z,qakbot,2,peakmonsters,1,2021-10-08T01:17:00.000Z,DEC,16.000,DEC,16.000,16.000,,,,G3-91-HRGHFBOVN4,91,true,200,3
10043554,afb4963ef4a1dd9ec58d30ecf527b6eca65200bd-126,orangefudge,1,24.950,500,10043554,214f3d1b59f35675df10ce9c695c02585205a870,2021-10-07T01:16:48.000Z,qakbot,2,peakmonsters,1,2021-10-08T01:16:48.000Z,DEC,24.950,DEC,24.950,24.950,,,,G3-131-C7SMBC1F28,131,true,400,3
12111448,e3cdd7bbe72b94f56c16953ed8a99ffe2a865b59-0,chandpur,1,24.900,500,12111448,29c23820490fd595bb078961dfe652b1aaf1ed93,2021-10-07T01:15:51.000Z,qakbot,2,peakmonsters,1,2021-10-08T01:15:51.000Z,DEC,24.900,DEC,24.900,24.900,,,,G4-178-0S30313L3K,178,true,1,4
9893813,d2768948db1e1866ba8682251178c0992278511a-3,masterthematrix,1,7.900,500,9893813,3438c191861727bc034c9d8e367cd55bc8dfa7bc,2021-10-07T01:15:33.000Z,qakbot,2,peakmonsters,1,2021-10-08T01:15:33.000Z,DEC,7.900,DEC,7.900,7.900,,,,G3-103-PND8NUHYFK,103,true,200,3
10769624,2bc82e7765a88389bff6bf815bcab0d3700458f3-1,digital-fortress,1,3.500,500,10769624,c550194590c1fcc047bd091ced297c57af16658a,2021-10-07T01:14:45.000Z,qakbot,2,peakmonsters,1,2021-10-08T01:14:45.000Z,DEC,3.500,DEC,3.500,3.500,,,,G4-169-W6AX26WHSW,169,true,1,4
13218129,7189a85c6d6c0a3ffe6af55c8681003a9d91dff6-2,monstergames,1,4.221,500,13218129,c0a817e6d2106068aa3ca51d943c6357ddef4e66,2021-10-07T01:14:24.000Z,qakbot,2,peakmonsters,1,2021-10-08T01:14:24.000Z,DEC,4.221,DEC,4.221,4.221,,,,G1-12-HT9N4RT50W,12,true,200,1
10010600,49e24b1bbecef9e895bfaa859851346f5624baa0-0,pladozero,1,13.000,500,10010600,83786095368209fdb9a7ef0b4998090f75bab0b1,2021-10-02T23:59:45.000Z,qakbot,2,peakmonsters,1,2021-10-03T23:59:45.000Z,DEC,13.000,DEC,13.000,13.000,,,,G3-91-RHB2UYD6DS,91,true,200,3
10772909,d5ebe52856905646cf93e6a3320f02c824830874-0,digital-fortress,1,3.500,500,10772909,f58daee8cf1ec85bc0e0291d55aed9a3739985f9,2021-10-02T23:59:27.000Z,qakbot,2,peakmonsters,1,2021-10-03T23:59:27.000Z,DEC,3.500,DEC,3.500,3.500,,,,G4-169-6NNRQVWRC0,169,true,1,4
15025613,adf760db256e8947ce088a38722962d25b5addb2-0,kush-hyg,1,7.500,500,15025613,f58daee8cf1ec85bc0e0291d55aed9a3739985f9,2021-10-02T23:59:27.000Z,qakbot,2,peakmonsters,1,2021-10-03T23:59:27.000Z,DEC,7.500,DEC,7.500,7.500,,,,G3-103-0CQZIK315S,103,true,200,3
14332466,cbaea5bf5a11ec4267ebb91d65edb6d7696df80c-74,themightyvolcano,1,44.850,500,14332466,f58daee8cf1ec85bc0e0291d55aed9a3739985f9,2021-10-02T23:59:27.000Z,qakbot,2,peakmonsters,1,2021-10-03T23:59:27.000Z,DEC,44.850,DEC,44.850,44.850,,,,G4-293-SY43QMMEDC,293,true,1,4
10571142,42d7994c60b1d22504d44b4095123973509d71f1-0,athbull,1,10.950,500,10571142,f58daee8cf1ec85bc0e0291d55aed9a3739985f9,2021-10-02T23:59:27.000Z,qakbot,2,peakmonsters,1,2021-10-03T23:59:27.000Z,DEC,10.950,DEC,10.950,10.950,,,,G4-178-UUXPLF3ZVK,178,true,1,4