﻿id,sell_trx_id,seller,num_cards,buy_price,fee_percent,market_item_id,rental_tx,rental_date,renter,status,market_account,rental_days,next_rental_payment,payment_currency,payment_amount,escrow_currency,escrow_amount,paid_amount,cancel_tx,cancel_player,cancel_date,card_id,card_detail_id,gold,xp,edition
10362300,a4b157ebdfc5c3489ab7e3de4c8340e920868a6a-0,gungunkrishu,1,30.000,500,10362300,f03f7a60a7f9a9256d173f68fe3476eec7b8c4c2,2021-10-31T23:23:27.000Z,danabot,2,peakmonsters,1,2021-11-01T23:23:27.000Z,DEC,30.000,DEC,30.000,30.000,,,,G3-103-GIODDSJYJ4,103,true,200,3
16036903,331dbf9dad1a85ac0d38dadc8e7f771fe835c78a-14,aatrox,1,14.840,500,16036903,95287a8ace7a10d9b736bcd6fff651e2325b6efa,2021-10-31T23:23:06.000Z,danabot,2,peakmonsters,1,2021-11-01T23:23:06.000Z,DEC,14.840,DEC,14.840,14.840,,,,G-16Y591NZ4G,14,true,250,0
10201614,6518dde69a17beb24d23703553f2082d4e0e47da-0,cal2,1,15.000,500,10201614,178a61646ca8b41c257af313e87768cbc6cb8dba,2021-10-31T23:22:45.000Z,danabot,2,peakmonsters,1,2021-11-01T23:22:45.000Z,DEC,15.000,DEC,15.000,15.000,,,,C-FONFHTPC7K,18,false,300,0
11753335,59446572bb2b7a68638403b299786e7cbc299388-65,ty2nicerva,1,3.950,500,11753335,8c2f7532c503ae249f7049e1df9aa1bbcc793be1,2021-10-31T23:22:30.000Z,danabot,2,peakmonsters,1,2021-11-01T23:22:30.000Z,DEC,3.950,DEC,3.950,3.950,,,,C3-131-EM5EE3VLGG,131,false,0,3
16290254,e44ac04211d6ba2ba7dcdeacd0c46a517b227e94-0,saurus,1,8.000,500,16290254,8cac82647e80e88bebf0414647c25a29fe04394b,2021-10-31T23:22:12.000Z,danabot,2,peakmonsters,1,2021-11-01T23:22:12.000Z,DEC,8.000,DEC,8.000,8.000,,,,C4-293-2TE8A0LWR4,293,false,1,4
18426907,b0de1a7b016edd6c332df4b0cc20fd9febaf5dc7-2,janoshik,1,4.090,500,18426907,59c82c38704fb962ea29bb67b38cbbcf8c4b632b,2021-10-31T23:22:03.000Z,danabot,2,peakmonsters,1,2021-11-01T23:22:03.000Z,DEC,4.090,DEC,4.090,4.090,,,,G1-12-UJIWTIUO0W,12,true,200,1
16186769,bdc4f75c6626d4f44cc78c375af17f87b033c971-0,imno,1,31.940,500,16186769,59c82c38704fb962ea29bb67b38cbbcf8c4b632b,2021-10-31T23:22:03.000Z,danabot,2,peakmonsters,1,2021-11-01T23:22:03.000Z,DEC,31.940,DEC,31.940,31.940,,,,G4-178-ZDQ948PIHC,178,true,1,4
18429611,1ee497a6128f324cd9383c2d2e39f879a95da209-61,splintermule,1,2.627,500,18429611,59c82c38704fb962ea29bb67b38cbbcf8c4b632b,2021-10-31T23:22:03.000Z,danabot,2,peakmonsters,1,2021-11-01T23:22:03.000Z,DEC,2.627,DEC,2.627,2.627,,,,G4-169-L8E0XM3GYO,169,true,1,4
9308534,793fa1650ee0ef24357d9e9c89fbc62d2f8f91b0-9,smalp,1,76.371,500,9308534,76623c7c2220df1d9bbe7b6080bb77b6440cb8bb,2021-10-30T04:13:12.000Z,danabot,2,splinterlands,1,2021-10-31T04:13:12.000Z,DEC,76.371,DEC,76.371,76.371,,,,C4-209-IIFC1SSM6O,209,false,6,4
13365527,14ea5bb5b809785bb7434514af40e7ec2834f026-23,fighter4-freedom,1,13.000,500,13365527,716a546aee5f36d22ad5766940b32013224e595a,2021-10-30T04:11:24.000Z,danabot,2,splinterlands,1,2021-10-31T04:11:24.000Z,DEC,13.000,DEC,13.000,13.000,,,,C5-265-QXSU0T5G6O,265,false,1,5
15575345,b358521785e060a7f745e5b016d142e2e462c822-6,lucky-cards,1,50.000,500,15575345,1b36e248854444251c243b934841da2bd16c573a,2021-10-30T03:53:09.000Z,danabot,2,splinterlands,1,2021-10-31T03:53:09.000Z,DEC,50.000,DEC,50.000,50.000,,,,C3-131-6K5Y0MCVW0,131,false,8550,3
15373666,65d167cf9d59c4bb1d4020a1607b374bcedf0f00-0,kush-hyg,1,19.000,500,15373666,bab5bf003b86736802e93983568972e1e319d759,2021-10-26T06:47:57.000Z,danabot,2,peakmonsters,1,2021-10-27T06:47:57.000Z,DEC,19.000,DEC,19.000,19.000,,,,G1-18-R5K9GU58BK,18,true,400,1
17006426,690a9141a22d5ffbfddf22e89be43716046ad7c6-0,omnipotentape,1,10.000,500,17006426,bab5bf003b86736802e93983568972e1e319d759,2021-10-26T06:47:57.000Z,danabot,2,peakmonsters,1,2021-10-27T06:47:57.000Z,DEC,10.000,DEC,10.000,10.000,,,,G3-103-F06P0O1F4G,103,true,200,3
9938379,85109fb002cc3042bfe2649a4d521e9ba5a8fa7e-10,toocurious,1,44.000,500,9938379,bab5bf003b86736802e93983568972e1e319d759,2021-10-26T06:47:57.000Z,danabot,2,peakmonsters,1,2021-10-27T06:47:57.000Z,DEC,44.000,DEC,44.000,44.000,,,,G4-178-HE7HMCWM8G,178,true,1,4
12602766,e3e49b909129e16c80125d3dfe0efe4dd45f966e-3,inspiringquotes,1,14.900,500,12602766,bab5bf003b86736802e93983568972e1e319d759,2021-10-26T06:47:57.000Z,danabot,2,peakmonsters,1,2021-10-27T06:47:57.000Z,DEC,14.900,DEC,14.900,14.900,,,,G3-91-F519ESR65C,91,true,200,3
11672267,d001787cf9ecf28c488c8a698595d252710b7fe6-0,oldtimer,1,25.000,500,11672267,bab5bf003b86736802e93983568972e1e319d759,2021-10-26T06:47:57.000Z,danabot,2,peakmonsters,1,2021-10-27T06:47:57.000Z,DEC,25.000,DEC,25.000,25.000,,,,G3-131-CKD3WNWN4W,131,true,400,3
12135761,17f2e936a82cb46a110898bd2d081d3a63696318-9,clove71,1,4.450,500,12135761,bab5bf003b86736802e93983568972e1e319d759,2021-10-26T06:47:57.000Z,danabot,2,peakmonsters,1,2021-10-27T06:47:57.000Z,DEC,4.450,DEC,4.450,4.450,,,,G1-12-NRXD0QGLS0,12,true,200,1
11946617,a52768d2ca4b0bed8d39f40cd016d23e2198bb67-10,janoshik,1,14.832,500,11946617,a876a99f68b22aae9f9f879c53e7c868978e008b,2021-10-21T20:09:54.000Z,danabot,2,peakmonsters,1,2021-10-22T20:09:54.000Z,DEC,14.832,DEC,14.832,14.832,,,,G1-14-WH7FOC5V7K,14,true,200,1
17073444,9ef54de48b9440cd7765b29d5b34b4f7e601267c-0,edition-x,1,9.000,500,17073444,2f453009e36ec26c1a2002889a9b5e8dd9a739ca,2021-10-21T20:09:12.000Z,danabot,2,peakmonsters,1,2021-10-22T20:09:12.000Z,DEC,9.000,DEC,9.000,9.000,,,,C4-293-1083B8ZPI8,293,false,1,4
9899422,45590fa83af02c6662c815d69739093431a585c5-0,hatoto,1,9.850,500,9899422,74ef2c022da2265340ca9970926f5bbea5585536,2021-10-21T20:09:03.000Z,danabot,2,peakmonsters,1,2021-10-22T20:09:03.000Z,DEC,9.850,DEC,9.850,9.850,,,,G3-91-SAU34CC0PC,91,true,200,3
17192720,9f9ecefc0d7c95370c6ff0ca150ac00f53797fc5-49,enminers-vault,1,29.850,500,17192720,74ef2c022da2265340ca9970926f5bbea5585536,2021-10-21T20:09:03.000Z,danabot,2,peakmonsters,1,2021-10-22T20:09:03.000Z,DEC,29.850,DEC,29.850,29.850,,,,G3-131-B8RO3EVRB4,131,true,400,3
9474834,d0aea47b3a703712653a58863b8140c6efb99482-112,smalp,1,32.092,500,9474834,74ef2c022da2265340ca9970926f5bbea5585536,2021-10-21T20:09:03.000Z,danabot,2,peakmonsters,1,2021-10-22T20:09:03.000Z,DEC,32.092,DEC,32.092,32.092,,,,G4-178-FZ8O0043MO,178,true,11,4
10287047,0c3fb4d7d10c081243b91bc6cfb0f124bb8fe4bf-0,gungunkrishu,1,20.000,500,10287047,e7f76b2293fd3b0d3c62e7eca108fc129d2ad200,2021-10-14T14:02:09.000Z,danabot,2,peakmonsters,1,2021-10-15T14:02:09.000Z,DEC,20.000,DEC,20.000,20.000,,,,G1-12-0E9XEO7XHC,12,true,200,1
11396662,fd2bddd5af605d3dcc645722e868d652d8511684-11,sm-deck,1,13.827,500,11396662,5fcd1c7ca884ce54cd18c3a09813be678e8f11c6,2021-10-14T14:02:03.000Z,danabot,2,peakmonsters,1,2021-10-15T14:02:03.000Z,DEC,13.827,DEC,13.827,13.827,,,,G1-14-VPEY0TEWTC,14,true,200,1
10930528,840653ea27324ce7749349628393f0a140283d12-0,teammonsters,1,11.000,500,10930528,1e3c11a0a0d1f03c9a9acd74b77995b9c908d319,2021-10-14T14:01:54.000Z,danabot,2,peakmonsters,1,2021-10-15T14:01:54.000Z,DEC,11.000,DEC,11.000,11.000,,,,G3-91-EAH6ISV0KW,91,true,200,3
16117405,ebd21e24c874f4a915c3767dbc3185d721e5fb81-39,azircon,1,7.850,500,16117405,5b0bc96c095d6efd4190ad6cdff0333273350082,2021-10-14T14:01:48.000Z,danabot,2,peakmonsters,1,2021-10-15T14:01:48.000Z,DEC,7.850,DEC,7.850,7.850,,,,G4-169-W2UKUU8AZK,169,true,1,4
13640842,01e61027effcb24cd6ad4831d2a7ccbcc2f7013d-38,jarvie,1,6.450,500,13640842,d13b344c6352a8c74a7a3520eff1456f31bcb11e,2021-10-14T13:48:00.000Z,danabot,2,splinterlands,1,2021-10-15T13:48:00.000Z,DEC,6.450,DEC,6.450,6.450,,,,C3-131-S2SVQOF78G,131,false,0,3
15905534,8d2f8dad82b82d44186840c432d117d6be4c7f05-92,moriarty95,1,11.940,500,15905534,5c8373e0ae6d59b4690cdbc945af23d17efcc7ed,2021-10-14T13:47:54.000Z,danabot,2,splinterlands,1,2021-10-15T13:47:54.000Z,DEC,11.940,DEC,11.940,11.940,,,,C4-293-J4L5AM6I5S,293,false,1,4
9909375,a45801a5a13e0a2ca70f1842126ca3df1b37cef4-13,samsemilia7,1,13.830,500,9909375,6d70f09416d513fcacfed2b1e558e29f59bf0268,2021-10-14T13:46:48.000Z,danabot,2,splinterlands,1,2021-10-15T13:46:48.000Z,DEC,13.830,DEC,13.830,13.830,,,,G3-103-BLNA0981PC,103,true,200,3
10261879,73ec67652035179935a384c465c42310123696a9-3,rareraptor,1,11.500,500,10261879,a9bd677125cf927dff452ab7015b01cfbbc76cdf,2021-10-11T06:16:06.000Z,danabot,2,peakmonsters,1,2021-10-12T06:16:06.000Z,DEC,11.500,DEC,11.500,11.500,,,,G5-273-981LIQA1IO,273,true,5,5
10654179,0ecd4effad41bcb3065819d99fd37f4e045aeb8b-19,aatrox,1,11.000,500,10654179,0e4a28e0419c7c2a0e4ed8a2e7f912de2d738ad0,2021-10-11T05:03:27.000Z,danabot,2,peakmonsters,1,2021-10-12T05:03:27.000Z,DEC,11.000,DEC,11.000,11.000,,,,G1-61-2K4RIOZDK0,61,true,400,1
14078115,5bd55b4c08dfc37cc1055e50d93eb3e7d9d00638-0,mano237,1,33.000,500,14078115,b1f30fb84cdd1de8eeda6e51b57c0b048694ea14,2021-10-11T04:59:00.000Z,danabot,2,peakmonsters,1,2021-10-12T04:59:00.000Z,DEC,33.000,DEC,33.000,33.000,,,,C1-27-TCHKBYZM9C,27,false,750,1
9872363,bbc1e676ed7e09deadb4df7919a13830f1d70d69-14,lucky-cards,1,40.000,500,9872363,bb27244450376fec1a3106d69bab48adc7f6c0b9,2021-10-11T04:54:06.000Z,danabot,2,peakmonsters,1,2021-10-12T04:54:06.000Z,DEC,40.000,DEC,40.000,40.000,,,,G3-104-F58SXNZ374,104,true,800,3
12172262,711714e7bfdc2229eb2cb1ae9505565cd56084f6-0,clove71,1,30.000,500,12172262,b9b5218dad251fac68f64dcd1a7d13b9a633a912,2021-10-11T04:53:45.000Z,danabot,2,peakmonsters,1,2021-10-12T04:53:45.000Z,DEC,30.000,DEC,30.000,30.000,,,,G3-131-8N1P77PR40,131,true,800,3
13541713,6bff187bf0c90b9103196c03f1c1dc5bc4aa6b88-38,bozz,1,12.830,500,13541713,b9b5218dad251fac68f64dcd1a7d13b9a633a912,2021-10-11T04:53:45.000Z,danabot,2,peakmonsters,1,2021-10-12T04:53:45.000Z,DEC,12.830,DEC,12.830,12.830,,,,G3-97-CW7SEIFS80,97,true,600,3
11078883,c1696edeb11bc59a421f753e899c409cb1eb1146-98,nateaguila,1,24.840,500,11078883,b9b5218dad251fac68f64dcd1a7d13b9a633a912,2021-10-11T04:53:45.000Z,danabot,2,peakmonsters,1,2021-10-12T04:53:45.000Z,DEC,24.840,DEC,24.840,24.840,,,,G3-91-GFK7KFBPAO,91,true,400,3
12588361,09ef327cbd345eee9516f79bb6db73714c2ccdd0-0,muscara,1,30.335,500,12588361,b9b5218dad251fac68f64dcd1a7d13b9a633a912,2021-10-11T04:53:45.000Z,danabot,2,peakmonsters,1,2021-10-12T04:53:45.000Z,DEC,30.335,DEC,30.335,30.335,,,,G4-192-JCAUOO511C,192,true,5,4
15501503,7fb08bd3d7606578905889a2dc198400a7b5fc68-1,lucky-cards,1,24.000,500,15501503,b9b5218dad251fac68f64dcd1a7d13b9a633a912,2021-10-11T04:53:45.000Z,danabot,2,peakmonsters,1,2021-10-12T04:53:45.000Z,DEC,24.000,DEC,24.000,24.000,,,,G1-62-23J2F1UAZK,62,true,400,1
10109874,620938c971e4f713de893f4ee4c36362c9fa482a-7,monsterveritas,1,27.949,500,10109874,15feec5680936ba550f5e6d73e05ac062ea564da,2021-10-05T10:17:54.000Z,danabot,2,peakmonsters,1,2021-10-06T10:17:54.000Z,DEC,27.949,DEC,27.949,27.949,,,,G3-131-H6EDS54HO0,131,true,400,3
10496466,6a5513fd748bfd2670a40a7e386213e99c7076bc-3,aatrox,1,4.200,500,10496466,15feec5680936ba550f5e6d73e05ac062ea564da,2021-10-05T10:17:54.000Z,danabot,2,peakmonsters,1,2021-10-06T10:17:54.000Z,DEC,4.200,DEC,4.200,4.200,,,,G1-12-CBZSDVSAOG,12,true,200,1