﻿id,sell_trx_id,seller,num_cards,buy_price,fee_percent,market_item_id,rental_tx,rental_date,renter,status,market_account,rental_days,next_rental_payment,payment_currency,payment_amount,escrow_currency,escrow_amount,paid_amount,cancel_tx,cancel_player,cancel_date,card_id,card_detail_id,gold,xp,edition
9472014,55a5d4800f9947e213f04e99ffb3b28ef94bea13-43,smalp,1,22.202,500,9472014,7e99dbfeff97a72f60a8cc3a192b69a02757bb55,2021-10-30T07:47:33.000Z,koobface,2,splinterlands,1,2021-10-31T07:47:33.000Z,DEC,22.202,DEC,22.202,22.202,,,,C4-145-RAOG2CF474,145,false,60,4
9308994,ec54494c3359a97e1f2ada9ada2f5dfa829f8e00-51,smalp,1,37.517,500,9308994,7022f497c7e1575a3b0b872e24c46fd40bf4164d,2021-10-30T07:46:12.000Z,koobface,2,splinterlands,1,2021-10-31T07:46:12.000Z,DEC,37.517,DEC,37.517,37.517,,,,G1-5-5PL2SEQYSG,5,true,800,1
12531860,e83fb6768451472d0cb5b3a1028fffbb4fec1898-0,bitcoinportugal,1,11.800,500,12531860,cfec5cc5cc55fbed7004db04a815345bf475fe3e,2021-10-29T13:06:36.000Z,koobface,2,peakmonsters,1,2021-10-30T13:06:36.000Z,DEC,11.800,DEC,11.800,11.800,,,,G3-103-F6NWIP0234,103,true,200,3
17720482,bcacb0ffadf6fc4064899e90f6878cf61048e768-0,hapablap,1,4.000,500,17720482,5317f57b11b4c86cf40d52ce360e10952991f884,2021-10-29T13:06:30.000Z,koobface,2,peakmonsters,1,2021-10-30T13:06:30.000Z,DEC,4.000,DEC,4.000,4.000,,,,C3-131-4LTDFQL08W,131,false,0,3
10616593,e0f050624314214a7d25c0793561959632ee6f74-14,jeffjagoe,1,14.950,500,10616593,6f49832d67993ba597d4a7006aedcdb0b47b419d,2021-10-29T13:06:06.000Z,koobface,2,peakmonsters,1,2021-10-30T13:06:06.000Z,DEC,14.950,DEC,14.950,14.950,,,,C-KMVQSLLVDS,18,false,300,0
16248332,1d4a22aae17fb9a3b3d738cec7ee37f162c6e94b-13,doloknight,1,8.800,500,16248332,ad206c518aa7240f16d076bb9a5ebead37701365,2021-10-29T13:05:36.000Z,koobface,2,peakmonsters,1,2021-10-30T13:05:36.000Z,DEC,8.800,DEC,8.800,8.800,,,,C4-293-ASFEM2C0OW,293,false,1,4
11548100,43f06651e8729a636ea680b34a10d2843ea843b2-4,davemccoy,1,7.217,500,11548100,698a1a6ad8a4dcbc6902609802ca35db132e2698,2021-10-29T13:05:27.000Z,koobface,2,peakmonsters,1,2021-10-30T13:05:27.000Z,DEC,7.217,DEC,7.217,7.217,,,,G1-12-O69W2J4B74,12,true,200,1
15500989,992a6aef5e0054e5fe86baa398f127cd9fa13595-18,lucky-cards,1,14.300,500,15500989,698a1a6ad8a4dcbc6902609802ca35db132e2698,2021-10-29T13:05:27.000Z,koobface,2,peakmonsters,1,2021-10-30T13:05:27.000Z,DEC,14.300,DEC,14.300,14.300,,,,G1-14-VHG5NTMHJK,14,true,200,1
15766617,637e01e15be488071a981eba55090f06544d54f8-7,lucky-cards,1,40.000,500,15766617,698a1a6ad8a4dcbc6902609802ca35db132e2698,2021-10-29T13:05:27.000Z,koobface,2,peakmonsters,1,2021-10-30T13:05:27.000Z,DEC,40.000,DEC,40.000,40.000,,,,G4-178-V6I2F2DL74,178,true,1,4
15510615,c99c7e205de208fc14f50888ba1737610aa9a08b-0,small1axe,1,17.500,500,15510615,698a1a6ad8a4dcbc6902609802ca35db132e2698,2021-10-29T13:05:27.000Z,koobface,2,peakmonsters,1,2021-10-30T13:05:27.000Z,DEC,17.500,DEC,17.500,17.500,,,,G3-91-RKYXSV7K3K,91,true,200,3
10257514,658c1621fe4e79e0b775c5f33f86354e454bca20-0,okean123,1,7.250,500,10257514,b82c66bd282e7f46f8503fbac13aba84f121470a,2021-10-25T07:57:39.000Z,koobface,2,peakmonsters,1,2021-10-26T07:57:39.000Z,DEC,12.000,DEC,12.000,12.000,,,,C-1HX9GTFC9S,18,false,100,0
16248038,e1ebdb5c8049fbea7ccdfb3fd33901fe913e0b16-123,doloknight,1,8.800,500,16248038,6d68c56a00034bfd429b7745dff3f8c92be94680,2021-10-25T07:57:15.000Z,koobface,2,peakmonsters,1,2021-10-26T07:57:15.000Z,DEC,8.800,DEC,8.800,8.800,,,,C4-293-7JDGHUK57K,293,false,1,4
9945798,ede46b5b59cd38f857e4b4157f154b52d82974ad-0,gungunkrishu,1,15.000,500,9945798,032ea381458df7cda77ca1100fac53cd8b0abe95,2021-10-25T07:57:09.000Z,koobface,2,peakmonsters,1,2021-10-26T07:57:09.000Z,DEC,15.000,DEC,15.000,15.000,,,,G1-14-26UKZ0RSK0,14,true,200,1
9909446,a45801a5a13e0a2ca70f1842126ca3df1b37cef4-84,samsemilia7,1,14.950,500,9909446,032ea381458df7cda77ca1100fac53cd8b0abe95,2021-10-25T07:57:09.000Z,koobface,2,peakmonsters,1,2021-10-26T07:57:09.000Z,DEC,14.950,DEC,14.950,14.950,,,,G3-91-9ZZZAK7Q1S,91,true,200,3
17581684,a8f550f7d61fd06591319a569a07750304ae82c2-22,let-the-leo,1,5.445,500,17581684,032ea381458df7cda77ca1100fac53cd8b0abe95,2021-10-25T07:57:09.000Z,koobface,2,peakmonsters,1,2021-10-26T07:57:09.000Z,DEC,5.445,DEC,5.445,5.445,,,,G4-171-M40VD6DD3K,171,true,1,4
9495009,b17d12793e498c7a29ea97c09c4465c2011ceb54-54,smalp,1,33.124,500,9495009,032ea381458df7cda77ca1100fac53cd8b0abe95,2021-10-25T07:57:09.000Z,koobface,2,peakmonsters,1,2021-10-26T07:57:09.000Z,DEC,33.124,DEC,33.124,33.124,,,,G3-131-UKAVYUG9JK,131,true,400,3
11732894,6ce1c5bc4705ab9d36faedcc5465bb4ac77f71cb-0,coffeedrinker112,1,60.000,500,11732894,52462651473c8a2dedfc4dc601cccaaf215e24ff,2021-10-20T06:46:03.000Z,koobface,2,peakmonsters,1,2021-10-21T06:46:03.000Z,DEC,60.000,DEC,60.000,60.000,,,,G4-178-6F9C1913W0,178,true,1,4
9495004,b17d12793e498c7a29ea97c09c4465c2011ceb54-49,smalp,1,33.124,500,9495004,d29946c5735168a6d1dc7ce7b4259b276daffe24,2021-10-20T06:45:30.000Z,koobface,2,peakmonsters,1,2021-10-21T06:45:30.000Z,DEC,33.124,DEC,33.124,33.124,,,,G3-131-SIN1LEB6PS,131,true,400,3
16331242,df6fd776a3f2d3f098bb495f0a9266afcca83488-68,nifbarb,1,6.500,500,16331242,c126994e689e20821530170ef3926d744891e463,2021-10-20T06:45:12.000Z,koobface,2,peakmonsters,1,2021-10-21T06:45:12.000Z,DEC,8.850,DEC,8.850,8.850,,,,C4-293-NJEGKRNQ74,293,false,1,4
14873279,e6aaf02846ab0c3cf664ce73a9de0f2c3d41f4a0-1,mountainjewel,1,15.950,500,14873279,eff50837001fb11049f09a82e6eaccb9622364b7,2021-10-20T06:44:45.000Z,koobface,2,peakmonsters,1,2021-10-21T06:44:45.000Z,DEC,15.950,DEC,15.950,15.950,,,,G1-14-0NA11IKZQO,14,true,200,1
10460135,60fe18fc841073c957607fe7da9e62ddca2e7fcd-0,vaca2,1,24.000,500,10460135,5e10ac432c4a7e590a797540e6bb4097d3ea8f08,2021-10-20T06:42:54.000Z,koobface,2,peakmonsters,1,2021-10-21T06:42:54.000Z,DEC,24.000,DEC,24.000,24.000,,,,C0-18-1UCLIBW34G,18,false,300,0
10426911,6a55c4153f173bc398dd96f85fa1589f547d399f-0,cyguy,1,5.950,500,10426911,2f0c807f7ffa452d0df0f8ec81938e4eac8e7044,2021-10-20T06:42:36.000Z,koobface,2,peakmonsters,1,2021-10-21T06:42:36.000Z,DEC,5.950,DEC,5.950,5.950,,,,G1-12-8MSH9XPKVK,12,true,200,1
12476462,2d3c08a75962831866003246d126fffd972a6637-0,bitcoinportugal,1,11.740,500,12476462,2f0c807f7ffa452d0df0f8ec81938e4eac8e7044,2021-10-20T06:42:36.000Z,koobface,2,peakmonsters,1,2021-10-21T06:42:36.000Z,DEC,11.740,DEC,11.740,11.740,,,,G3-103-PMOD8T3OGW,103,true,200,3
11147315,c1e4b951ed40e0bfbbb671aac53e8e27d5c8ac58-4,aatrox,1,9.000,500,11147315,cde0cb1fe6c2dc1276131c38db6b18b5373b2531,2021-10-15T13:12:18.000Z,koobface,2,splinterlands,1,2021-10-16T13:12:18.000Z,DEC,9.000,DEC,9.000,9.000,,,,G1-65-EEX99UQ11C,65,true,400,1
15865296,2e4e52f9831effc23a8397f145c590bbf7df8ed7-3,fighter4-freedom,1,15.000,500,15865296,80345d6c07185a98ed65da18834ff1c0af2cc115,2021-10-15T13:10:21.000Z,koobface,2,splinterlands,1,2021-10-16T13:10:21.000Z,DEC,15.000,DEC,15.000,15.000,,,,G4-145-AAMBNA9GN4,145,true,1,4
16005421,58d7306dedacf7f44bdadff6838f2410816402e2-3,shaidon,1,48.950,500,16005421,d3257919fb3c254840c4309828aeb844fd551165,2021-10-13T10:35:39.000Z,koobface,2,peakmonsters,1,2021-10-14T10:35:39.000Z,DEC,48.950,DEC,48.950,48.950,,,,G3-131-ZBUN6BHWXC,131,true,400,3
10200914,b1712f7266912b1507d70b8ce7fb24b68213e431-0,cal1,1,12.000,500,10200914,dc7012ec771a461d7be24ec2dd088a7669ce78dc,2021-10-13T10:34:06.000Z,koobface,2,peakmonsters,1,2021-10-14T10:34:06.000Z,DEC,12.000,DEC,12.000,12.000,,,,G3-103-3UU1G66WHS,103,true,200,3
10317805,9899978aaf1b789cbedae88205ca336f2924ae98-108,rce,1,12.893,500,10317805,dc7012ec771a461d7be24ec2dd088a7669ce78dc,2021-10-13T10:34:06.000Z,koobface,2,peakmonsters,1,2021-10-14T10:34:06.000Z,DEC,17.394,DEC,17.394,17.394,,,,G1-14-QDRHKL4EM8,14,true,200,1
15509767,99c9b75e443cddece17ed67e1dba977eb20c89db-3,scooter77,1,7.900,500,15509767,dc7012ec771a461d7be24ec2dd088a7669ce78dc,2021-10-13T10:34:06.000Z,koobface,2,peakmonsters,1,2021-10-14T10:34:06.000Z,DEC,12.000,DEC,12.000,12.000,,,,G4-169-ZAW3AHWRY8,169,true,1,4
15866157,59c0877e444f56875f4c7258836ebe7c3353552e-24,fighter4-freedom,1,5.500,500,15866157,dc7012ec771a461d7be24ec2dd088a7669ce78dc,2021-10-13T10:34:06.000Z,koobface,2,peakmonsters,1,2021-10-14T10:34:06.000Z,DEC,5.500,DEC,5.500,5.500,,,,G4-171-PLNUHZU12O,171,true,1,4
12135763,17f2e936a82cb46a110898bd2d081d3a63696318-11,clove71,1,16.900,500,12135763,6b1f8695134d86bcc6c7dcf61c2228ce6211c56d,2021-10-08T00:14:12.000Z,koobface,2,peakmonsters,1,2021-10-09T00:14:12.000Z,DEC,16.900,DEC,16.900,16.900,,,,G1-14-IU3ZNQCCSW,14,true,200,1
15582863,143e79e2c6f78d2226daf9805aa3347ee0c45b29-9,fighter4-freedom,1,29.000,500,15582863,2eeb1845b94cf9a1be7faa8cd87585e1c6128511,2021-10-08T00:12:27.000Z,koobface,2,peakmonsters,1,2021-10-09T00:12:27.000Z,DEC,29.000,DEC,29.000,29.000,,,,G3-131-NBPZGZAY80,131,true,400,3
10512957,ec1d8d2de2ab72a622531dedf222c8c9a2938825-134,catto-bank,1,6.517,500,10512957,cbc8e59dd430fa9fa8d5dfc5467ae259bf188277,2021-10-08T00:11:45.000Z,koobface,2,peakmonsters,1,2021-10-09T00:11:45.000Z,DEC,9.800,DEC,9.800,9.800,,,,C4-293-GR9U05XES0,293,false,1,4
11073987,718104626b2410032d54c58c4831c165e0f9df5a-0,lucky-cards,1,4.700,500,11073987,cb46519cd6e858d5cf167ca4e816b78fbf0829c7,2021-10-08T00:11:39.000Z,koobface,2,peakmonsters,1,2021-10-09T00:11:39.000Z,DEC,4.700,DEC,4.700,4.700,,,,G1-12-2UV9OZ919C,12,true,200,1
14303776,74e6c4c550edbd049478353c99d9b7e04f808530-18,blackheart2,1,9.550,500,14303776,cb46519cd6e858d5cf167ca4e816b78fbf0829c7,2021-10-08T00:11:39.000Z,koobface,2,peakmonsters,1,2021-10-09T00:11:39.000Z,DEC,9.550,DEC,9.550,9.550,,,,G4-169-TE8QCSYG5C,169,true,1,4
10409251,33f3281dce5190cdef7c9f0d61716fb31fd7673b-0,foggybottom,1,10.000,500,10409251,cb46519cd6e858d5cf167ca4e816b78fbf0829c7,2021-10-08T00:11:39.000Z,koobface,2,peakmonsters,1,2021-10-09T00:11:39.000Z,DEC,10.000,DEC,10.000,10.000,,,,G3-103-E8XEDGXE5C,103,true,200,3