﻿id,sell_trx_id,seller,num_cards,buy_price,fee_percent,market_item_id,rental_tx,rental_date,renter,status,market_account,rental_days,next_rental_payment,payment_currency,payment_amount,escrow_currency,escrow_amount,paid_amount,cancel_tx,cancel_player,cancel_date,card_id,card_detail_id,gold,xp,edition
15524183,a8caa5c2eb5cd44ad88e00b2750d84b3c35e1f73-54,aatrox,1,44.800,500,15524183,5cd1a8f2e4774ab6b7a17762bab43a70eeeaf21f,2021-10-30T07:51:15.000Z,ghostrat,2,splinterlands,1,2021-10-31T07:51:15.000Z,DEC,44.800,DEC,44.800,44.800,,,,C3-232-GYD4PJHASG,232,false,400,3
17277712,baca14b946923e53ee8f4e3564dfec61d2f81857-73,renterlands,1,24.800,500,17277712,162d9479388e02205e304d196a3be6d9a20ec35d,2021-10-30T07:50:57.000Z,ghostrat,2,splinterlands,1,2021-10-31T07:50:57.000Z,DEC,24.800,DEC,24.800,24.800,,,,G3-206-OU5TPWNM28,206,true,400,3
11044777,c3ea17abfd94e0b58004c4273967da59a84be3c5-34,smalp,1,59.950,500,11044777,6ca4822af15da78c7051630d3d1d008e46e3b7c7,2021-10-30T07:50:12.000Z,ghostrat,2,splinterlands,1,2021-10-31T07:50:12.000Z,DEC,59.950,DEC,59.950,59.950,,,,G4-138-V1UVHGQRLC,138,true,14,4
9494987,b17d12793e498c7a29ea97c09c4465c2011ceb54-32,smalp,1,31.341,500,9494987,627bb1e67f9d04b2307f6a7734405cd4fcfdd615,2021-10-30T07:48:36.000Z,ghostrat,2,splinterlands,1,2021-10-31T07:48:36.000Z,DEC,31.341,DEC,31.341,31.341,,,,G3-131-ILYC99VE5S,131,true,400,3
15866195,355ef27045948e5d1762e1edd53fd3845eb1253e-5,fighter4-freedom,1,35.000,500,15866195,52492091be2d976ffb3fb6d794229d7d71941283,2021-10-28T06:45:33.000Z,ghostrat,2,peakmonsters,1,2021-10-29T06:45:33.000Z,DEC,35.000,DEC,35.000,35.000,,,,G4-178-S214173D74,178,true,1,4
10188511,974c1499b44efdcc4cdba4e3a1cc099c656a04b5-0,bitcoinportugal,1,13.850,500,10188511,48374649d65cd7dab3ac7620aa73159551b3a734,2021-10-28T06:45:27.000Z,ghostrat,2,peakmonsters,1,2021-10-29T06:45:27.000Z,DEC,13.850,DEC,13.850,13.850,,,,G3-103-SY001NBHOG,103,true,200,3
15582855,143e79e2c6f78d2226daf9805aa3347ee0c45b29-1,fighter4-freedom,1,29.000,500,15582855,48374649d65cd7dab3ac7620aa73159551b3a734,2021-10-28T06:45:27.000Z,ghostrat,2,peakmonsters,1,2021-10-29T06:45:27.000Z,DEC,29.000,DEC,29.000,29.000,,,,G3-131-GHLLP4H6M8,131,true,400,3
15909394,43d825243c8a4252eb9e45b83f2f717bbd0bfc2c-91,moriarty95,1,5.150,500,15909394,48374649d65cd7dab3ac7620aa73159551b3a734,2021-10-28T06:45:27.000Z,ghostrat,2,peakmonsters,1,2021-10-29T06:45:27.000Z,DEC,5.150,DEC,5.150,5.150,,,,G4-171-PHWUPNQGYO,171,true,1,4
15864598,d11a8fa5e25ecf24d3bc46b5cd7dccc5dfa80973-16,fighter4-freedom,1,20.000,500,15864598,48374649d65cd7dab3ac7620aa73159551b3a734,2021-10-28T06:45:27.000Z,ghostrat,2,peakmonsters,1,2021-10-29T06:45:27.000Z,DEC,20.000,DEC,20.000,20.000,,,,G3-91-RPVHZLDOSG,91,true,200,3
11204397,d594d3dd66e9494c1961b18322b10995c25202c6-46,smalp,1,23.588,500,11204397,48374649d65cd7dab3ac7620aa73159551b3a734,2021-10-28T06:45:27.000Z,ghostrat,2,peakmonsters,1,2021-10-29T06:45:27.000Z,DEC,23.588,DEC,23.588,23.588,,,,G-LD8MQNRM8G,12,true,1000,0
15500981,992a6aef5e0054e5fe86baa398f127cd9fa13595-10,lucky-cards,1,14.900,500,15500981,48374649d65cd7dab3ac7620aa73159551b3a734,2021-10-28T06:45:27.000Z,ghostrat,2,peakmonsters,1,2021-10-29T06:45:27.000Z,DEC,14.900,DEC,14.900,14.900,,,,G1-14-CC2LG01ZOW,14,true,200,1
16236152,95f1b4e667ceb84cf8e56f9adb8b08538378abc9-2,otage,1,6.550,500,16236152,288428ed88c6b75ccd5ee3a64106e6d8b39a38ff,2021-10-23T15:44:36.000Z,ghostrat,2,peakmonsters,1,2021-10-24T15:44:36.000Z,DEC,7.100,DEC,7.100,7.100,,,,C-20U6QTX4OG,18,false,100,0
17166132,f2420e9e7a0e9d1962fb8aea709b32437ebdf992-53,slbgf,1,15.000,500,17166132,33c862538cbca447822be0a2aad76c07d81df704,2021-10-23T15:44:03.000Z,ghostrat,2,peakmonsters,1,2021-10-24T15:44:03.000Z,DEC,15.000,DEC,15.000,15.000,,,,G1-14-VEM0PR4C0G,14,true,400,1
17271431,9d345efaa03e6052380d374f3042b364b1e8b8b9-0,digital-fortress,1,9.999,500,17271431,33c862538cbca447822be0a2aad76c07d81df704,2021-10-23T15:44:03.000Z,ghostrat,2,peakmonsters,1,2021-10-24T15:44:03.000Z,DEC,9.999,DEC,9.999,9.999,,,,G1-12-R8OSO0N8KG,12,true,200,1
15616409,a2b46ffab3ae3286dd1cd8c7ffbfa6d93d1e0de6-0,scooter77,1,45.000,500,15616409,33c862538cbca447822be0a2aad76c07d81df704,2021-10-23T15:44:03.000Z,ghostrat,2,peakmonsters,1,2021-10-24T15:44:03.000Z,DEC,45.000,DEC,45.000,45.000,,,,G4-178-X60CPVM7TS,178,true,1,4
12216226,ceed98f3bacf5e271b4c2eac668c94d275108b53-0,bitcoinportugal,1,12.440,500,12216226,33c862538cbca447822be0a2aad76c07d81df704,2021-10-23T15:44:03.000Z,ghostrat,2,peakmonsters,1,2021-10-24T15:44:03.000Z,DEC,12.440,DEC,12.440,12.440,,,,G3-103-YQ5RCYCDJ4,103,true,200,3
17162004,944a1ff205350c5051b202bab264093dfb769d54-0,channelmagnetic,1,8.000,500,17162004,33c862538cbca447822be0a2aad76c07d81df704,2021-10-23T15:44:03.000Z,ghostrat,2,peakmonsters,1,2021-10-24T15:44:03.000Z,DEC,8.000,DEC,8.000,8.000,,,,G4-169-W0KHZKKKCW,169,true,1,4
15864587,d11a8fa5e25ecf24d3bc46b5cd7dccc5dfa80973-5,fighter4-freedom,1,23.000,500,15864587,33c862538cbca447822be0a2aad76c07d81df704,2021-10-23T15:44:03.000Z,ghostrat,2,peakmonsters,1,2021-10-24T15:44:03.000Z,DEC,23.000,DEC,23.000,23.000,,,,G3-91-KXB35V6POG,91,true,200,3
17170514,2f781c3bb0971b51ff1e841c3407bb3087f2a4a4-102,slbrgf,1,30.000,500,17170514,33c862538cbca447822be0a2aad76c07d81df704,2021-10-23T15:44:03.000Z,ghostrat,2,peakmonsters,1,2021-10-24T15:44:03.000Z,DEC,30.000,DEC,30.000,30.000,,,,G3-131-ZGC20OLMBK,131,true,400,3
10124180,8fdec264891b94bb9f4d800a9bc9ea0dd978f071-5,fighter4-freedom,1,30.000,500,10124180,73f414acc214b9231dd0f8d5fcfef82f0a4e82a7,2021-10-18T04:09:00.000Z,ghostrat,2,peakmonsters,1,2021-10-19T04:09:00.000Z,DEC,30.000,DEC,30.000,30.000,,,,G3-131-JRAHNU07S0,131,true,400,3
12330431,2d7646fb4a203f55f3a62706a032f7ebf88a0792-2,davemccoy,1,4.200,500,12330431,19c524c6b5c85c2acd7840c9d4868e6301ec9a8d,2021-10-18T04:06:06.000Z,ghostrat,2,peakmonsters,1,2021-10-19T04:06:06.000Z,DEC,4.200,DEC,4.200,4.200,,,,G1-12-UAB5G7RJU8,12,true,200,1
11934094,dd60683be31c26f5bc966cdf83fcfef59a999d69-0,philippekiene,1,10.000,500,11934094,19c524c6b5c85c2acd7840c9d4868e6301ec9a8d,2021-10-18T04:06:06.000Z,ghostrat,2,peakmonsters,1,2021-10-19T04:06:06.000Z,DEC,10.000,DEC,10.000,10.000,,,,G3-103-H7KC5G4I9C,103,true,200,3
10307853,7fcce4e630b66ad0db15a6b3b482a64d48be7a49-43,lucky-cards,1,13.000,500,10307853,19c524c6b5c85c2acd7840c9d4868e6301ec9a8d,2021-10-18T04:06:06.000Z,ghostrat,2,peakmonsters,1,2021-10-19T04:06:06.000Z,DEC,13.000,DEC,13.000,13.000,,,,G3-91-384R7KTM74,91,true,200,3
11622875,e4d13a420560f196e94dc93eeb16427d5171c34c-41,smalp,1,0.100,500,11622875,d7c55514312a1eb4fa36569c52cdfd6f27324db2,2021-10-15T10:30:33.000Z,ghostrat,2,splinterlands,1,2021-10-16T10:30:33.000Z,DEC,0.100,DEC,0.100,0.100,,,,C4-159-2W8F5SYS9S,159,false,1,4
14753661,90d5c212afffcd8c6425d791e015c86274b9daa0-17,legendarycanary,1,0.100,500,14753661,26eff54784cd1f6decd10f2f1b5dbd7e00fe14c6,2021-10-15T10:30:18.000Z,ghostrat,2,splinterlands,1,2021-10-16T10:30:18.000Z,DEC,0.100,DEC,0.100,0.100,,,,C4-171-TDM96DBQPS,171,false,1,4
14753586,9092804ef7fa930135aaae818dade51e1d41b043-84,legendarycanary,1,0.100,500,14753586,14f02249f88eb9751bc0ec1309840db47cde7e6f,2021-10-15T10:30:09.000Z,ghostrat,2,splinterlands,1,2021-10-16T10:30:09.000Z,DEC,0.100,DEC,0.100,0.100,,,,C4-159-T4RUOVLVN4,159,false,1,4
12188335,fe4afeee98e9d7a99a1abe8a4a2d72dc82d85d5c-42,dreemsteem,1,2.936,500,12188335,f990dfb7ee15f92b704d2632c56d77dc11ca5e32,2021-10-13T10:31:03.000Z,ghostrat,2,peakmonsters,1,2021-10-14T10:31:03.000Z,DEC,2.936,DEC,2.936,2.936,,,,C-3IQGOK9L1S,18,false,0,0
15500989,992a6aef5e0054e5fe86baa398f127cd9fa13595-18,lucky-cards,1,14.300,500,15500989,39c89dad7aa4efb5df39beedcce077da37c97d20,2021-10-13T10:30:27.000Z,ghostrat,2,peakmonsters,1,2021-10-14T10:30:27.000Z,DEC,14.300,DEC,14.300,14.300,,,,G1-14-VHG5NTMHJK,14,true,200,1
15058621,9b53961a47b611c3d9b72d6ae4c83cc8995e469f-85,legendarycanary,1,14.900,500,15058621,39c89dad7aa4efb5df39beedcce077da37c97d20,2021-10-13T10:30:27.000Z,ghostrat,2,peakmonsters,1,2021-10-14T10:30:27.000Z,DEC,14.900,DEC,14.900,14.900,,,,G3-91-0D549J1QCG,91,true,200,3
15679375,bc271b627013de747bffaa671c06aefc2e43a138-15,deezrentals,1,43.900,500,15679375,39c89dad7aa4efb5df39beedcce077da37c97d20,2021-10-13T10:30:27.000Z,ghostrat,2,peakmonsters,1,2021-10-14T10:30:27.000Z,DEC,43.900,DEC,43.900,43.900,,,,G4-178-FLP3H3ZAIO,178,true,1,4
10517633,fad8e921b4c4b4723c2104d4a61e4bfec934f623-1,rareraptor,1,2.498,500,10517633,39c89dad7aa4efb5df39beedcce077da37c97d20,2021-10-13T10:30:27.000Z,ghostrat,2,peakmonsters,1,2021-10-14T10:30:27.000Z,DEC,2.498,DEC,2.498,2.498,,,,G4-169-PSILA19KKG,169,true,1,4
15866161,59c0877e444f56875f4c7258836ebe7c3353552e-28,fighter4-freedom,1,5.500,500,15866161,39c89dad7aa4efb5df39beedcce077da37c97d20,2021-10-13T10:30:27.000Z,ghostrat,2,peakmonsters,1,2021-10-14T10:30:27.000Z,DEC,5.500,DEC,5.500,5.500,,,,G4-171-RKCCQQY580,171,true,1,4
12101513,2227663d711b6e3a2cca227d262edec30742fe3b-0,viral-violet,1,12.000,500,12101513,39c89dad7aa4efb5df39beedcce077da37c97d20,2021-10-13T10:30:27.000Z,ghostrat,2,peakmonsters,1,2021-10-14T10:30:27.000Z,DEC,12.000,DEC,12.000,12.000,,,,G3-103-UR9OCP6NAO,103,true,200,3
15554484,d9ba79b5338b7e91c55bc9d8b57ae1a04c7782d9-0,mcdmanager,1,6.500,500,15554484,68441dc4307b648c4a779ced8d9c547e4e49bb07,2021-10-08T17:53:45.000Z,ghostrat,2,peakmonsters,1,2021-10-09T17:53:45.000Z,DEC,6.500,DEC,6.500,6.500,,,,C4-293-M0MGKB9FTC,293,false,1,4
10723441,b5c02f388dcbf250e0ca09377162cf6de90e5164-0,splintercards,1,30.000,500,10723441,56423892695953c12ecd010c54e37699f075e94c,2021-10-08T17:52:33.000Z,ghostrat,2,peakmonsters,1,2021-10-09T17:52:33.000Z,DEC,30.000,DEC,30.000,30.000,,,,G3-131-8DC0WRBGE8,131,true,400,3
11101550,071bf61ec780bc4308fdde6396db5b906b2225c7-3,lucky-cards,1,4.700,500,11101550,4bc1c09ccd5fa7e4df2acd48a9fc5aab7cdfa1c8,2021-10-08T17:52:27.000Z,ghostrat,2,peakmonsters,1,2021-10-09T17:52:27.000Z,DEC,4.700,DEC,4.700,4.700,,,,G1-12-SBVV3ACKSG,12,true,200,1
12480980,b2e4830f601ddf0949fb7dcb2685144a11ad1589-0,bitcoinportugal,1,11.690,500,12480980,3d506ee33f0567e80e8e6f80cb9e7d597df51718,2021-10-08T17:51:54.000Z,ghostrat,2,peakmonsters,1,2021-10-09T17:51:54.000Z,DEC,11.690,DEC,11.690,11.690,,,,G3-103-L6SFQ6BBM8,103,true,200,3
15556712,3f21b4c5cefdc54f690fd5c99e2ef5fcf2cc123a-132,masterthematrix,1,11.350,500,15556712,3d506ee33f0567e80e8e6f80cb9e7d597df51718,2021-10-08T17:51:54.000Z,ghostrat,2,peakmonsters,1,2021-10-09T17:51:54.000Z,DEC,11.350,DEC,11.350,11.350,,,,G4-178-TWIWNV8OWG,178,true,1,4
15417717,0d83d3aabcb95e7ae9c714e03e26425571d8a0ee-45,legendarycanary,1,2.950,500,15417717,3d506ee33f0567e80e8e6f80cb9e7d597df51718,2021-10-08T17:51:54.000Z,ghostrat,2,peakmonsters,1,2021-10-09T17:51:54.000Z,DEC,2.950,DEC,2.950,2.950,,,,G4-171-KKXADRXJAO,171,true,1,4
15556679,3f21b4c5cefdc54f690fd5c99e2ef5fcf2cc123a-99,masterthematrix,1,11.800,500,15556679,3d506ee33f0567e80e8e6f80cb9e7d597df51718,2021-10-08T17:51:54.000Z,ghostrat,2,peakmonsters,1,2021-10-09T17:51:54.000Z,DEC,11.800,DEC,11.800,11.800,,,,G3-91-04M4L40FSG,91,true,200,3