﻿id,sell_trx_id,seller,num_cards,buy_price,fee_percent,market_item_id,rental_tx,rental_date,renter,status,market_account,rental_days,next_rental_payment,payment_currency,payment_amount,escrow_currency,escrow_amount,paid_amount,cancel_tx,cancel_player,cancel_date,card_id,card_detail_id,gold,xp,edition
15449342,29223a38d15af676e16688631dadaaaf8a2c7dd8-38,lucky-cards,1,16.000,500,15449342,2862107c3d28352b7091c48dfcd2479eb14f1649,2021-10-30T04:37:27.000Z,nymaim,2,splinterlands,1,2021-10-31T04:37:27.000Z,DEC,16.000,DEC,16.000,16.000,,,,G-ZIFEEWY3E8,37,true,250,0
17166412,7a214453c131a3173393b34696cc7bbf331464b5-5,slbgf,1,74.700,500,17166412,57f459aecba99870d88e4a63a6b17bdbc6a3687d,2021-10-30T04:36:24.000Z,nymaim,2,splinterlands,1,2021-10-31T04:36:24.000Z,DEC,74.700,DEC,74.700,74.700,,,,G1-49-V2VXQZ7RM8,49,true,800,1
11558607,70a549707c56f85edd441c6d23dbd1d2cfd78869-0,digitspin,1,41.000,500,11558607,4691bde316c5529a32d67a5f878233a46d01534d,2021-10-29T23:50:27.000Z,nymaim,2,peakmonsters,1,2021-10-30T23:50:27.000Z,DEC,41.000,DEC,41.000,41.000,,,,G4-178-S5DG1ORYO0,178,true,1,4
9961568,44e6fc04a26447978871fa873b51a09319ac30c2-0,goodasgold,1,24.888,500,9961568,d8acabb725f216fcf265d1fc3771000b89038e03,2021-10-29T23:50:18.000Z,nymaim,2,peakmonsters,1,2021-10-30T23:50:18.000Z,DEC,24.888,DEC,24.888,24.888,,,,G3-131-667NY0SLVK,131,true,400,3
16244385,3a09dccac66f4979c52e16153734293a1ef315c3-7,doloknight,1,14.450,500,16244385,64d6c44a335bc50f91e4c86c434a721954f5ba0e,2021-10-29T23:50:12.000Z,nymaim,2,peakmonsters,1,2021-10-30T23:50:12.000Z,DEC,14.450,DEC,14.450,14.450,,,,G1-14-3XPDC70W7K,14,true,200,1
10183607,dd0a4b20c4b54ab316455677bc23c968e476543c-8,digital-fortress,1,9.944,500,10183607,12f34b9772834d2bbda5e6f09898136b1187461f,2021-10-29T23:50:03.000Z,nymaim,2,peakmonsters,1,2021-10-30T23:50:03.000Z,DEC,9.944,DEC,9.944,9.944,,,,G3-103-LAOE7AK7OW,103,true,200,3
15556683,3f21b4c5cefdc54f690fd5c99e2ef5fcf2cc123a-103,masterthematrix,1,11.800,500,15556683,cac431697078a7d108528de3633d8558ce2d969f,2021-10-29T23:50:00.000Z,nymaim,2,peakmonsters,1,2021-10-30T23:50:00.000Z,DEC,11.800,DEC,11.800,11.800,,,,G3-91-9P8WS7JU68,91,true,200,3
11584447,059a67f64fe6045821f5ef7fba51409d2813df54-0,bengiles,1,8.000,500,11584447,cac431697078a7d108528de3633d8558ce2d969f,2021-10-29T23:50:00.000Z,nymaim,2,peakmonsters,1,2021-10-30T23:50:00.000Z,DEC,8.000,DEC,8.000,8.000,,,,G4-169-FSF0MJCDVK,169,true,1,4
10879657,b73c93ae644419135f52128a3f7be6b5166acea8-57,carnelsard,1,0.100,500,10879657,fb4e569baba7d7a068d518947a50d04deeaefb35,2021-10-26T12:25:06.000Z,nymaim,2,peakmonsters,1,2021-10-27T12:25:06.000Z,DEC,0.100,DEC,0.100,0.100,,,,C4-171-FSWGIHSSZK,171,false,1,4
16248038,e1ebdb5c8049fbea7ccdfb3fd33901fe913e0b16-123,doloknight,1,8.800,500,16248038,2d0e9cdd770358479100b276ad67abb75c8f6d3f,2021-10-26T12:23:48.000Z,nymaim,2,peakmonsters,1,2021-10-27T12:23:48.000Z,DEC,8.800,DEC,8.800,8.800,,,,C4-293-7JDGHUK57K,293,false,1,4
10543287,e406fe544128b898dbeb0c1b356767f982decf8c-0,jzn,1,11.548,500,10543287,4f4c16df9b030bf3b973084a19bf22b81684f246,2021-10-26T12:23:42.000Z,nymaim,2,peakmonsters,1,2021-10-27T12:23:42.000Z,DEC,11.548,DEC,11.548,11.548,,,,G-S6DMZ7XRR4,12,true,250,0
15556592,3f21b4c5cefdc54f690fd5c99e2ef5fcf2cc123a-12,masterthematrix,1,11.750,500,15556592,4f4c16df9b030bf3b973084a19bf22b81684f246,2021-10-26T12:23:42.000Z,nymaim,2,peakmonsters,1,2021-10-27T12:23:42.000Z,DEC,11.750,DEC,11.750,11.750,,,,G3-103-54V8J0UYYO,103,true,200,3
15864597,d11a8fa5e25ecf24d3bc46b5cd7dccc5dfa80973-15,fighter4-freedom,1,18.000,500,15864597,4f4c16df9b030bf3b973084a19bf22b81684f246,2021-10-26T12:23:42.000Z,nymaim,2,peakmonsters,1,2021-10-27T12:23:42.000Z,DEC,18.000,DEC,18.000,18.000,,,,G3-91-RPLMWNQE2O,91,true,200,3
12361062,d7e8b8f4fae42519e1c991c01ee0838f37467a4b-1,scrotor,1,4.800,500,12361062,803d28ebdc69cd056d1a96ecaf0e3a629bff5bd0,2021-10-21T10:56:06.000Z,nymaim,2,peakmonsters,1,2021-10-22T10:56:06.000Z,DEC,5.590,DEC,5.590,5.590,,,,C3-131-R55G2U8OZK,131,false,0,3
15233039,dd7270d5048ac549bf5c9c5a4eebe62d254f3c2a-123,zakludick,1,7.300,500,15233039,31cbb87d39e220d588cd7c528bd6824d2a2ee5a0,2021-10-21T10:55:27.000Z,nymaim,2,peakmonsters,1,2021-10-22T10:55:27.000Z,DEC,9.950,DEC,9.950,9.950,,,,C-IPF1D332KG,18,false,100,0
12480980,b2e4830f601ddf0949fb7dcb2685144a11ad1589-0,bitcoinportugal,1,11.690,500,12480980,2bdd89436ab2e4e4f53f5cb1a6e6048f333541bd,2021-10-21T10:54:51.000Z,nymaim,2,peakmonsters,1,2021-10-22T10:54:51.000Z,DEC,11.690,DEC,11.690,11.690,,,,G3-103-L6SFQ6BBM8,103,true,200,3
16092578,f4c04d5ffe983c29c8233fe96178d21ed0d3560c-95,sroies,1,3.900,500,16092578,2bdd89436ab2e4e4f53f5cb1a6e6048f333541bd,2021-10-21T10:54:51.000Z,nymaim,2,peakmonsters,1,2021-10-22T10:54:51.000Z,DEC,3.900,DEC,3.900,3.900,,,,G4-171-LVWHXE4C9C,171,true,1,4
15899437,ba69e707be9d74a190de5a400e22f459bad85795-0,elrondaxie,1,19.500,500,15899437,e73da7f4b7d6d9f26bb8f582e0d49ced1c53d91d,2021-10-16T00:28:39.000Z,nymaim,2,peakmonsters,1,2021-10-17T00:28:39.000Z,DEC,19.500,DEC,19.500,19.500,,,,C0-14-28JY8N3U4G,14,false,60,0
10297522,ec39cf0ca8840e1fe78caae2576eda5e3c7b14ce-0,bang1,1,15.000,500,10297522,ec7beb15e311aa4222dabdc953304757d58f52b2,2021-10-16T00:28:27.000Z,nymaim,2,peakmonsters,1,2021-10-17T00:28:27.000Z,DEC,15.000,DEC,15.000,15.000,,,,C0-18-19H8FCCJE8,18,false,300,0
15340271,53e7400df18db90387a12aa31a4919fdd1c28674-0,wer-gewinnt,1,24.900,500,15340271,7aa3ea9c83cdcedc82b99080bbee1d6092b6fc8c,2021-10-16T00:27:54.000Z,nymaim,2,peakmonsters,1,2021-10-17T00:27:54.000Z,DEC,24.900,DEC,24.900,24.900,,,,G3-131-L7WV3E6B8G,131,true,400,3
11207737,d4d96809248aef8a5e1f3b2936c24d6677293f4c-103,smalp,1,14.950,500,11207737,ed2f4102c847f3be1c154d736d1560546fbd4718,2021-10-16T00:27:48.000Z,nymaim,2,peakmonsters,1,2021-10-17T00:27:48.000Z,DEC,19.950,DEC,19.950,19.950,,,,G3-91-6EAY0FU5A8,91,true,200,3
12072334,8f32d908cd4c20b899842e31c2b9fe56bed2d4b4-22,neddykelly,1,12.890,500,12072334,97a2731e1761caff9504d3ae590aed6679d17084,2021-10-16T00:27:33.000Z,nymaim,2,peakmonsters,1,2021-10-17T00:27:33.000Z,DEC,12.890,DEC,12.890,12.890,,,,G3-103-YT2G4JCULC,103,true,200,3
11531922,13eb125e1c73f926313c17cb83b800304b144ea5-3,monstergames,1,8.661,500,11531922,d3299fdbe3213fec257f668a0c0e33710b53a8e2,2021-10-16T00:27:18.000Z,nymaim,2,peakmonsters,1,2021-10-17T00:27:18.000Z,DEC,8.661,DEC,8.661,8.661,,,,G1-12-LDASPJ3DKG,12,true,200,1
16148660,dd600542721fd5131293f33cfbbf7ada2dc577f5-44,bigbluebananas,1,3.640,500,16148660,22975ca0749e07e1c071160a702d93d4312eee50,2021-10-16T00:26:54.000Z,nymaim,2,peakmonsters,1,2021-10-17T00:26:54.000Z,DEC,3.640,DEC,3.640,3.640,,,,G4-171-WXERSRVS2O,171,true,1,4
12207257,be3f5570f187d8b7d508140ba50a15319f2bba15-0,sikogenik,1,1.800,500,12207257,be23234c235e21cd55ee907e00f5b9f4aace2c43,2021-10-16T00:26:42.000Z,nymaim,2,peakmonsters,1,2021-10-17T00:26:42.000Z,DEC,1.800,DEC,1.800,1.800,,,,G4-169-6AV35UHBNK,169,true,2,4
9308066,2ee5fc7866f4e25fa14f4a942fbf82eaa15d5ac5-2,smalp,1,199.900,500,9308066,8f2a423e4a1f198652334d118b3c31d499fe0f4d,2021-10-14T20:15:51.000Z,nymaim,2,splinterlands,1,2021-10-15T20:15:51.000Z,DEC,199.900,DEC,199.900,199.900,,,,C1-109-82JOGOAIY8,109,false,7500,1
15790332,b9f1c03ffdcaeb8786683fecf34dde0ba0197ffc-20,wargames,1,7.750,500,15790332,cd5a1fa14ebf77365d10405c42f21ebef86e1fc5,2021-10-10T10:44:00.000Z,nymaim,2,peakmonsters,1,2021-10-11T10:44:00.000Z,DEC,7.750,DEC,7.750,7.750,,,,C4-293-LNISVEEPTS,293,false,1,4
11424562,d8c835974efee4a4fb88ad6fa8fd30af6e276ddf-0,d-pend,1,18.980,500,11424562,a8013346971f391b39735c3386dd379c75acbefb,2021-10-10T10:43:18.000Z,nymaim,2,peakmonsters,1,2021-10-11T10:43:18.000Z,DEC,18.980,DEC,18.980,18.980,,,,G1-14-VVO8JZ19AO,14,true,200,1
10109869,620938c971e4f713de893f4ee4c36362c9fa482a-2,monsterveritas,1,27.949,500,10109869,a721966284504b1c8dda1356560882bf7334ec89,2021-10-10T10:42:33.000Z,nymaim,2,peakmonsters,1,2021-10-11T10:42:33.000Z,DEC,27.949,DEC,27.949,27.949,,,,G3-131-A0LQQVOPBK,131,true,400,3
14862564,fc2820bc8a8d5bbe62196acc92365c81f316630c-87,dharanir,1,5.000,500,14862564,a721966284504b1c8dda1356560882bf7334ec89,2021-10-10T10:42:33.000Z,nymaim,2,peakmonsters,1,2021-10-11T10:42:33.000Z,DEC,5.000,DEC,5.000,5.000,,,,G4-169-8CDGXEAW1C,169,true,1,4
13332672,edba5c77e72e14b6d75195b4af0cccc70295351d-5,toocurious,1,9.950,500,13332672,a721966284504b1c8dda1356560882bf7334ec89,2021-10-10T10:42:33.000Z,nymaim,2,peakmonsters,1,2021-10-11T10:42:33.000Z,DEC,9.950,DEC,9.950,9.950,,,,G3-103-MK0TI312N4,103,true,200,3
11657768,268be6eaca4964ef7f3f1c3107291701300cc439-0,papamackyboii,1,6.000,500,11657768,a721966284504b1c8dda1356560882bf7334ec89,2021-10-10T10:42:33.000Z,nymaim,2,peakmonsters,1,2021-10-11T10:42:33.000Z,DEC,6.000,DEC,6.000,6.000,,,,G4-171-LVXTUZ18W0,171,true,1,4
11531919,13eb125e1c73f926313c17cb83b800304b144ea5-0,monstergames,1,8.661,500,11531919,a721966284504b1c8dda1356560882bf7334ec89,2021-10-10T10:42:33.000Z,nymaim,2,peakmonsters,1,2021-10-11T10:42:33.000Z,DEC,8.661,DEC,8.661,8.661,,,,G1-12-3UFS7T4ER4,12,true,200,1
14329999,a0412814849aff74bc086e65fe1b8ed3ce9abcce-126,vugtis,1,49.800,500,14329999,445ab26371bd76fc0a9fb60f1db6175945a0635e,2021-10-06T16:16:57.000Z,nymaim,2,peakmonsters,1,2021-10-07T16:16:57.000Z,DEC,49.800,DEC,49.800,49.800,,,,G4-178-7X2PKDBGOW,178,true,1,4
12136263,a27ae60be47b5fcbf3f43046c28457a0a1ccb367-89,clove71,1,30.509,500,12136263,d87647455ef2e4284c7aa0139d0f2e3611af6a0f,2021-10-06T16:16:36.000Z,nymaim,2,peakmonsters,1,2021-10-07T16:16:36.000Z,DEC,30.509,DEC,30.509,30.509,,,,G3-131-R3LO0D1H5C,131,true,400,3
11053975,d9170590bad26ee679ebc09e4f173d7350ea720a-6,lucky-cards,1,25.000,500,11053975,cfda616a91a3d2e804a81e0650f601bf803d3fef,2021-10-06T16:16:27.000Z,nymaim,2,peakmonsters,1,2021-10-07T16:16:27.000Z,DEC,25.000,DEC,25.000,25.000,,,,G1-18-XJ3ASMNQ0G,18,true,400,1
12238514,43a804113b904b2db7ee562ef19bd02801909ec6-0,bitcoinportugal,1,11.800,500,12238514,ee4b04c6859d03e8b2846679b3b1f9cd7204b5ad,2021-10-06T16:16:06.000Z,nymaim,2,peakmonsters,1,2021-10-07T16:16:06.000Z,DEC,11.800,DEC,11.800,11.800,,,,G3-103-RXXXG76KLC,103,true,200,3
10772391,4df86e5644579fe67a8566876a6b1b22eecf3335-9,inertia,1,2.850,500,10772391,ee4b04c6859d03e8b2846679b3b1f9cd7204b5ad,2021-10-06T16:16:06.000Z,nymaim,2,peakmonsters,1,2021-10-07T16:16:06.000Z,DEC,2.850,DEC,2.850,2.850,,,,G4-171-O0C0LVJHDS,171,true,1,4
11073991,718104626b2410032d54c58c4831c165e0f9df5a-4,lucky-cards,1,4.700,500,11073991,ee4b04c6859d03e8b2846679b3b1f9cd7204b5ad,2021-10-06T16:16:06.000Z,nymaim,2,peakmonsters,1,2021-10-07T16:16:06.000Z,DEC,4.700,DEC,4.700,4.700,,,,G1-12-AB2OWP3RZ4,12,true,200,1
10683464,79543a7ce64c5dacd23a89dbd53b607f5750ebf6-0,hatoto,1,1.313,500,10683464,ee4b04c6859d03e8b2846679b3b1f9cd7204b5ad,2021-10-06T16:16:06.000Z,nymaim,2,peakmonsters,1,2021-10-07T16:16:06.000Z,DEC,9.500,DEC,9.500,9.500,,,,G4-169-0FA7ADJA2O,169,true,1,4