﻿id,sell_trx_id,seller,num_cards,buy_price,fee_percent,market_item_id,rental_tx,rental_date,renter,status,market_account,rental_days,next_rental_payment,payment_currency,payment_amount,escrow_currency,escrow_amount,paid_amount,cancel_tx,cancel_player,cancel_date,card_id,card_detail_id,gold,xp,edition
9575495,e4ea0bb77f756f7ee288a7411b737e4c2052c886-57,smalp,1,81.305,500,9575495,c4f77d493d1338d871907e055152b0fd462c5ac8,2021-10-30T06:29:39.000Z,simda,2,splinterlands,1,2021-10-31T06:29:39.000Z,DEC,81.305,DEC,81.305,81.305,,,,C-DAUMDEQEIO,42,false,7750,0
17583189,4cff1af2c31660fdbc2541eeac59882c33cd8044-14,aatrox,1,16.902,500,17583189,4ef78a44704e3eb86b4b15089267912c358f9d5c,2021-10-30T06:27:57.000Z,simda,2,splinterlands,1,2021-10-31T06:27:57.000Z,DEC,16.902,DEC,16.902,16.902,,,,G0-12-9AL1JJ058W,12,true,250,0
15583610,e39d80bb25eab4e2b07804eae900285507da617d-1,lucky-cards,1,90.000,500,15583610,2bcf3372b972184e6729b22a506a13bc228e52c9,2021-10-30T06:27:45.000Z,simda,2,splinterlands,1,2021-10-31T06:27:45.000Z,DEC,90.000,DEC,90.000,90.000,,,,G3-242-5XPH8TFZOG,242,true,14,3
11048227,9dc7256f283cf698def149eaf28e8a4e5ee22464-3,ojamajo,1,10.000,500,11048227,de26d2c3fecd9e4177afb9d61a431f3136ae6f74,2021-10-29T04:01:48.000Z,simda,2,peakmonsters,1,2021-10-30T04:01:48.000Z,DEC,10.000,DEC,10.000,10.000,,,,C-T753AXE7N4,18,false,100,0
11283775,aeb5ba0aab82c758f0f8a2a49decabbdc8c12e79-3,grindelek,1,4.140,500,11283775,fc10e8aa79d7d5a0a12fbf57d92caec921b26452,2021-10-29T04:01:33.000Z,simda,2,peakmonsters,1,2021-10-30T04:01:33.000Z,DEC,4.140,DEC,4.140,4.140,,,,C3-131-DFIV300H74,131,false,0,3
17312579,291b4554c0ef3089ef8a06017749324e2784a1b2-10,enminers-vault,1,7.350,500,17312579,41bd0adea823b50f2c5553267cce0dbe38ebcf93,2021-10-29T04:01:27.000Z,simda,2,peakmonsters,1,2021-10-30T04:01:27.000Z,DEC,7.350,DEC,7.350,7.350,,,,C4-293-7EPK9CF31C,293,false,1,4
17554814,548b7605f9878a1961c17dc408cb985a90c74269-4,olleo,1,11.600,500,17554814,919d6b704bfd505cfa80af5623211922fecccece,2021-10-29T04:01:21.000Z,simda,2,peakmonsters,1,2021-10-30T04:01:21.000Z,DEC,11.600,DEC,11.600,11.600,,,,G3-103-D1YSHDN4PC,103,true,200,3
17381897,5b8758b55cb4a9491df51c7efdff6b6697d2d803-15,renterlands,1,13.657,500,17381897,919d6b704bfd505cfa80af5623211922fecccece,2021-10-29T04:01:21.000Z,simda,2,peakmonsters,1,2021-10-30T04:01:21.000Z,DEC,13.657,DEC,13.657,13.657,,,,G1-14-17GMDVAZTS,14,true,200,1
17321697,a9dbf0e902da46a627cd904932091e8db890b57f-8,didyourmom,1,1.999,500,17321697,919d6b704bfd505cfa80af5623211922fecccece,2021-10-29T04:01:21.000Z,simda,2,peakmonsters,1,2021-10-30T04:01:21.000Z,DEC,4.994,DEC,4.994,4.994,,,,G4-171-WLIBIJEWB4,171,true,1,4
15866084,7c9f9025de291db24b404ba55eb6bfe85703094d-6,fighter4-freedom,1,8.000,500,15866084,919d6b704bfd505cfa80af5623211922fecccece,2021-10-29T04:01:21.000Z,simda,2,peakmonsters,1,2021-10-30T04:01:21.000Z,DEC,8.000,DEC,8.000,8.000,,,,G4-169-CDER90RBRK,169,true,1,4
16117415,ebd21e24c874f4a915c3767dbc3185d721e5fb81-49,azircon,1,49.450,500,16117415,919d6b704bfd505cfa80af5623211922fecccece,2021-10-29T04:01:21.000Z,simda,2,peakmonsters,1,2021-10-30T04:01:21.000Z,DEC,49.450,DEC,49.450,49.450,,,,G4-178-YOJ8BM92Z4,178,true,1,4
17252794,a0f4efaaeef5e01c31681d08da6941ff80e7bed8-23,grosh,1,14.950,500,17252794,d7cbd637083369029818a3b31b99be05c5e7503c,2021-10-23T23:07:03.000Z,simda,2,peakmonsters,1,2021-10-24T23:07:03.000Z,DEC,14.950,DEC,14.950,14.950,,,,C-RAU5IW86XC,18,false,300,0
17312572,291b4554c0ef3089ef8a06017749324e2784a1b2-3,enminers-vault,1,7.350,500,17312572,20cfb24ed6ebfee3df73b89c24091cba86f082bb,2021-10-23T23:06:48.000Z,simda,2,peakmonsters,1,2021-10-24T23:06:48.000Z,DEC,7.350,DEC,7.350,7.350,,,,C4-293-AWLF0R3GO0,293,false,1,4
15909407,43d825243c8a4252eb9e45b83f2f717bbd0bfc2c-104,moriarty95,1,5.150,500,15909407,b1e3857c738df5eb21405ffb562bf1f9f5197af5,2021-10-23T23:06:39.000Z,simda,2,peakmonsters,1,2021-10-24T23:06:39.000Z,DEC,5.150,DEC,5.150,5.150,,,,G4-171-UFM367UHG0,171,true,1,4
12011072,6d4781eb9ea6f6c6e65abd1d9de08a44f11d44f9-0,felander,1,13.677,500,12011072,b1e3857c738df5eb21405ffb562bf1f9f5197af5,2021-10-23T23:06:39.000Z,simda,2,peakmonsters,1,2021-10-24T23:06:39.000Z,DEC,13.677,DEC,13.677,13.677,,,,G1-14-RZX89IK9E8,14,true,200,1
15567234,97f7465b76d8c7118a04f5db66f3b6c808776e85-44,masterthematrix,1,9.694,500,15567234,b1e3857c738df5eb21405ffb562bf1f9f5197af5,2021-10-23T23:06:39.000Z,simda,2,peakmonsters,1,2021-10-24T23:06:39.000Z,DEC,9.694,DEC,9.694,9.694,,,,G3-103-AQSL68M840,103,true,200,3
10030953,f9e7187a00438d0052ee6be2c8844db1bb1fbfe6-0,cyguy,1,49.900,500,10030953,eb186b65bf681ffe473b7f99e14a9e87dba2fd39,2021-10-17T22:19:15.000Z,simda,2,peakmonsters,1,2021-10-18T22:19:15.000Z,DEC,49.900,DEC,49.900,49.900,,,,G4-293-LHM11K3E8G,293,true,1,4
15717305,cea05185733dfa982cff5a04b3f0f38507eae431-108,faceb,1,14.950,500,15717305,eb186b65bf681ffe473b7f99e14a9e87dba2fd39,2021-10-17T22:19:15.000Z,simda,2,peakmonsters,1,2021-10-18T22:19:15.000Z,DEC,14.950,DEC,14.950,14.950,,,,G3-91-X5CW8YHQKW,91,true,200,3
16637143,143a304486775710ebec69d17f284011fbcd90b4-0,crypto-fin,1,8.000,500,16637143,eb186b65bf681ffe473b7f99e14a9e87dba2fd39,2021-10-17T22:19:15.000Z,simda,2,peakmonsters,1,2021-10-18T22:19:15.000Z,DEC,8.000,DEC,8.000,8.000,,,,G4-169-8WJB7ZDIJK,169,true,1,4
16203530,884c8001c544bcae75ec4781d0d62014094ad8aa-16,niallon11,1,4.140,500,16203530,eb186b65bf681ffe473b7f99e14a9e87dba2fd39,2021-10-17T22:19:15.000Z,simda,2,peakmonsters,1,2021-10-18T22:19:15.000Z,DEC,4.140,DEC,4.140,4.140,,,,G1-12-ZJ8JSVMDHC,12,true,200,1
10015244,ea3e9f6cb0e7e90526e6e6db1c9adc4eb30ea09a-14,goldninja,1,13.707,500,10015244,eb186b65bf681ffe473b7f99e14a9e87dba2fd39,2021-10-17T22:19:15.000Z,simda,2,peakmonsters,1,2021-10-18T22:19:15.000Z,DEC,13.707,DEC,13.707,13.707,,,,G1-14-LADCJM5U40,14,true,200,1
16255095,43b89bfff5386ee19f9779de66b0346945bdaf70-3,lucky-cards,1,35.000,500,16255095,eb186b65bf681ffe473b7f99e14a9e87dba2fd39,2021-10-17T22:19:15.000Z,simda,2,peakmonsters,1,2021-10-18T22:19:15.000Z,DEC,35.000,DEC,35.000,35.000,,,,G1-18-SY8REZ93SG,18,true,400,1
14973819,4af6ca9f49a804c971434f1d373eba8f20227036-10,nai.collection,1,9.794,500,14973819,eb186b65bf681ffe473b7f99e14a9e87dba2fd39,2021-10-17T22:19:15.000Z,simda,2,peakmonsters,1,2021-10-18T22:19:15.000Z,DEC,9.794,DEC,9.794,9.794,,,,G3-103-SS9TM7T7TC,103,true,200,3
11204262,1f1328e5047149affa123f1fa114f090a924336b-17,smalp,1,57.412,500,11204262,7986a6759ad7b49b9801bfdab0986e5faa843843,2021-10-15T11:47:45.000Z,simda,2,splinterlands,1,2021-10-16T11:47:45.000Z,DEC,57.412,DEC,57.412,57.412,,,,C-340W4NKGPC,44,false,7000,0
14807181,2794b42d019e488f1a2e6168c7152ce12eb0ae10-0,diffraction,1,3.950,500,14807181,91f307346a18f8ee70c278f5011449f9137c5bff,2021-10-12T11:48:00.000Z,simda,2,peakmonsters,1,2021-10-13T11:48:00.000Z,DEC,5.700,DEC,5.700,5.700,,,,C3-131-BVEN2P0EVK,131,false,0,3
11260110,b4387c8d8f59726df186888fa2a34b828c31e13f-6,d-pend,1,19.890,500,11260110,adc8bf697d7cb6ff5293f98c86395e8798517004,2021-10-12T11:46:27.000Z,simda,2,peakmonsters,1,2021-10-13T11:46:27.000Z,DEC,19.890,DEC,19.890,19.890,,,,G1-14-SVUIXD6JM8,14,true,200,1
15866091,7c9f9025de291db24b404ba55eb6bfe85703094d-13,fighter4-freedom,1,8.000,500,15866091,adc8bf697d7cb6ff5293f98c86395e8798517004,2021-10-12T11:46:27.000Z,simda,2,peakmonsters,1,2021-10-13T11:46:27.000Z,DEC,8.000,DEC,8.000,8.000,,,,G4-169-FZ595FTS8G,169,true,1,4
11732894,6ce1c5bc4705ab9d36faedcc5465bb4ac77f71cb-0,coffeedrinker112,1,60.000,500,11732894,adc8bf697d7cb6ff5293f98c86395e8798517004,2021-10-12T11:46:27.000Z,simda,2,peakmonsters,1,2021-10-13T11:46:27.000Z,DEC,60.000,DEC,60.000,60.000,,,,G4-178-6F9C1913W0,178,true,1,4
15909377,43d825243c8a4252eb9e45b83f2f717bbd0bfc2c-74,moriarty95,1,5.150,500,15909377,adc8bf697d7cb6ff5293f98c86395e8798517004,2021-10-12T11:46:27.000Z,simda,2,peakmonsters,1,2021-10-13T11:46:27.000Z,DEC,5.150,DEC,5.150,5.150,,,,G4-171-1YQCAIDZQ8,171,true,1,4
10154077,77272c96270b770ce5199541e2188c1f8340fa96-10,monsterveritas,1,29.824,500,10154077,ba8afb9c33bdf7a64fd4eab742e84e0de8dc554e,2021-10-06T10:57:09.000Z,simda,2,peakmonsters,1,2021-10-07T10:57:09.000Z,DEC,29.824,DEC,29.824,29.824,,,,G3-131-N54R8KQGEO,131,true,400,3
12476462,2d3c08a75962831866003246d126fffd972a6637-0,bitcoinportugal,1,11.740,500,12476462,be6233400588da28ca0c084609e7c6af6fa1f98a,2021-10-06T10:56:48.000Z,simda,2,peakmonsters,1,2021-10-07T10:56:48.000Z,DEC,11.740,DEC,11.740,11.740,,,,G3-103-PMOD8T3OGW,103,true,200,3
10949406,b0e2f49e7d8bdf769dce5e4f1e8faba79623b8cc-0,cyguy,1,14.950,500,10949406,c670e24a0fd47a16a092a88e69e16ac3a253d4a5,2021-10-06T10:56:42.000Z,simda,2,peakmonsters,1,2021-10-07T10:56:42.000Z,DEC,14.950,DEC,14.950,14.950,,,,G3-91-0W427JLC4G,91,true,200,3
11584447,059a67f64fe6045821f5ef7fba51409d2813df54-0,bengiles,1,8.000,500,11584447,327321ed99a5f93fbd2e268019a19f33dada078e,2021-10-06T10:56:12.000Z,simda,2,peakmonsters,1,2021-10-07T10:56:12.000Z,DEC,8.000,DEC,8.000,8.000,,,,G4-169-FSF0MJCDVK,169,true,1,4
10426937,d6a69f1baf0469cabf439a3dfad073c02d17274f-0,cyguy,1,29.850,500,10426937,327321ed99a5f93fbd2e268019a19f33dada078e,2021-10-06T10:56:12.000Z,simda,2,peakmonsters,1,2021-10-07T10:56:12.000Z,DEC,29.850,DEC,29.850,29.850,,,,G1-18-QNQ320FXTS,18,true,400,1
9363368,d2c0ec2c31680e96c2fa43afef1eafbfb5002ff6-26,djsona,1,1.944,500,9363368,327321ed99a5f93fbd2e268019a19f33dada078e,2021-10-06T10:56:12.000Z,simda,2,peakmonsters,1,2021-10-07T10:56:12.000Z,DEC,1.944,DEC,1.944,1.944,,,,G1-12-PBOA63J40G,12,true,200,1