﻿id,sell_trx_id,seller,num_cards,buy_price,fee_percent,market_item_id,rental_tx,rental_date,renter,status,market_account,rental_days,next_rental_payment,payment_currency,payment_amount,escrow_currency,escrow_amount,paid_amount,cancel_tx,cancel_player,cancel_date,card_id,card_detail_id,gold,xp,edition
9460895,e61cd667379e948192037866bebb76b8954b6a71-7,smalp,1,69.545,500,9460895,931f3a5ed50daf951c98aff72d059c29e1d8633b,2021-10-30T04:50:42.000Z,xmrig,2,splinterlands,1,2021-10-31T04:50:42.000Z,DEC,69.545,DEC,69.545,69.545,,,,C4-199-1YXXHB6V5S,199,false,6,4
15894325,b05d43c29a346ecad2fbe0a6281fe48c68d1523e-68,aatrox,1,29.950,500,15894325,2aaa23a80fd9ed698d9f802817df5cbac8779b4f,2021-10-30T04:49:39.000Z,xmrig,2,splinterlands,1,2021-10-31T04:49:39.000Z,DEC,29.950,DEC,29.950,29.950,,,,G3-215-RR85NIUF68,215,true,400,3
9472367,fcf5e7ffae27f8a5603dc247a89e8e37729f5001-124,smalp,1,62.323,500,9472367,1be04f56bbadd4c65f7488a8eadf1e33d73ca4d7,2021-10-30T04:46:30.000Z,xmrig,2,splinterlands,1,2021-10-31T04:46:30.000Z,DEC,62.323,DEC,62.323,62.323,,,,C4-198-0J4V7UGMMO,198,false,46,4
16926878,cee169c39e137a9a8336598d31adf63854047b03-0,bitcoinportugal,1,4.890,500,16926878,638b73dd998b2d9a7477993fd993dc1c2c82b966,2021-10-27T14:23:21.000Z,xmrig,2,peakmonsters,1,2021-10-28T14:23:21.000Z,DEC,4.890,DEC,4.890,4.890,,,,G4-171-4LFKOIRGTC,171,true,1,4
16236152,95f1b4e667ceb84cf8e56f9adb8b08538378abc9-2,otage,1,6.550,500,16236152,bcf3f7d990a7480db2499a82b07ef0c9e11873f5,2021-10-27T14:22:54.000Z,xmrig,2,peakmonsters,1,2021-10-28T14:22:54.000Z,DEC,7.100,DEC,7.100,7.100,,,,C-20U6QTX4OG,18,false,100,0
10131939,af16ca0c2e0b074402ba89daa685b4ffe84fb1b7-0,allani545,1,8.750,500,10131939,596fbb62f87f6e2f9d6405bef7ac4cc05b2f5478,2021-10-27T14:22:24.000Z,xmrig,2,peakmonsters,1,2021-10-28T14:22:24.000Z,DEC,8.750,DEC,8.750,8.750,,,,C4-293-DHI60AV2VK,293,false,1,4
17149999,47a8a197852f16303b0ab22277de0f61b65a4f41-1,exator,1,4.990,500,17149999,0367487faaff1e8d4c65a50d7d681538ba88536b,2021-10-27T14:22:15.000Z,xmrig,2,peakmonsters,1,2021-10-28T14:22:15.000Z,DEC,5.099,DEC,5.099,5.099,,,,C3-131-52ZTXRKCO0,131,false,0,3
13215614,deaadb74c93f2152784e6705d770873a816d1357-0,monstergames,1,15.704,500,13215614,5bf7726a36657473d92bd655b24ae45085949f0d,2021-10-27T14:22:03.000Z,xmrig,2,peakmonsters,1,2021-10-28T14:22:03.000Z,DEC,15.704,DEC,15.704,15.704,,,,G1-14-8POV2NME8W,14,true,200,1
9880715,59239f0be12e0c211ac1371105d8a7cfde7de27c-1,foggybottom,1,7.145,500,9880715,5bf7726a36657473d92bd655b24ae45085949f0d,2021-10-27T14:22:03.000Z,xmrig,2,peakmonsters,1,2021-10-28T14:22:03.000Z,DEC,7.145,DEC,7.145,7.145,,,,G3-91-4NHOANBXPC,91,true,200,3
11180182,bc4866a401bd89a6b3a59927c096d5972c0a4b69-0,profkaos,1,15.000,500,11180182,5bf7726a36657473d92bd655b24ae45085949f0d,2021-10-27T14:22:03.000Z,xmrig,2,peakmonsters,1,2021-10-28T14:22:03.000Z,DEC,15.000,DEC,15.000,15.000,,,,G1-12-M50OT5YM1S,12,true,400,1
12501484,2898a1053d205a0cdf14ae584a10342df7cbd6a6-0,bitcoinportugal,1,11.840,500,12501484,5bf7726a36657473d92bd655b24ae45085949f0d,2021-10-27T14:22:03.000Z,xmrig,2,peakmonsters,1,2021-10-28T14:22:03.000Z,DEC,11.840,DEC,11.840,11.840,,,,G3-103-IHS7SIEU4G,103,true,200,3
15092600,d95b9df5688428cb68f3efeba1e8baba2dcff1c3-79,andywong31,1,37.183,500,15092600,cacdfdd58f27b9673e334bcf72f8bfa9baade4e3,2021-10-22T12:46:57.000Z,xmrig,2,peakmonsters,1,2021-10-23T12:46:57.000Z,DEC,37.183,DEC,37.183,37.183,,,,C3-108-4T7G7GGKM8,108,false,1500,3
13946782,4b5d19aa9288f5675c6983632ef9fce57d66e54e-2,deezrentals,1,49.900,500,13946782,7f332df5968e4dab2cd7a9d2090a943fa013df11,2021-10-22T12:45:18.000Z,xmrig,2,peakmonsters,1,2021-10-23T12:45:18.000Z,DEC,59.950,DEC,59.950,59.950,,,,C5-258-HRHPUEAA8G,258,false,25,5
16917460,f009b4497e9f361b26954d01f9c3964be3a7b2ca-9,seeyouinlumb,1,41.187,500,16917460,eecee8eb42482ba535d9587399956de1cb086792,2021-10-22T12:43:12.000Z,xmrig,2,peakmonsters,1,2021-10-23T12:43:12.000Z,DEC,41.187,DEC,41.187,41.187,,,,G3-131-Z4KQV6I3N4,131,true,400,3
17141749,463af7fbad18d5f98485929887d6f556ad378dd4-5,rtron86,1,19.104,500,17141749,a924054b3c2c155a28ff71e612ecec7cb6dd5706,2021-10-22T12:43:00.000Z,xmrig,2,peakmonsters,1,2021-10-23T12:43:00.000Z,DEC,19.394,DEC,19.394,19.394,,,,G3-91-X7FUS46TFK,91,true,400,3
10649643,8420ab09957618d2f16e632486e6b365b6d5dfd5-0,knightav,1,14.454,500,10649643,a2d5e707536bf5e3b83afac5b81d79e51cd636fe,2021-10-22T12:41:18.000Z,xmrig,2,peakmonsters,1,2021-10-23T12:41:18.000Z,DEC,14.454,DEC,14.454,14.454,,,,C1-42-97H18BX9QO,42,false,1050,1
13875008,fa334f1dde0f349f1664a17f0099cbe3ae8e5acb-39,max.alpha.set,1,29.950,500,13875008,94f219ae4ca496bde977f3b95c9ed01a8f4bebd3,2021-10-22T12:40:30.000Z,xmrig,2,peakmonsters,1,2021-10-23T12:40:30.000Z,DEC,29.950,DEC,29.950,29.950,,,,C-PEQ6IG6HVK,39,false,8500,0
10907527,23520a0d0c067a8cdeeda33cee24f0e5f74bc9ca-0,grosh,1,49.500,500,10907527,20cd7200b0d6dded50c9204a40c2fc307bb2f4aa,2021-10-22T12:40:09.000Z,xmrig,2,peakmonsters,1,2021-10-23T12:40:09.000Z,DEC,49.500,DEC,49.500,49.500,,,,C1-38-1DMEVVQXWW,38,false,750,1
16153066,6e0b1169bf15a28ad1379cd2aa1ca05a3d523ee7-0,victor-alexander,1,23.800,500,16153066,bc53496e71dd3b52960cc1c985030dea6bcd451c,2021-10-22T12:38:18.000Z,xmrig,2,peakmonsters,1,2021-10-23T12:38:18.000Z,DEC,23.800,DEC,23.800,23.800,,,,G1-63-82B8AEOXAO,63,true,400,1
16415056,1ff2b5df9893676eb4695fe991928333bf1ecf83-16,haedan,1,19.900,500,16415056,5b47dd2d5d79f1d888fdd27896dbed07f0bbd564,2021-10-22T12:36:30.000Z,xmrig,2,peakmonsters,1,2021-10-23T12:36:30.000Z,DEC,29.950,DEC,29.950,29.950,,,,C4-158-AOMQGFA4LS,158,false,62,4
12135857,17f2e936a82cb46a110898bd2d081d3a63696318-105,clove71,1,24.900,500,12135857,02447ce8ec57fa6db89a87c118dc57808e596d04,2021-10-22T12:34:57.000Z,xmrig,2,peakmonsters,1,2021-10-23T12:34:57.000Z,DEC,24.900,DEC,24.900,24.900,,,,G1-4-3VPL99PMSG,4,true,400,1
16914876,327f09be97250b7dcbdd6d262433f99381dc7293-23,legendarycanary,1,23.900,500,16914876,53b38153fd3ebe3726354557452507f2e2a0d49c,2021-10-22T12:34:18.000Z,xmrig,2,peakmonsters,1,2021-10-23T12:34:18.000Z,DEC,23.900,DEC,23.900,23.900,,,,G3-227-MK450OVZDC,227,true,5,3
17165941,faf05067cea933b1caea4bf333a35feb4e4345bb-3,slbgf,1,15.000,500,17165941,a31896c6554be9474c763abd23b620132317a7a8,2021-10-22T12:33:51.000Z,xmrig,2,peakmonsters,1,2021-10-23T12:33:51.000Z,DEC,15.000,DEC,15.000,15.000,,,,G1-2-BWMY4PX1V4,2,true,400,1
14899391,9f6e0aae034f01c77c44bf38ae24db89ce7ee09c-1,jarvie,1,54.950,500,14899391,c29b1bd1fb30966d0079ea8d20b38dab060a1649,2021-10-22T12:32:15.000Z,xmrig,2,peakmonsters,1,2021-10-23T12:32:15.000Z,DEC,54.950,DEC,54.950,54.950,,,,C-0JGWQGEKO0,5,false,700,0
11369221,d88e93d6017f1216e7c3e99ecc56e88c73f725f4-9,dirty-absol,1,22.783,500,11369221,cb863092693a7a5bbe18953df516be2717081106,2021-10-16T16:08:51.000Z,xmrig,2,peakmonsters,1,2021-10-17T16:08:51.000Z,DEC,22.783,DEC,22.783,22.783,,,,G3-131-NS90MBE6ZK,131,true,400,3
9424512,c601efa5f469ca6f3a15b2673ecc27cf10167c7a-3,goldninja,1,3.865,500,9424512,3c6b6ee09c82e77be3e098901579d3ef30fac14e,2021-10-16T16:03:48.000Z,xmrig,2,peakmonsters,1,2021-10-17T16:03:48.000Z,DEC,3.865,DEC,3.865,3.865,,,,G1-12-EM816D82E8,12,true,200,1
10501477,01248e06415e257c345863196a6577b024a19445-0,jzn,1,9.700,500,10501477,c8577d8dadbdf838f1197926e8893d756979b6ec,2021-10-16T16:03:12.000Z,xmrig,2,peakmonsters,1,2021-10-17T16:03:12.000Z,DEC,9.700,DEC,9.700,9.700,,,,G3-103-717LDBYCE8,103,true,200,3
9309102,41184f79ef454fd3edea428e3be15320f9cb630c-50,smalp,1,24.386,500,9309102,c8577d8dadbdf838f1197926e8893d756979b6ec,2021-10-16T16:03:12.000Z,xmrig,2,peakmonsters,1,2021-10-17T16:03:12.000Z,DEC,24.386,DEC,24.386,24.386,,,,G1-18-36SUAK1WVK,18,true,800,1
10015240,ea3e9f6cb0e7e90526e6e6db1c9adc4eb30ea09a-10,goldninja,1,10.000,500,10015240,c8577d8dadbdf838f1197926e8893d756979b6ec,2021-10-16T16:03:12.000Z,xmrig,2,peakmonsters,1,2021-10-17T16:03:12.000Z,DEC,10.000,DEC,10.000,10.000,,,,G1-14-65C8NRGTSG,14,true,200,1
11745909,b469ca9578ad3c0530ae362008af70196c73a4c5-3,splinterinvestor,1,11.000,500,11745909,c8577d8dadbdf838f1197926e8893d756979b6ec,2021-10-16T16:03:12.000Z,xmrig,2,peakmonsters,1,2021-10-17T16:03:12.000Z,DEC,11.000,DEC,11.000,11.000,,,,G4-178-UL8AU29P0W,178,true,1,4
12313848,827fd903761faa20ceb624ccdba2d593d423bc6f-0,jasonwolfe,1,3.920,500,12313848,c8577d8dadbdf838f1197926e8893d756979b6ec,2021-10-16T16:03:12.000Z,xmrig,2,peakmonsters,1,2021-10-17T16:03:12.000Z,DEC,3.920,DEC,3.920,3.920,,,,G3-91-8CIFUFRYJK,91,true,200,3
11380209,d04c141ae464d1b82498850a1cb0ac952a351b6f-0,fighter4-freedom,1,140.000,500,11380209,e5ed75a121c3a253617710f9b0a78d11e0a8fbd8,2021-10-15T10:54:57.000Z,xmrig,2,splinterlands,1,2021-10-16T10:54:57.000Z,DEC,140.000,DEC,140.000,140.000,,,,G-4TOGBTBWG0,9,true,1000,0
11531926,13eb125e1c73f926313c17cb83b800304b144ea5-7,monstergames,1,8.661,500,11531926,649cdc3c0e8c8b8eef060d93269e535afded2028,2021-10-10T10:36:00.000Z,xmrig,2,peakmonsters,1,2021-10-11T10:36:00.000Z,DEC,8.661,DEC,8.661,8.661,,,,G1-12-TGN8EJYK4W,12,true,200,1
15688073,4bc03f2e1c8ddf5261a7f2f5dd301002fa2d1d93-7,butterchicken,1,3.950,500,15688073,3bd094f6c94567a32b6c1d07e9c2f945feb91814,2021-10-10T10:35:39.000Z,xmrig,2,peakmonsters,1,2021-10-11T10:35:39.000Z,DEC,3.950,DEC,3.950,3.950,,,,C1-18-FE86853M7K,18,false,225,1
15649354,d38b607008e245ca3bcf7a9cf7bfd5d8bf82fb9d-0,master-cardano,1,7.833,500,15649354,4dfef287e2815f52f0603682f39f5ca7a708d2db,2021-10-10T10:34:57.000Z,xmrig,2,peakmonsters,1,2021-10-11T10:34:57.000Z,DEC,9.430,DEC,9.430,9.430,,,,G4-169-X82ARJO98G,169,true,1,4
11518707,118f65db7e8899c70051e938560996e131e90d96-0,rentmoney,1,12.494,500,11518707,4dfef287e2815f52f0603682f39f5ca7a708d2db,2021-10-10T10:34:57.000Z,xmrig,2,peakmonsters,1,2021-10-11T10:34:57.000Z,DEC,12.494,DEC,12.494,12.494,,,,G3-103-75H30ZYT68,103,true,200,3
15495527,5fc11f7f9425f80ef45febcdc88610f7394f60c4-0,mulletwang,1,18.000,500,15495527,4dfef287e2815f52f0603682f39f5ca7a708d2db,2021-10-10T10:34:57.000Z,xmrig,2,peakmonsters,1,2021-10-11T10:34:57.000Z,DEC,18.000,DEC,18.000,18.000,,,,G1-14-H9PDFPNG74,14,true,200,1
14859629,2c1903da7f420f341d2e86e8f670dba00a07ee7d-0,rekodesign,1,25.000,500,14859629,04529570ecf69eec3c0a30801ddb911c4b4c8f43,2021-10-04T13:39:24.000Z,xmrig,2,peakmonsters,1,2021-10-05T13:39:24.000Z,DEC,25.000,DEC,25.000,25.000,,,,G1-18-D5RX3DFE7K,18,true,400,1
10091466,b70372bfdb58c88d08393524ae7fbc42ad4a41a5-17,rareraptor,1,50.000,500,10091466,04529570ecf69eec3c0a30801ddb911c4b4c8f43,2021-10-04T13:39:24.000Z,xmrig,2,peakmonsters,1,2021-10-05T13:39:24.000Z,DEC,50.000,DEC,50.000,50.000,,,,G4-293-WC2IXKHVNK,293,true,1,4
10860909,fd6d516bfe182d329f57c8daa57e650c4781632c-0,redundancy4040,1,40.000,500,10860909,04529570ecf69eec3c0a30801ddb911c4b4c8f43,2021-10-04T13:39:24.000Z,xmrig,2,peakmonsters,1,2021-10-05T13:39:24.000Z,DEC,40.000,DEC,40.000,40.000,,,,G4-178-CIDUH8ER5C,178,true,7,4
11559392,f8abd62fb1c396e0778ff13ced9c4e3e86bcf197-0,digitspin,1,5.000,500,11559392,04529570ecf69eec3c0a30801ddb911c4b4c8f43,2021-10-04T13:39:24.000Z,xmrig,2,peakmonsters,1,2021-10-05T13:39:24.000Z,DEC,10.000,DEC,10.000,10.000,,,,G4-169-C47UYFBV74,169,true,1,4