﻿id,sell_trx_id,seller,num_cards,buy_price,fee_percent,market_item_id,rental_tx,rental_date,renter,status,market_account,rental_days,next_rental_payment,payment_currency,payment_amount,escrow_currency,escrow_amount,paid_amount,cancel_tx,cancel_player,cancel_date,card_id,card_detail_id,gold,xp,edition
9461545,be4b7cd7268656d857573f93f11735a915e95e2c-23,smalp,1,10.220,500,9461545,7fcd130da754bd73f7c7ea828d0428f2dad7befe,2021-10-30T09:24:54.000Z,carbanak,2,splinterlands,1,2021-10-31T09:24:54.000Z,DEC,10.220,DEC,10.220,10.220,,,,C0-43-0G8FCWUS6O,43,false,1750,0
17186820,72bfac6b8f42d6e232d77a96b5248bc5b7f60b61-10,molins,1,63.950,500,17186820,171c179f44bbce71b52fc51a41dbf3f5d50e1579,2021-10-30T09:03:39.000Z,carbanak,2,splinterlands,1,2021-10-31T09:03:39.000Z,DEC,63.950,DEC,63.950,63.950,,,,C3-227-CQJXFO1LK0,227,false,400,3
11204393,d594d3dd66e9494c1961b18322b10995c25202c6-42,smalp,1,60.000,500,11204393,a89c7091e8baf5438ca6da2892b76311642e85bb,2021-10-30T05:53:33.000Z,carbanak,2,splinterlands,1,2021-10-31T05:53:33.000Z,DEC,60.000,DEC,60.000,60.000,,,,G-CARHSX6I34,2,true,1000,0
12272776,16453e186ed9e3321c794767f0d73f0a425bd561-114,clove71,1,4.450,500,12272776,70e5a142e571acab6080fc18997a9fabf9d157fa,2021-10-29T07:59:27.000Z,carbanak,2,peakmonsters,1,2021-10-30T07:59:27.000Z,DEC,4.450,DEC,4.450,4.450,,,,C3-131-VLRGLRR61C,131,false,0,3
10638447,c2a01bb6b117a4b8a11bb3b763eb11169154055b-0,kauffdiggity,1,9.850,500,10638447,6d84cd6d4836fec21a5127dbf26fcce8eb7e8dce,2021-10-29T07:58:33.000Z,carbanak,2,peakmonsters,1,2021-10-30T07:58:33.000Z,DEC,9.850,DEC,9.850,9.850,,,,C-5Y3PKVQ6Q8,18,false,400,0
10561226,629602eee23d4b4c6128dae69293d981efe4dc8b-0,nfter,1,7.849,500,10561226,f286d3320f78e9e0de492f9e3ff5fef20d1db96d,2021-10-29T07:58:18.000Z,carbanak,2,peakmonsters,1,2021-10-30T07:58:18.000Z,DEC,7.849,DEC,7.849,7.849,,,,C4-293-RS4621B77K,293,false,1,4
12136052,8d05e470cb7a0bfbc5a400268b936b5183f14cfa-19,clove71,1,12.900,500,12136052,e3962b064e0db6fe1c4b662724ab06093ef2b7ff,2021-10-29T07:58:06.000Z,carbanak,2,peakmonsters,1,2021-10-30T07:58:06.000Z,DEC,12.900,DEC,12.900,12.900,,,,G3-103-ZL3J82I9J4,103,true,200,3
17936861,8c07e22da07ce58dbb0a2fe671d0cdbbcfcee911-0,dreee,1,15.600,500,17936861,e3962b064e0db6fe1c4b662724ab06093ef2b7ff,2021-10-29T07:58:06.000Z,carbanak,2,peakmonsters,1,2021-10-30T07:58:06.000Z,DEC,15.600,DEC,15.600,15.600,,,,G1-14-9M3MD2ZXXS,14,true,200,1
12136144,8d05e470cb7a0bfbc5a400268b936b5183f14cfa-111,clove71,1,16.578,500,12136144,e3962b064e0db6fe1c4b662724ab06093ef2b7ff,2021-10-29T07:58:06.000Z,carbanak,2,peakmonsters,1,2021-10-30T07:58:06.000Z,DEC,16.578,DEC,16.578,16.578,,,,G3-91-V6INLSGA34,91,true,200,3
15866160,59c0877e444f56875f4c7258836ebe7c3353552e-27,fighter4-freedom,1,5.500,500,15866160,1ca414cb4882a2b5a04a9f1d29158e1f28c5e807,2021-10-24T02:09:27.000Z,carbanak,2,peakmonsters,1,2021-10-25T02:09:27.000Z,DEC,5.500,DEC,5.500,5.500,,,,G4-171-RCS7G9G0UO,171,true,1,4
10177879,64a8bc94e7dbd12bdaa29291ffb9e6557376734e-66,good-comment,1,4.150,500,10177879,6691e3514fce1a792beeca85e58b0ee72a163079,2021-10-24T02:08:57.000Z,carbanak,2,peakmonsters,1,2021-10-25T02:08:57.000Z,DEC,4.150,DEC,4.150,4.150,,,,C3-131-G9MJMNDP3K,131,false,0,3
12242222,70f5276c3edb25f0fbf0c8ac7ce64db9b5e07aca-9,clove71,1,7.914,500,12242222,a4eece94ac91487f03dfd9a54504963fff979839,2021-10-24T02:08:48.000Z,carbanak,2,peakmonsters,1,2021-10-25T02:08:48.000Z,DEC,7.914,DEC,7.914,7.914,,,,C4-293-DR18IN0BE8,293,false,1,4
15803813,29a3c9d3456a6673b93d89041da90bbd56c4617d-6,lucky-cards,1,12.000,500,15803813,49039429885315dcb2d15c1b002c36a64c18313f,2021-10-24T02:08:39.000Z,carbanak,2,peakmonsters,1,2021-10-25T02:08:39.000Z,DEC,12.000,DEC,12.000,12.000,,,,G3-103-ZRVHQZTNWG,103,true,200,3
16029534,71856efb49684d7dbda1247f91beeae23effab5f-0,wargames,1,14.600,500,16029534,49039429885315dcb2d15c1b002c36a64c18313f,2021-10-24T02:08:39.000Z,carbanak,2,peakmonsters,1,2021-10-25T02:08:39.000Z,DEC,14.600,DEC,14.600,14.600,,,,G1-14-Y8D8VRP2F4,14,true,200,1
10689928,54acfd38b6f753e75550e8ad39a245442b242209-0,foggybottom,1,15.060,500,10689928,49039429885315dcb2d15c1b002c36a64c18313f,2021-10-24T02:08:39.000Z,carbanak,2,peakmonsters,1,2021-10-25T02:08:39.000Z,DEC,15.060,DEC,15.060,15.060,,,,G3-91-0U1S540Y0W,91,true,200,3
11753337,59446572bb2b7a68638403b299786e7cbc299388-67,ty2nicerva,1,3.950,500,11753337,89280313906c817580a62f814ac6efe4ffe4013f,2021-10-18T15:56:54.000Z,carbanak,2,peakmonsters,1,2021-10-19T15:56:54.000Z,DEC,6.190,DEC,6.190,6.190,,,,C3-131-FN0I8WUO68,131,false,0,3
15509926,61d048b744ad7c98624ba4c5e0c23b29d7c39906-7,blindinglight,1,7.963,500,15509926,845cb0db5677f91774c18a593801195eb1bb0711,2021-10-18T15:56:27.000Z,carbanak,2,peakmonsters,1,2021-10-19T15:56:27.000Z,DEC,9.850,DEC,9.850,9.850,,,,C4-293-PA8ZRND974,293,false,1,4
10263397,895088087b5e7bf4cdadc2247900af072b5b7112-5,rareraptor,1,1.015,500,10263397,c45db11df0878e998543239d9ed158ac20ae36cc,2021-10-18T15:56:15.000Z,carbanak,2,peakmonsters,1,2021-10-19T15:56:15.000Z,DEC,1.015,DEC,1.015,1.015,,,,G4-169-81N60HHSOG,169,true,1,4
16834402,0a40125d1585e39e646df71f906123a892490b1d-0,sl-guides,1,3.950,500,16834402,c45db11df0878e998543239d9ed158ac20ae36cc,2021-10-18T15:56:15.000Z,carbanak,2,peakmonsters,1,2021-10-19T15:56:15.000Z,DEC,3.950,DEC,3.950,3.950,,,,G1-12-EGLYY5WOKW,12,true,200,1
16415108,1ff2b5df9893676eb4695fe991928333bf1ecf83-68,haedan,1,19.950,500,16415108,c45db11df0878e998543239d9ed158ac20ae36cc,2021-10-18T15:56:15.000Z,carbanak,2,peakmonsters,1,2021-10-19T15:56:15.000Z,DEC,49.750,DEC,49.750,49.750,,,,G4-178-9Z39NTZ7CG,178,true,1,4
15529342,31f5cbece4760002ad498e942894a27b2367fae0-6,legendarycanary,1,28.950,500,15529342,c45db11df0878e998543239d9ed158ac20ae36cc,2021-10-18T15:56:15.000Z,carbanak,2,peakmonsters,1,2021-10-19T15:56:15.000Z,DEC,28.950,DEC,28.950,28.950,,,,G1-18-HNIXYCMBHC,18,true,400,1
11761162,a9af617171bcf3c7ed77a1a721537ae53421546a-7,teammonsters,1,27.950,500,11761162,c45db11df0878e998543239d9ed158ac20ae36cc,2021-10-18T15:56:15.000Z,carbanak,2,peakmonsters,1,2021-10-19T15:56:15.000Z,DEC,27.950,DEC,27.950,27.950,,,,G3-91-TZYWYDDHPC,91,true,200,3
10160428,7ad15255faf973c95094dbba90741e3f2791ee4b-4,apprentice001,1,7.964,500,10160428,9a92112aa92ee1850d8fc21d3aa6828aaa223634,2021-10-12T07:27:54.000Z,carbanak,2,peakmonsters,1,2021-10-13T07:27:54.000Z,DEC,7.964,DEC,7.964,7.964,,,,C4-293-5WSG3844G0,293,false,1,4
11463485,94093b3840f8a3a69175875405152486177ebee9-0,monstergames,1,8.182,500,11463485,a19803aa361783caad43c09cf3dd45a46af516b5,2021-10-12T07:27:42.000Z,carbanak,2,peakmonsters,1,2021-10-13T07:27:42.000Z,DEC,8.182,DEC,8.182,8.182,,,,G1-12-333VU6U16O,12,true,200,1
12929330,0136738e8b3f3e5e0f099a178008e5d6cfde7cbd-0,reconnectnature,1,20.000,500,12929330,a19803aa361783caad43c09cf3dd45a46af516b5,2021-10-12T07:27:42.000Z,carbanak,2,peakmonsters,1,2021-10-13T07:27:42.000Z,DEC,20.000,DEC,20.000,20.000,,,,G1-18-NC925DK0JK,18,true,400,1
12238514,43a804113b904b2db7ee562ef19bd02801909ec6-0,bitcoinportugal,1,11.800,500,12238514,a19803aa361783caad43c09cf3dd45a46af516b5,2021-10-12T07:27:42.000Z,carbanak,2,peakmonsters,1,2021-10-13T07:27:42.000Z,DEC,11.800,DEC,11.800,11.800,,,,G3-103-RXXXG76KLC,103,true,200,3
15989880,cf64f59cbefd66a9ff52c3c03aa59367555277c8-0,ryan600,1,24.950,500,15989880,a19803aa361783caad43c09cf3dd45a46af516b5,2021-10-12T07:27:42.000Z,carbanak,2,peakmonsters,1,2021-10-13T07:27:42.000Z,DEC,24.950,DEC,24.950,24.950,,,,G1-14-BDH6XYT528,14,true,200,1
11558868,db31c1b500e50ade7f7d226da9794e53838980f3-0,digitspin,1,5.000,500,11558868,a19803aa361783caad43c09cf3dd45a46af516b5,2021-10-12T07:27:42.000Z,carbanak,2,peakmonsters,1,2021-10-13T07:27:42.000Z,DEC,5.000,DEC,5.000,5.000,,,,G4-171-K1OA01EMWW,171,true,1,4
11204665,42395291f0caca2e1eadae5994385a0fc8f065cf-84,smalp,1,2.450,500,11204665,2553eb352a9b90555a21269fc6b786de243c49c1,2021-10-05T15:20:33.000Z,carbanak,2,peakmonsters,1,2021-10-06T15:20:33.000Z,DEC,2.450,DEC,2.450,2.450,,,,G4-171-Y4BLGZ9M1C,171,true,1,4
13858018,e0bf41dd5572a578afe4a7eb097d04177b48d1b5-0,conan123,1,12.000,500,13858018,2553eb352a9b90555a21269fc6b786de243c49c1,2021-10-05T15:20:33.000Z,carbanak,2,peakmonsters,1,2021-10-06T15:20:33.000Z,DEC,12.000,DEC,12.000,12.000,,,,G1-18-Z5UOYH67IO,18,true,400,1