﻿id,sell_trx_id,seller,num_cards,buy_price,fee_percent,market_item_id,rental_tx,rental_date,renter,status,market_account,rental_days,next_rental_payment,payment_currency,payment_amount,escrow_currency,escrow_amount,paid_amount,cancel_tx,cancel_player,cancel_date,card_id,card_detail_id,gold,xp,edition
18440634,1c7a71ac7e28f40ff49f723a38d1c3167dce0e1b-41,idkpdx,1,19.950,500,18440634,a33e55bf8339427a85a4fc431a83b55cfb21131f,2021-11-02T09:01:30.000Z,androm,1,peakmonsters,1,2021-11-03T09:01:30.000Z,DEC,19.950,DEC,19.950,19.950,,,,C-5JMBGMLHTC,18,false,300,0
14920132,0c3001c3d8086a5139a86364f98b7287d1b05f42-41,americaman,1,5.639,500,14920132,a5e3adec16e2b26df22b1958dde9fe25380249d5,2021-11-02T08:35:36.000Z,androm,1,splinterlands,1,2021-11-03T08:35:36.000Z,DEC,5.639,DEC,5.639,5.639,,,,C3-131-ASN4V7UYJK,131,false,0,3
16167784,d402b9f85423aebd4689963f88390e3b920c9120-0,fighter4-freedom,1,9.000,500,16167784,9378f5921da467114bf7de36a06cfa6afb157098,2021-11-02T08:35:27.000Z,androm,1,splinterlands,1,2021-11-03T08:35:27.000Z,DEC,9.000,DEC,9.000,9.000,,,,C4-293-7MTBAHJ6A8,293,false,1,4
15862285,7a7908f054495bd628fa7afab2fbdb5a25b08388-4,fighter4-freedom,1,15.000,500,15862285,e9f376931390ed68ea0bec6b9408749476eb8465,2021-11-02T08:34:33.000Z,androm,1,splinterlands,1,2021-11-03T08:34:33.000Z,DEC,15.000,DEC,15.000,15.000,,,,G1-14-SK91H2759C,14,true,200,1
14330009,a0412814849aff74bc086e65fe1b8ed3ce9abcce-136,vugtis,1,49.800,500,14330009,bf96bec6f05dc8422e1508d3bdc6cda22900a86c,2021-11-02T08:34:12.000Z,androm,1,splinterlands,1,2021-11-03T08:34:12.000Z,DEC,49.800,DEC,49.800,49.800,,,,G4-178-T1HLAX3D4W,178,true,1,4
15864595,d11a8fa5e25ecf24d3bc46b5cd7dccc5dfa80973-13,fighter4-freedom,1,19.000,500,15864595,cc07307ee30ca90c4aea33d15533aa503b74634f,2021-11-02T08:34:00.000Z,androm,1,splinterlands,1,2021-11-03T08:34:00.000Z,DEC,19.000,DEC,19.000,19.000,,,,G3-91-R15VR2XRW0,91,true,200,3
9909373,a45801a5a13e0a2ca70f1842126ca3df1b37cef4-11,samsemilia7,1,13.830,500,9909373,de5d2a04f2a5144fe22ad9c7e531d8c0e39e199a,2021-11-02T08:31:48.000Z,androm,1,splinterlands,1,2021-11-03T08:31:48.000Z,DEC,13.830,DEC,13.830,13.830,,,,G3-103-5KON0E7P9S,103,true,200,3
15979946,6d9f2cf40514627db63a4c9c0caa6808789cf71c-135,untamedpotential,1,8.336,500,15979946,2c55b4f6aaef91029e962441255f7ad92c12e53a,2021-11-02T08:31:18.000Z,androm,1,splinterlands,1,2021-11-03T08:31:18.000Z,DEC,8.336,DEC,8.336,8.336,,,,G4-169-U82KL6NNDC,169,true,1,4
11101549,071bf61ec780bc4308fdde6396db5b906b2225c7-2,lucky-cards,1,4.700,500,11101549,02b499de09bc429ebdf0b2dbf60210c4a63f0198,2021-11-02T08:30:42.000Z,androm,1,splinterlands,1,2021-11-03T08:30:42.000Z,DEC,4.700,DEC,4.700,4.700,,,,G1-12-M1URBH9T1C,12,true,200,1
17166072,faf05067cea933b1caea4bf333a35feb4e4345bb-134,slbgf,1,60.000,500,17166072,ee42221861e7966c6cd9c0bb05eeffdcb0d08683,2021-10-30T03:23:33.000Z,androm,2,splinterlands,1,2021-10-31T03:23:33.000Z,DEC,60.000,DEC,60.000,60.000,,,,G1-28-V6MJIVK7CG,28,true,800,1
15447752,c79711708d51924f45f4691f678f48c1181f38fd-7,lucky-cards,1,39.000,500,15447752,1ba5da12e2229ddbf9457dda16fc61872643d227,2021-10-30T03:18:15.000Z,androm,2,splinterlands,1,2021-10-31T03:18:15.000Z,DEC,39.000,DEC,39.000,39.000,,,,G-OL34LSCK2O,27,true,500,0
10521768,0c57fcdbfd873a84ceba6ad0bc93ea87ebb0b580-4,fighter4-freedom,1,40.000,500,10521768,bed6c666c4f743b1868529678f0a46bf297ae27a,2021-10-30T03:08:18.000Z,androm,2,splinterlands,1,2021-10-31T03:08:18.000Z,DEC,40.000,DEC,40.000,40.000,,,,G3-134-5GJ3U5C1O0,134,true,800,3
10297522,ec39cf0ca8840e1fe78caae2576eda5e3c7b14ce-0,bang1,1,15.000,500,10297522,60f209e392987848e5582efb9eb7ff16d1c5be7f,2021-10-27T00:40:42.000Z,androm,2,peakmonsters,1,2021-10-28T00:40:42.000Z,DEC,15.000,DEC,15.000,15.000,,,,C0-18-19H8FCCJE8,18,false,300,0
12931117,d09a14ce5756c322ae70c76e91e44f20293d3ff3-0,ivansnz,1,12.000,500,12931117,9c1f057afd0f30e8d7c74328a9dedc5107cb4e42,2021-10-27T00:40:18.000Z,androm,2,peakmonsters,1,2021-10-28T00:40:18.000Z,DEC,12.000,DEC,12.000,12.000,,,,G3-91-FVZ1X31LNK,91,true,200,3
16330516,169b525cba80454d1da705b792e6e91748188943-19,smwhale,1,4.100,500,16330516,c8788f7a5a93b6e83c3194119706f22a5975dc4c,2021-10-27T00:39:48.000Z,androm,2,peakmonsters,1,2021-10-28T00:39:48.000Z,DEC,4.100,DEC,4.100,4.100,,,,C3-131-H6EMRP9LE8,131,false,0,3
17312579,291b4554c0ef3089ef8a06017749324e2784a1b2-10,enminers-vault,1,7.350,500,17312579,c8788f7a5a93b6e83c3194119706f22a5975dc4c,2021-10-27T00:39:48.000Z,androm,2,peakmonsters,1,2021-10-28T00:39:48.000Z,DEC,7.350,DEC,7.350,7.350,,,,C4-293-7EPK9CF31C,293,false,1,4
16130345,a0ea9aaa6d229ca218cb822abc79b1d0d1d02411-3,icecreamtony,1,29.950,500,16130345,b1f99786343e68928d4f01117c30fecc90d76135,2021-10-27T00:39:27.000Z,androm,2,peakmonsters,1,2021-10-28T00:39:27.000Z,DEC,29.950,DEC,29.950,29.950,,,,G3-131-V7CWNMJHV4,131,true,400,3
10600967,350d95884e96566481d7e4f260f753633b490b23-75,namelessnameless,1,9.844,500,10600967,b1f99786343e68928d4f01117c30fecc90d76135,2021-10-27T00:39:27.000Z,androm,2,peakmonsters,1,2021-10-28T00:39:27.000Z,DEC,9.844,DEC,9.844,9.844,,,,G3-103-65H14LPG5S,103,true,200,3
10632883,0033a3855b97159c39a833f9216efa4d5c9b8694-31,smalp,1,3.949,500,10632883,5cb04a9198ea32adce9631d5bb207d953f32b0a6,2021-10-21T13:59:51.000Z,androm,2,peakmonsters,1,2021-10-22T13:59:51.000Z,DEC,5.950,DEC,5.950,5.950,,,,C3-131-FWYJ8YK2Z4,131,false,0,3
10209310,db90d919b3db5d3c596fa8fcbdb8335051c7dfda-0,demon402,1,10.000,500,10209310,8e5077e5b69d2607b51c4387040ca8f82cedc986,2021-10-21T13:58:12.000Z,androm,2,peakmonsters,1,2021-10-22T13:58:12.000Z,DEC,10.000,DEC,10.000,10.000,,,,G3-91-ODQVU5C45S,91,true,200,3
15556869,8434dac66a37f9b87a0bf07b6229c3e02e61c540-0,renterlands,1,11.800,500,15556869,4c4a7a0fdbc97204b743e1bd010e7ecaf21da047,2021-10-21T13:57:24.000Z,androm,2,peakmonsters,1,2021-10-22T13:57:24.000Z,DEC,11.800,DEC,11.800,11.800,,,,C0-14-7C3NUANWNK,14,false,60,0
16225116,1288cc61498075e7d231daf7aff6f05e59892bb2-0,che-shyr,1,12.000,500,16225116,ce4a6ba91f1925ca373ff3e4a5389372f181ad56,2021-10-21T13:56:27.000Z,androm,2,peakmonsters,1,2021-10-22T13:56:27.000Z,DEC,12.000,DEC,12.000,12.000,,,,G3-103-ZS2KOOIUHS,103,true,200,3
16167786,d402b9f85423aebd4689963f88390e3b920c9120-2,fighter4-freedom,1,9.000,500,16167786,2e73221b03f58c892cf70bb48fbf535c55f1d850,2021-10-21T13:55:24.000Z,androm,2,peakmonsters,1,2021-10-22T13:55:24.000Z,DEC,9.000,DEC,9.000,9.000,,,,C4-293-8I3HM39MKG,293,false,1,4
15866083,7c9f9025de291db24b404ba55eb6bfe85703094d-5,fighter4-freedom,1,8.000,500,15866083,aa619f5677d2d4baf1b749828faa44b07dc41834,2021-10-21T13:55:12.000Z,androm,2,peakmonsters,1,2021-10-22T13:55:12.000Z,DEC,8.000,DEC,8.000,8.000,,,,G4-169-AYXFJTVS34,169,true,1,4
9873467,f5d4d872f1c710859d8226e0304fb1c286912ea1-2,lucky-cards,1,10.000,500,9873467,34ec65906b25492c98d63c9f3990c5d106f8feab,2021-10-16T16:25:45.000Z,androm,2,splinterlands,1,2021-10-17T16:25:45.000Z,DEC,10.000,DEC,10.000,10.000,,,,G3-103-YTXH8QMZMO,103,true,200,3
15717296,cea05185733dfa982cff5a04b3f0f38507eae431-99,faceb,1,14.950,500,15717296,c4e1b76ed56351119f23a02208a1cf3cffc3a8f1,2021-10-16T16:22:54.000Z,androm,2,peakmonsters,1,2021-10-17T16:22:54.000Z,DEC,14.950,DEC,14.950,14.950,,,,G3-91-K01XBF6WQ8,91,true,200,3
12193827,9815cbec98af79ed521c439b60b05398a5125a11-0,rainbow-goddess,1,11.440,500,12193827,ccd9784beecd3137fd477d179c5ecdd08f890bf9,2021-10-16T16:22:18.000Z,androm,2,peakmonsters,1,2021-10-17T16:22:18.000Z,DEC,11.440,DEC,11.440,11.440,,,,G4-178-RQJGG6K6LC,178,true,1,4
14294618,ea8ce5a04202c8f532ac32e03881cf0563364e56-1,eush,1,3.815,500,14294618,ccd9784beecd3137fd477d179c5ecdd08f890bf9,2021-10-16T16:22:18.000Z,androm,2,peakmonsters,1,2021-10-17T16:22:18.000Z,DEC,3.815,DEC,3.815,3.815,,,,G1-12-MJDAG09ECW,12,true,200,1
16600322,ddd7a859ff8e56bdd3bb0150147d050b01cc05bc-8,orrkis,1,47.800,500,16600322,ccd9784beecd3137fd477d179c5ecdd08f890bf9,2021-10-16T16:22:18.000Z,androm,2,peakmonsters,1,2021-10-17T16:22:18.000Z,DEC,47.800,DEC,47.800,47.800,,,,G4-293-6Q5XBO9VRK,293,true,1,4
9309067,41184f79ef454fd3edea428e3be15320f9cb630c-15,smalp,1,12.506,500,9309067,ccd9784beecd3137fd477d179c5ecdd08f890bf9,2021-10-16T16:22:18.000Z,androm,2,peakmonsters,1,2021-10-17T16:22:18.000Z,DEC,12.506,DEC,12.506,12.506,,,,G1-14-2EZBUS5J00,14,true,400,1
11204211,b3f3f4f7967dfa8779fbd8fde53f75c612ff9bee-42,smalp,1,39.900,500,11204211,ca80b8bd9b894b7262ac7c4fb44fbab175a8adba,2021-10-15T10:44:27.000Z,androm,2,splinterlands,1,2021-10-16T10:44:27.000Z,DEC,39.900,DEC,39.900,39.900,,,,G4-193-O86CKZ3I1S,193,true,9,4
11058243,4fc2622383c4f3426506ced3ce0959ac388cde87-10,fighter4-freedom,1,10.000,500,11058243,82bae2b4cf58f295aaebbf5e6a6c629eabe24dd0,2021-10-15T10:43:12.000Z,androm,2,splinterlands,1,2021-10-16T10:43:12.000Z,DEC,10.000,DEC,10.000,10.000,,,,G4-151-VADJOOZ3J4,151,true,1,4
15575409,76272cfba3ac76cec44826b21345ca605a36ba5b-7,lucky-cards,1,6.700,500,15575409,05013754e3632d5bbbce85c1b54dbaad4a2e841a,2021-10-15T08:27:42.000Z,androm,2,splinterlands,1,2021-10-16T08:27:42.000Z,DEC,6.700,DEC,6.700,6.700,,,,G3-97-F69FMQ6M0G,97,true,200,3
11043514,f9137af46a90d4d2da55ee4072958540e8d95c60-2,fighter4-freedom,1,9.000,500,11043514,e70bc0878765f9bc565f83c8047b23145b0bcda5,2021-10-15T08:27:24.000Z,androm,2,splinterlands,1,2021-10-16T08:27:24.000Z,DEC,9.000,DEC,9.000,9.000,,,,C4-200-4VALBD5JPC,200,false,1,4
11548099,43f06651e8729a636ea680b34a10d2843ea843b2-3,davemccoy,1,7.217,500,11548099,80e63e43630b188454de739f5b9584de613accad,2021-10-08T21:00:18.000Z,androm,2,peakmonsters,1,2021-10-09T21:00:18.000Z,DEC,7.217,DEC,7.217,7.217,,,,G1-12-LANKNU6AHC,12,true,200,1
14973817,4af6ca9f49a804c971434f1d373eba8f20227036-8,nai.collection,1,9.794,500,14973817,80e63e43630b188454de739f5b9584de613accad,2021-10-08T21:00:18.000Z,androm,2,peakmonsters,1,2021-10-09T21:00:18.000Z,DEC,9.794,DEC,9.794,9.794,,,,G3-103-RBP1ZRUQV4,103,true,200,3
11074223,cfa5c38b2887beb559d2431c66f1d5fe8f89b2c2-2,lucky-cards,1,29.000,500,11074223,80e63e43630b188454de739f5b9584de613accad,2021-10-08T21:00:18.000Z,androm,2,peakmonsters,1,2021-10-09T21:00:18.000Z,DEC,29.000,DEC,29.000,29.000,,,,G1-18-R0I0CLDRGG,18,true,400,1
14330000,a0412814849aff74bc086e65fe1b8ed3ce9abcce-127,vugtis,1,10.900,500,14330000,80e63e43630b188454de739f5b9584de613accad,2021-10-08T21:00:18.000Z,androm,2,peakmonsters,1,2021-10-09T21:00:18.000Z,DEC,49.800,DEC,49.800,49.800,,,,G4-178-892LUN56FK,178,true,1,4
15467308,b368eba0bf7a1027ccb7e87b9d6e3f41d9593fab-76,unicorndroppingz,1,2.950,500,15467308,80e63e43630b188454de739f5b9584de613accad,2021-10-08T21:00:18.000Z,androm,2,peakmonsters,1,2021-10-09T21:00:18.000Z,DEC,2.950,DEC,2.950,2.950,,,,G4-169-M5DMYGP080,169,true,1,4
13597443,64954508c72b4eadd7002f04a03e7d36705c86a5-0,iieeiieeii,1,9.500,500,13597443,f0d07ff1284ff5d33c59f1c05e4a6b3201978fb2,2021-10-03T12:21:06.000Z,androm,2,peakmonsters,1,2021-10-04T12:21:06.000Z,DEC,9.500,DEC,9.500,9.500,,,,G3-103-5BESZR64MO,103,true,200,3
10556563,6820f38d20a9a5a0aa48ba7d28c64ddf42d520a6-0,vimukthi,1,4.700,500,10556563,f0d07ff1284ff5d33c59f1c05e4a6b3201978fb2,2021-10-03T12:21:06.000Z,androm,2,peakmonsters,1,2021-10-04T12:21:06.000Z,DEC,4.700,DEC,4.700,4.700,,,,G4-169-ESPOE1U1OW,169,true,1,4
9938380,85109fb002cc3042bfe2649a4d521e9ba5a8fa7e-11,toocurious,1,44.000,500,9938380,f0d07ff1284ff5d33c59f1c05e4a6b3201978fb2,2021-10-03T12:21:06.000Z,androm,2,peakmonsters,1,2021-10-04T12:21:06.000Z,DEC,44.000,DEC,44.000,44.000,,,,G4-178-S8MOLZVNOW,178,true,1,4
10961906,9533ed6fd6c6758b7915d5d5483bbc018627c915-25,steemitromney,1,15.137,500,10961906,f0d07ff1284ff5d33c59f1c05e4a6b3201978fb2,2021-10-03T12:21:06.000Z,androm,2,peakmonsters,1,2021-10-04T12:21:06.000Z,DEC,15.137,DEC,15.137,15.137,,,,G0-14-AH1P0JSKGG,14,true,250,0