﻿id,sell_trx_id,seller,num_cards,buy_price,fee_percent,market_item_id,rental_tx,rental_date,renter,status,market_account,rental_days,next_rental_payment,payment_currency,payment_amount,escrow_currency,escrow_amount,paid_amount,cancel_tx,cancel_player,cancel_date,card_id,card_detail_id,gold,xp,edition
14796838,8267d1de47e55e89ff107a95a300fa4c2e8e4c3b-19,shaidon,1,41.950,500,14796838,ccab044fd11780dbae56011adb427bca463a5b19,2021-11-02T02:49:18.000Z,downad,1,peakmonsters,1,2021-11-03T02:49:18.000Z,DEC,41.950,DEC,41.950,41.950,,,,G3-131-0RNOD9XQXC,131,true,1600,3
16914637,dc3f3ccb95b9d76be5a4cec4a9c4c35861f7f86b-0,imno,1,22.990,500,16914637,53853f198e3d26c0b0ab787d099f1bcbd2d0f812,2021-11-02T02:48:30.000Z,downad,1,peakmonsters,1,2021-11-03T02:48:30.000Z,DEC,22.990,DEC,22.990,22.990,,,,G3-91-5GI11VTBDS,91,true,200,3
11561347,96de4158a715c3c31c0efb13bebdfd6e3e26724f-72,mylibrary,1,12.450,500,11561347,e8b4ae311c721c1217bc720c3ee2cb69b1e79e4a,2021-11-02T01:53:57.000Z,downad,1,peakmonsters,1,2021-11-03T01:53:57.000Z,DEC,12.450,DEC,12.450,12.450,,,,C-GU2HTF831S,14,false,60,0
17252792,a0f4efaaeef5e01c31681d08da6941ff80e7bed8-21,grosh,1,14.950,500,17252792,e9ffca98b871c0c874043fa4b12be6cb55fa5a64,2021-11-02T01:53:30.000Z,downad,1,peakmonsters,1,2021-11-03T01:53:30.000Z,DEC,14.950,DEC,14.950,14.950,,,,C-A58891VDGG,18,false,300,0
12136045,8d05e470cb7a0bfbc5a400268b936b5183f14cfa-12,clove71,1,12.900,500,12136045,c0a7f5764a973b6dca810fdb67c85bcb025b8d86,2021-11-02T01:38:57.000Z,downad,1,peakmonsters,1,2021-11-03T01:38:57.000Z,DEC,12.900,DEC,12.900,12.900,,,,G3-103-KAHD0EE1VK,103,true,200,3
12928681,f045725c8fd1a28ba9ce1c53d81e2731fcb421b0-0,reconnectnature,1,20.000,500,12928681,7bb2403b940e25f516014cf9786909776e960fb4,2021-11-02T01:38:09.000Z,downad,1,peakmonsters,1,2021-11-03T01:38:09.000Z,DEC,20.000,DEC,20.000,20.000,,,,G-1CS7B66IZ4,12,true,500,0
18429611,1ee497a6128f324cd9383c2d2e39f879a95da209-61,splintermule,1,2.627,500,18429611,04b7651306693946037f67094985830da4cb2896,2021-11-02T01:38:03.000Z,downad,1,peakmonsters,1,2021-11-03T01:38:03.000Z,DEC,2.627,DEC,2.627,2.627,,,,G4-169-L8E0XM3GYO,169,true,1,4
18285841,3d98760a8946626d31076f60c4a70569c59bc625-91,steemstorage,1,6.417,500,18285841,a4aeb026fe8680e24a5be966f0ef1a8e88ce5e4c,2021-11-02T01:20:24.000Z,downad,1,peakmonsters,1,2021-11-03T01:20:24.000Z,DEC,6.417,DEC,6.417,6.417,,,,C4-293-R18LDCTY1S,293,false,1,4
18397704,7f1aef9478374376fbcd2ecd3ed81776624e607c-0,pccpkl1990,1,42.900,500,18397704,32d0f278567a848bc5b47e6b2d45996e176827f8,2021-11-02T01:20:15.000Z,downad,1,peakmonsters,1,2021-11-03T01:20:15.000Z,DEC,42.900,DEC,42.900,42.900,,,,G4-178-3T67PE3ZJ4,178,true,1,4
9460786,1f427cdfeeb80c8e501f9705c32715b33fb75028-31,smalp,1,104.021,500,9460786,7ae4df08baa3979c8e0906fa79a2e13002e71284,2021-10-30T05:35:57.000Z,downad,2,splinterlands,1,2021-10-31T05:35:57.000Z,DEC,104.021,DEC,104.021,104.021,,,,C2-125-KLTS9TLI2O,125,false,3000,2
17165546,85d2b3fbeb80d30bc2bf9ca10868095e601858c5-32,slbgf,1,15.000,500,17165546,df3e758630ffee540b84d64e88fbcd7491783152,2021-10-30T05:35:18.000Z,downad,2,splinterlands,1,2021-10-31T05:35:18.000Z,DEC,15.000,DEC,15.000,15.000,,,,G1-36-F41GCTLQFK,36,true,400,1
11785198,57a4af505737441ed06724a879258c6761ee51fd-50,doudalii,1,0.402,500,11785198,55b03a1216102db40a91f1893e906cdff374e73f,2021-10-26T02:35:03.000Z,downad,2,peakmonsters,1,2021-10-27T02:35:03.000Z,DEC,0.402,DEC,0.402,0.402,,,,C4-171-CL5VSKBWJK,171,false,6,4
15866193,355ef27045948e5d1762e1edd53fd3845eb1253e-3,fighter4-freedom,1,45.000,500,15866193,76e616f5fa391565d118ad66c2df7bd5dc865f98,2021-10-26T02:33:36.000Z,downad,2,peakmonsters,1,2021-10-27T02:33:36.000Z,DEC,45.000,DEC,45.000,45.000,,,,G4-178-B5EWVE8QKG,178,true,1,4
15142125,783c37da90f20a527de2e421b9abe7a2eac862af-0,soberpro,1,10.000,500,15142125,ce68e42ddccf3c095d25f65f9a1373f381116ee2,2021-10-26T02:33:21.000Z,downad,2,peakmonsters,1,2021-10-27T02:33:21.000Z,DEC,10.000,DEC,10.000,10.000,,,,C-7F1QVZYBGW,14,false,360,0
15776820,717d786e96f75a28b64a25e1b109a2272595cb56-0,dymaster,1,5.880,500,15776820,39cc2e3a17feb61d54a5e10bcec36b8845ea836b,2021-10-26T02:33:00.000Z,downad,2,peakmonsters,1,2021-10-27T02:33:00.000Z,DEC,5.880,DEC,5.880,5.880,,,,C-FGJ819LAE8,18,false,100,0
10453897,7749dcad54703a9556d7c734489d28e6d9371ef2-1,cyguy,1,8.950,500,10453897,cc2ebdb73af4fd644e83ddcbfd43b8e8be27b7e1,2021-10-26T02:32:39.000Z,downad,2,peakmonsters,1,2021-10-27T02:32:39.000Z,DEC,8.950,DEC,8.950,8.950,,,,G1-12-UZHB8OBYHS,12,true,200,1
17554812,548b7605f9878a1961c17dc408cb985a90c74269-2,olleo,1,11.600,500,17554812,cc2ebdb73af4fd644e83ddcbfd43b8e8be27b7e1,2021-10-26T02:32:39.000Z,downad,2,peakmonsters,1,2021-10-27T02:32:39.000Z,DEC,11.600,DEC,11.600,11.600,,,,G3-103-F5V3RON9OW,103,true,200,3
15290495,aadd682f78fc5ebb09ed09ec2b6a9f5992b2b776-0,sineclair,1,20.000,500,15290495,3d41a57ea264bb38e4c5e7327ef835b1f21806c7,2021-10-21T03:33:27.000Z,downad,2,peakmonsters,1,2021-10-22T03:33:27.000Z,DEC,20.000,DEC,20.000,20.000,,,,C4-178-0B8BL8AMDS,178,false,5,4
14450925,062b4bfba33118e777294bbd1395d54f5768f6d3-0,jzn,1,10.000,500,14450925,2349d7733fe8894084571dc7464eb0d6c815a4bf,2021-10-21T03:33:03.000Z,downad,2,peakmonsters,1,2021-10-22T03:33:03.000Z,DEC,10.000,DEC,10.000,10.000,,,,G3-103-O00H78R7HC,103,true,200,3
10905224,f6997283b964df2a8c7f191fe838f41f49af6e09-0,grosh,1,7.450,500,10905224,279f30b885a1584c693882e3c9c7dac2ee4b4de5,2021-10-21T03:30:09.000Z,downad,2,peakmonsters,1,2021-10-22T03:30:09.000Z,DEC,7.450,DEC,7.450,7.450,,,,C-0D8HISK0J4,18,false,100,0
11207749,d4d96809248aef8a5e1f3b2936c24d6677293f4c-115,smalp,1,19.950,500,11207749,87f71f3d40e901b40ecda2185fac2db01f5e8362,2021-10-21T03:29:15.000Z,downad,2,peakmonsters,1,2021-10-22T03:29:15.000Z,DEC,19.950,DEC,19.950,19.950,,,,G3-91-U2H45WRSKW,91,true,200,3
16122415,b17cb32bb9dda8bc008a522448b221fa82eee22e-0,killau,1,8.650,500,16122415,6d997956a60577b59919a484acc8489c50d4e186,2021-10-21T03:28:33.000Z,downad,2,peakmonsters,1,2021-10-22T03:28:33.000Z,DEC,8.650,DEC,8.650,8.650,,,,G4-169-CJPK6D3140,169,true,1,4
11655699,dcc3cf446adfea8280b5a00dde7f39d9f729fb9f-0,sm-traders,1,16.000,500,11655699,bd5d4465f3f82095db25a2a5728d8d8b272c9c00,2021-10-21T03:27:45.000Z,downad,2,peakmonsters,1,2021-10-22T03:27:45.000Z,DEC,16.000,DEC,16.000,16.000,,,,G1-12-OD0BO55X80,12,true,200,1
15499395,e46ef3682906186f9ea91a44431df3b61f1dca04-12,lucky-cards,1,42.000,500,15499395,058cdf2593cb836f0310a77f52ca409e7e08570c,2021-10-15T10:54:00.000Z,downad,2,splinterlands,1,2021-10-16T10:54:00.000Z,DEC,42.000,DEC,42.000,42.000,,,,G1-28-VWI48I2JR4,28,true,800,1
9760361,7b882b3be2b354a0fe5abdc7e450b416a70a7d8f-18,lucky-cards,1,18.000,500,9760361,a7a19df37cfd2d4965849e0cad9583ee3a4764ce,2021-10-15T10:53:18.000Z,downad,2,splinterlands,1,2021-10-16T10:53:18.000Z,DEC,18.000,DEC,18.000,18.000,,,,C3-95-SJL9NZX28W,95,false,1750,3
9909375,a45801a5a13e0a2ca70f1842126ca3df1b37cef4-13,samsemilia7,1,13.830,500,9909375,f5dcf1ffa8b531fc9e1d4ca5d1971fed819308ed,2021-10-12T04:54:15.000Z,downad,2,peakmonsters,1,2021-10-13T04:54:15.000Z,DEC,13.830,DEC,13.830,13.830,,,,G3-103-BLNA0981PC,103,true,200,3
11255816,7b17fe764a77f8ec4133bbef7fc12077732b5794-0,foggybottom,1,16.628,500,11255816,f5dcf1ffa8b531fc9e1d4ca5d1971fed819308ed,2021-10-12T04:54:15.000Z,downad,2,peakmonsters,1,2021-10-13T04:54:15.000Z,DEC,16.628,DEC,16.628,16.628,,,,G3-91-O0K54DEDA8,91,true,200,3
10676385,d661fc70b59db344809d35d0440dc1380294ef93-3,a-secondchance,1,9.700,500,10676385,410272ec9c5ace5a330b0d1ba50c15251f6bddf6,2021-10-12T04:53:42.000Z,downad,2,peakmonsters,1,2021-10-13T04:53:42.000Z,DEC,9.899,DEC,9.899,9.899,,,,C4-293-FEBKZKI0A8,293,false,1,4
11467575,6177aec0223ef413d59f716abb0b95c729ad5d55-0,harri21,1,4.000,500,11467575,cfaceb9a96411c39c8296b542608f658a3f1151a,2021-10-12T04:53:33.000Z,downad,2,peakmonsters,1,2021-10-13T04:53:33.000Z,DEC,4.000,DEC,4.000,4.000,,,,G4-169-F8E27YCF2O,169,true,1,4
9495007,b17d12793e498c7a29ea97c09c4465c2011ceb54-52,smalp,1,31.341,500,9495007,cfaceb9a96411c39c8296b542608f658a3f1151a,2021-10-12T04:53:33.000Z,downad,2,peakmonsters,1,2021-10-13T04:53:33.000Z,DEC,31.341,DEC,31.341,31.341,,,,G3-131-U65J43L3B4,131,true,400,3
12136137,8d05e470cb7a0bfbc5a400268b936b5183f14cfa-104,clove71,1,16.578,500,12136137,52a14b2b7259fd490910a54087eb89cdbeeee62a,2021-10-05T00:39:06.000Z,downad,2,peakmonsters,1,2021-10-06T00:39:06.000Z,DEC,16.578,DEC,16.578,16.578,,,,G3-91-KKUY5AZ8A8,91,true,200,3
15209904,4d0bee22f219f160a4632a34e2cd3dcbe043f46a-139,corpusland,1,49.750,500,15209904,210b62531c212aad5b31e66eede8aa2e1a5dc28a,2021-10-05T00:38:42.000Z,downad,2,peakmonsters,1,2021-10-06T00:38:42.000Z,DEC,49.750,DEC,49.750,49.750,,,,G4-178-NVOKSJZ834,178,true,1,4
9348663,ec8ed44e31a3b1befcff76f987b822d300d47d9b-0,agaupt,1,10.000,500,9348663,210b62531c212aad5b31e66eede8aa2e1a5dc28a,2021-10-05T00:38:42.000Z,downad,2,peakmonsters,1,2021-10-06T00:38:42.000Z,DEC,10.000,DEC,10.000,10.000,,,,G3-131-V5FO1YZ2HS,131,true,400,3
12929548,a8acb435e70428034e40902bd35227bb42393628-0,ivansnz,1,11.000,500,12929548,210b62531c212aad5b31e66eede8aa2e1a5dc28a,2021-10-05T00:38:42.000Z,downad,2,peakmonsters,1,2021-10-06T00:38:42.000Z,DEC,11.000,DEC,11.000,11.000,,,,G3-103-S6369PJFQ8,103,true,200,3