﻿id,sell_trx_id,seller,num_cards,buy_price,fee_percent,market_item_id,rental_tx,rental_date,renter,status,market_account,rental_days,next_rental_payment,payment_currency,payment_amount,escrow_currency,escrow_amount,paid_amount,cancel_tx,cancel_player,cancel_date,card_id,card_detail_id,gold,xp,edition
11206115,3610968fd35bbb264a0605be2ab6d4c54d4b35ae-16,smalp,1,20.000,500,11206115,fab76fa9e033db0772bd43ec313ca1895f765de8,2021-10-30T06:13:09.000Z,palevo,2,splinterlands,1,2021-10-31T06:13:09.000Z,DEC,20.000,DEC,20.000,20.000,,,,G1-3-0GLSPFC4KG,3,true,400,1
16036913,331dbf9dad1a85ac0d38dadc8e7f771fe835c78a-24,aatrox,1,14.807,500,16036913,5dcce384516eaea399d0ebdffee6053d80477cd8,2021-10-30T06:12:09.000Z,palevo,2,splinterlands,1,2021-10-31T06:12:09.000Z,DEC,14.807,DEC,14.807,14.807,,,,G-4IPXWT4RK0,15,true,250,0
15479928,028bd6afbacc3c073203ee2a8869d509312cf8ed-3,lucky-cards,1,13.500,500,15479928,82a752814026611af69b118e15a2664ed868778f,2021-10-30T06:09:33.000Z,palevo,2,splinterlands,1,2021-10-31T06:09:33.000Z,DEC,13.500,DEC,13.500,13.500,,,,C1-11-NYN6C5QT1C,11,false,0,1
11205973,f63a8444321b54e1627d356ed4b215e7a124dfe6-67,smalp,1,88.799,500,11205973,dd9905da0fec0619747505f4777ab535b27b37fc,2021-10-30T06:08:54.000Z,palevo,2,splinterlands,1,2021-10-31T06:08:54.000Z,DEC,88.799,DEC,88.799,88.799,,,,C4-154-KU0DVQZ3ZK,154,false,46,4
12504421,190ab5ac86f654b4c77cda611fcec112730f99ec-0,ivansnz,1,5.000,500,12504421,4f73ede71afcfbe2b63ede96323dceb1b5d11924,2021-10-29T02:43:24.000Z,palevo,2,peakmonsters,1,2021-10-30T02:43:24.000Z,DEC,5.000,DEC,5.000,5.000,,,,C-BMRRVYLY00,12,false,60,0
10257514,658c1621fe4e79e0b775c5f33f86354e454bca20-0,okean123,1,7.250,500,10257514,aeb52048881acdd8e9afbaa6bddbecb12aa3ab8d,2021-10-29T02:42:51.000Z,palevo,2,peakmonsters,1,2021-10-30T02:42:51.000Z,DEC,12.000,DEC,12.000,12.000,,,,C-1HX9GTFC9S,18,false,100,0
12274347,fd54ecca563a53a2550b1804c82cb5f87d6003d9-55,clove71,1,3.949,500,12274347,eb0558d49d48e308ffd6c207b19e5af83e6e1d63,2021-10-29T02:42:39.000Z,palevo,2,peakmonsters,1,2021-10-30T02:42:39.000Z,DEC,3.949,DEC,3.949,3.949,,,,C3-131-Y7K3GQ5DNK,131,false,0,3
14863217,b8857f585f221c8510fbaa5f676a7c56248c14ff-133,dharanir,1,6.567,500,14863217,e94a838d398d0012de6e9c6e3f212c52287b4be3,2021-10-29T02:42:33.000Z,palevo,2,peakmonsters,1,2021-10-30T02:42:33.000Z,DEC,6.567,DEC,6.567,6.567,,,,C4-293-S426PYQ300,293,false,1,4
10600962,350d95884e96566481d7e4f260f753633b490b23-70,namelessnameless,1,9.844,500,10600962,a835c1f3379e7ab224a911871940de66ac159ac6,2021-10-29T02:42:24.000Z,palevo,2,peakmonsters,1,2021-10-30T02:42:24.000Z,DEC,9.844,DEC,9.844,9.844,,,,G3-103-1MAZI0ZSY8,103,true,200,3
17162004,944a1ff205350c5051b202bab264093dfb769d54-0,channelmagnetic,1,8.000,500,17162004,a835c1f3379e7ab224a911871940de66ac159ac6,2021-10-29T02:42:24.000Z,palevo,2,peakmonsters,1,2021-10-30T02:42:24.000Z,DEC,8.000,DEC,8.000,8.000,,,,G4-169-W0KHZKKKCW,169,true,1,4
15753648,488d8e36903d52fc97be4ccf29beecfbf1936aeb-0,evo69,1,14.950,500,15753648,a835c1f3379e7ab224a911871940de66ac159ac6,2021-10-29T02:42:24.000Z,palevo,2,peakmonsters,1,2021-10-30T02:42:24.000Z,DEC,14.950,DEC,14.950,14.950,,,,G3-91-7EVYWR902O,91,true,200,3
17544128,310394a7b9251b6da071b050e9964068963a9ce8-0,olleo,1,13.657,500,17544128,a835c1f3379e7ab224a911871940de66ac159ac6,2021-10-29T02:42:24.000Z,palevo,2,peakmonsters,1,2021-10-30T02:42:24.000Z,DEC,13.657,DEC,13.657,13.657,,,,G1-14-L2AIB5FKUO,14,true,200,1
17170506,2f781c3bb0971b51ff1e841c3407bb3087f2a4a4-94,slbrgf,1,30.000,500,17170506,3b237f05697246424fc1db1cd4f2c87051a2eb2b,2021-10-24T15:39:54.000Z,palevo,2,peakmonsters,1,2021-10-25T15:39:54.000Z,DEC,30.000,DEC,30.000,30.000,,,,G3-131-BJQLIC95Z4,131,true,400,3
10201292,68f11b1102d958b14244d547603edc53dd36bd0d-0,cal1,1,15.000,500,10201292,03648e02da28609198b616f0dfd68b9d3800c1af,2021-10-24T15:38:57.000Z,palevo,2,peakmonsters,1,2021-10-25T15:38:57.000Z,DEC,15.000,DEC,15.000,15.000,,,,C-1HPBZ20P2O,18,false,300,0
10170004,80a7edbb5f6683634053b03b61205d322fff4c4a-0,ogelthegreat,1,15.000,500,10170004,bc09c211991166c4b478fbff7400ef9180e51951,2021-10-24T15:38:39.000Z,palevo,2,peakmonsters,1,2021-10-25T15:38:39.000Z,DEC,15.000,DEC,15.000,15.000,,,,G3-91-L12U9YDCW0,91,true,200,3
17194799,21423dfbd8436e5dbaff30ef56cc444d16492d5a-8,enminers-vault,1,5.099,500,17194799,bc09c211991166c4b478fbff7400ef9180e51951,2021-10-24T15:38:39.000Z,palevo,2,peakmonsters,1,2021-10-25T15:38:39.000Z,DEC,5.099,DEC,5.099,5.099,,,,G4-171-A5VYU7O3GW,171,true,1,4
17164752,45741b9713f015da297d1a6afad52b507da39bb0-137,slagf,1,15.000,500,17164752,bc09c211991166c4b478fbff7400ef9180e51951,2021-10-24T15:38:39.000Z,palevo,2,peakmonsters,1,2021-10-25T15:38:39.000Z,DEC,15.000,DEC,15.000,15.000,,,,G-0653EXOAGG,14,true,250,0
16932515,27acb2590358c24e56d4b60886ff75e1fb6e9340-102,corpusland,1,6.845,500,16932515,bc09c211991166c4b478fbff7400ef9180e51951,2021-10-24T15:38:39.000Z,palevo,2,peakmonsters,1,2021-10-25T15:38:39.000Z,DEC,6.845,DEC,6.845,6.845,,,,G4-169-0PYWDT7ZV4,169,true,1,4
10301708,3b421046f97e97bc285214788539e328c2d4cebc-0,rea,1,10.000,500,10301708,bc09c211991166c4b478fbff7400ef9180e51951,2021-10-24T15:38:39.000Z,palevo,2,peakmonsters,1,2021-10-25T15:38:39.000Z,DEC,10.000,DEC,10.000,10.000,,,,G3-103-LMAFCXUA4W,103,true,200,3
9495003,b17d12793e498c7a29ea97c09c4465c2011ceb54-48,smalp,1,31.341,500,9495003,3b9d911fca1931b12ae1fead94128baee2f9d5f4,2021-10-18T05:16:21.000Z,palevo,2,peakmonsters,1,2021-10-19T05:16:21.000Z,DEC,31.341,DEC,31.341,31.341,,,,G3-131-RDFO6YXD6O,131,true,400,3
12136137,8d05e470cb7a0bfbc5a400268b936b5183f14cfa-104,clove71,1,16.578,500,12136137,9fcc80d748241253a7b9d528a7fb7cd831cb1e07,2021-10-18T05:15:45.000Z,palevo,2,peakmonsters,1,2021-10-19T05:15:45.000Z,DEC,16.578,DEC,16.578,16.578,,,,G3-91-KKUY5AZ8A8,91,true,200,3
10188310,b9f22c4e225d3e72926767928a501d5967dc4bab-0,rege5,1,15.000,500,10188310,67d007b4afcdc8ebf35c988e92abc4e868bd612c,2021-10-18T05:15:27.000Z,palevo,2,peakmonsters,1,2021-10-19T05:15:27.000Z,DEC,15.000,DEC,15.000,15.000,,,,C0-18-269QAZ3UZK,18,false,300,0
13332675,edba5c77e72e14b6d75195b4af0cccc70295351d-8,toocurious,1,9.950,500,13332675,5458d8c578f742980fa6b0aa6e2ae27dc76eb15c,2021-10-18T05:14:30.000Z,palevo,2,peakmonsters,1,2021-10-19T05:14:30.000Z,DEC,9.950,DEC,9.950,9.950,,,,G3-103-MZTIGG8MF4,103,true,200,3
11918687,049515400dc1025b59a9184516ff22fc88a942dc-0,vettev,1,3.800,500,11918687,5458d8c578f742980fa6b0aa6e2ae27dc76eb15c,2021-10-18T05:14:30.000Z,palevo,2,peakmonsters,1,2021-10-19T05:14:30.000Z,DEC,3.800,DEC,3.800,3.800,,,,G1-12-ZPDVJ8E5RK,12,true,200,1
10435761,8db12c91b4393a0465d770906d0217dc58a489a8-0,rege1,1,16.000,500,10435761,5458d8c578f742980fa6b0aa6e2ae27dc76eb15c,2021-10-18T05:14:30.000Z,palevo,2,peakmonsters,1,2021-10-19T05:14:30.000Z,DEC,16.000,DEC,16.000,16.000,,,,G1-14-V9BFDGAINK,14,true,200,1
10570698,81bca07a875a086773bcf582da4743b26ea7577f-8,rza2121,1,3.950,500,10570698,5458d8c578f742980fa6b0aa6e2ae27dc76eb15c,2021-10-18T05:14:30.000Z,palevo,2,peakmonsters,1,2021-10-19T05:14:30.000Z,DEC,3.950,DEC,3.950,3.950,,,,G4-169-630UO79VQO,169,true,1,4
15894276,b05d43c29a346ecad2fbe0a6281fe48c68d1523e-19,aatrox,1,25.850,500,15894276,65724ada5f79706dbf4f482508094753da7a5820,2021-10-15T11:56:57.000Z,palevo,2,splinterlands,1,2021-10-16T11:56:57.000Z,DEC,25.850,DEC,25.850,25.850,,,,G1-30-F8WLFKP5AO,30,true,400,1
15413903,0c8aeb135088a81fffdb522b4c18023c477b6c80-5,legendarycanary,1,5.100,500,15413903,981e294b8fd078a74fa052fb575bff6ef0c76073,2021-10-15T11:55:00.000Z,palevo,2,splinterlands,1,2021-10-16T11:55:00.000Z,DEC,5.100,DEC,5.100,5.100,,,,C3-244-2RRPYARVA8,244,false,1,3
14400709,532544df3fa57d8fb856224720e7c4dd3a4e920e-41,imno,1,8.790,500,14400709,c849a804fe08814087f1a9b9e80ce04d2fb0550d,2021-10-12T09:04:09.000Z,palevo,2,peakmonsters,1,2021-10-13T09:04:09.000Z,DEC,9.840,DEC,9.840,9.840,,,,C4-293-SIRJFYVCHS,293,false,1,4
11207736,d4d96809248aef8a5e1f3b2936c24d6677293f4c-102,smalp,1,19.950,500,11207736,e7d026a13320a5351a2a4ee8fe973e2a3229de28,2021-10-12T09:03:45.000Z,palevo,2,peakmonsters,1,2021-10-13T09:03:45.000Z,DEC,19.950,DEC,19.950,19.950,,,,G3-91-3R27MIWOOW,91,true,200,3
11949171,e4f9a479143fb205586287c5614d55cdc51ae428-9,gfriend96,1,30.559,500,11949171,e7d026a13320a5351a2a4ee8fe973e2a3229de28,2021-10-12T09:03:45.000Z,palevo,2,peakmonsters,1,2021-10-13T09:03:45.000Z,DEC,30.559,DEC,30.559,30.559,,,,G3-131-NJPPWG56PC,131,true,400,3
15891695,d15ce342c445c9d03558df0f962fde47a4488f36-3,zonguin,1,1.551,500,15891695,e7d026a13320a5351a2a4ee8fe973e2a3229de28,2021-10-12T09:03:45.000Z,palevo,2,peakmonsters,1,2021-10-13T09:03:45.000Z,DEC,4.950,DEC,4.950,4.950,,,,G4-171-N6XGM4DAG0,171,true,1,4
15679375,bc271b627013de747bffaa671c06aefc2e43a138-15,deezrentals,1,43.900,500,15679375,d63f2253b73fb9c6dbcdbdc213c8c64331c43aeb,2021-10-12T09:02:57.000Z,palevo,2,peakmonsters,1,2021-10-13T09:02:57.000Z,DEC,43.900,DEC,43.900,43.900,,,,G4-178-FLP3H3ZAIO,178,true,1,4
15260587,977c5d875e6af58ea167fc80cb8ea224aae00108-0,cal3,1,12.000,500,15260587,d63f2253b73fb9c6dbcdbdc213c8c64331c43aeb,2021-10-12T09:02:57.000Z,palevo,2,peakmonsters,1,2021-10-13T09:02:57.000Z,DEC,12.000,DEC,12.000,12.000,,,,G1-14-259U2BBL1C,14,true,200,1
12427309,473eab35d73c79b788d16b83170ec4261390e05c-0,farm2,1,15.000,500,12427309,04445b71a768f8cbbf58fd2086e10fde9ac001a2,2021-10-07T01:09:27.000Z,palevo,2,peakmonsters,1,2021-10-08T01:09:27.000Z,DEC,15.000,DEC,15.000,15.000,,,,G1-14-SW9P86HB9S,14,true,200,1
9494970,b17d12793e498c7a29ea97c09c4465c2011ceb54-15,smalp,1,31.341,500,9494970,0e5eca94632401c5c3c66686e57ad24cf167720d,2021-10-07T01:08:45.000Z,palevo,2,peakmonsters,1,2021-10-08T01:08:45.000Z,DEC,31.341,DEC,31.341,31.341,,,,G3-131-6E52VZRU5S,131,true,400,3
14450925,062b4bfba33118e777294bbd1395d54f5768f6d3-0,jzn,1,10.000,500,14450925,a1689d8818681e3bb18f486a4a3382e5668d5249,2021-10-07T01:08:06.000Z,palevo,2,peakmonsters,1,2021-10-08T01:08:06.000Z,DEC,10.000,DEC,10.000,10.000,,,,G3-103-O00H78R7HC,103,true,200,3
15485785,615162551d5395b4acc24f72b969421655e1e9d8-42,legendarycanary,1,2.600,500,15485785,e30328c46edb9902803bfdad85dc3ae6b1ce141f,2021-10-07T01:07:57.000Z,palevo,2,peakmonsters,1,2021-10-08T01:07:57.000Z,DEC,2.600,DEC,2.600,2.600,,,,G4-171-H44DNOQH7K,171,true,1,4
10772909,d5ebe52856905646cf93e6a3320f02c824830874-0,digital-fortress,1,3.500,500,10772909,d8ef6464c93f32fee213487b32f0c0a23cc4ee27,2021-10-07T01:07:21.000Z,palevo,2,peakmonsters,1,2021-10-08T01:07:21.000Z,DEC,3.500,DEC,3.500,3.500,,,,G4-169-6NNRQVWRC0,169,true,1,4
12606599,b9078dfabaa1dc5d2d366f4d6a5b58d64376d015-0,hatoto,1,24.838,500,12606599,477a9993bb996a51b9e5fadc5f0cfeefc32bb3d4,2021-10-02T17:29:30.000Z,palevo,2,peakmonsters,1,2021-10-03T17:29:30.000Z,DEC,24.838,DEC,24.838,24.838,,,,G3-131-GOHLRLLZ1S,131,true,400,3
14973817,4af6ca9f49a804c971434f1d373eba8f20227036-8,nai.collection,1,9.794,500,14973817,803d1b96ddbf66834e0b5e4f0aaf3b6fbfb4b749,2021-10-02T17:29:06.000Z,palevo,2,peakmonsters,1,2021-10-03T17:29:06.000Z,DEC,9.794,DEC,9.794,9.794,,,,G3-103-RBP1ZRUQV4,103,true,200,3
10367428,d97af5301887fab7ec0a86c60d74b4f6aedf1eb0-34,the10legmulti,1,1.372,500,10367428,803d1b96ddbf66834e0b5e4f0aaf3b6fbfb4b749,2021-10-02T17:29:06.000Z,palevo,2,peakmonsters,1,2021-10-03T17:29:06.000Z,DEC,1.372,DEC,1.372,1.372,,,,G4-169-HF89D5ESN4,169,true,1,4
12935845,a8ca5f48786e226cbdd36375d0355147f8645c78-2,davemccoy,1,4.190,500,12935845,ad774d6ae953aefa265312b880c43757727c1ff3,2021-10-02T17:28:27.000Z,palevo,2,peakmonsters,1,2021-10-03T17:28:27.000Z,DEC,4.190,DEC,4.190,4.190,,,,G1-12-W4DQQQOULC,12,true,200,1
10593190,3c1c50aad5d6925af11800cfcda4be252c132c2a-0,fighter4-freedom,1,18.000,500,10593190,ad774d6ae953aefa265312b880c43757727c1ff3,2021-10-02T17:28:27.000Z,palevo,2,peakmonsters,1,2021-10-03T17:28:27.000Z,DEC,18.000,DEC,18.000,18.000,,,,G4-178-A8RZXLNOTS,178,true,1,4