﻿id,sell_trx_id,seller,num_cards,buy_price,fee_percent,market_item_id,rental_tx,rental_date,renter,status,market_account,rental_days,next_rental_payment,payment_currency,payment_amount,escrow_currency,escrow_amount,paid_amount,cancel_tx,cancel_player,cancel_date,card_id,card_detail_id,gold,xp,edition
9477528,2509d5fbafed8c7ec635e439727a779616299bea-5,smalp,1,44.950,500,9477528,10d572693d3075749a8fa26e21c9dd7f378556f7,2021-10-30T02:00:21.000Z,namumuki,2,splinterlands,1,2021-10-31T02:00:21.000Z,DEC,44.950,DEC,44.950,44.950,,,,G1-1-7B8Q27Z3XS,1,true,800,1
11539331,3dd4492b63819da3cb04b2183a2a2dfc99e273f3-46,smalp,1,154.950,500,11539331,10d762d6aca698d334d1362970024c9b6c914561,2021-10-30T01:59:24.000Z,namumuki,2,splinterlands,1,2021-10-31T01:59:24.000Z,DEC,154.950,DEC,154.950,154.950,,,,C-K09XIL4LS0,1,false,7700,0
10164293,e872f3176305e58c2a588890588730b7fabd2d72-2,pardinus,1,5.000,500,10164293,941636122e47c5fce4b5ae38ba5f28404e218636,2021-10-26T11:36:27.000Z,namumuki,2,peakmonsters,1,2021-10-27T11:36:27.000Z,DEC,5.000,DEC,5.000,5.000,,,,C3-131-RQVJD9ETSW,131,false,0,3
11027753,dd6f81678c03e67406cebdc3a8c19ec0d17a682a-0,crypt0hog,1,6.247,500,11027753,bb7081506fdcc35e605dad4175cb8cb7f982d22e,2021-10-26T11:35:51.000Z,namumuki,2,peakmonsters,1,2021-10-27T11:35:51.000Z,DEC,6.247,DEC,6.247,6.247,,,,C4-293-N2DMU9ZYPS,293,false,1,4
17581685,a8f550f7d61fd06591319a569a07750304ae82c2-23,let-the-leo,1,49.400,500,17581685,d221dd1b0b1ff7840683732147324f39f5202a39,2021-10-26T11:35:42.000Z,namumuki,2,peakmonsters,1,2021-10-27T11:35:42.000Z,DEC,49.400,DEC,49.400,49.400,,,,G4-178-LZMMPHFLSW,178,true,1,4
10799778,8394e2f57377efff347533822f266b5b6cf6ba6a-12,dec-bazaar,1,9.000,500,10799778,a0c7474c950f15897607bcec26caaa88bf666a53,2021-10-26T11:35:36.000Z,namumuki,2,peakmonsters,1,2021-10-27T11:35:36.000Z,DEC,9.000,DEC,9.000,9.000,,,,G3-91-4K0VG8W7WG,91,true,200,3
17510077,9af6e2193d2e98b72ab898ff8466e52a7b6f8b83-56,qinetix,1,7.900,500,17510077,a0c7474c950f15897607bcec26caaa88bf666a53,2021-10-26T11:35:36.000Z,namumuki,2,peakmonsters,1,2021-10-27T11:35:36.000Z,DEC,7.900,DEC,7.900,7.900,,,,G4-169-RNPC6E0M0G,169,true,1,4
16914930,327f09be97250b7dcbdd6d262433f99381dc7293-77,legendarycanary,1,3.350,500,16914930,a0c7474c950f15897607bcec26caaa88bf666a53,2021-10-26T11:35:36.000Z,namumuki,2,peakmonsters,1,2021-10-27T11:35:36.000Z,DEC,3.350,DEC,3.350,3.350,,,,G4-171-O5V310LO8G,171,true,1,4
17712661,2dc9d2c6076a7089f502056d02e4a6e821e14ac0-0,furyfunky,1,11.000,500,17712661,a0c7474c950f15897607bcec26caaa88bf666a53,2021-10-26T11:35:36.000Z,namumuki,2,peakmonsters,1,2021-10-27T11:35:36.000Z,DEC,11.000,DEC,11.000,11.000,,,,G3-103-BLHFK4E99S,103,true,200,3
11548105,43f06651e8729a636ea680b34a10d2843ea843b2-9,davemccoy,1,7.217,500,11548105,a0c7474c950f15897607bcec26caaa88bf666a53,2021-10-26T11:35:36.000Z,namumuki,2,peakmonsters,1,2021-10-27T11:35:36.000Z,DEC,7.217,DEC,7.217,7.217,,,,G1-12-QX72B7HLM8,12,true,200,1
16046592,26a36c86d92e0e9e48deba6ad075f899aa26a510-0,blindinglight,1,12.999,500,16046592,518914ac0d052c3d49d9ed8c2c2edeed6973182d,2021-10-21T10:00:21.000Z,namumuki,2,peakmonsters,1,2021-10-22T10:00:21.000Z,DEC,12.999,DEC,12.999,12.999,,,,G3-103-4EU05ND6RK,103,true,200,3
16798859,f21ca079e26874412c874d9cb08ccd1827252f03-0,megalithic,1,7.650,500,16798859,caed1110cdc7cc1fc1d365c720362ead5236b33f,2021-10-21T09:59:33.000Z,namumuki,2,peakmonsters,1,2021-10-22T09:59:33.000Z,DEC,8.800,DEC,8.800,8.800,,,,G4-169-UD1RMSTV7K,169,true,1,4
15501058,ea31f633b41b33a511fc810ded97c3c183b1df1c-1,lucky-cards,1,13.900,500,15501058,caed1110cdc7cc1fc1d365c720362ead5236b33f,2021-10-21T09:59:33.000Z,namumuki,2,peakmonsters,1,2021-10-22T09:59:33.000Z,DEC,13.900,DEC,13.900,13.900,,,,G1-14-II2GN8TJWG,14,true,200,1
16013539,9ebd5ac816796a6f9f5e5d9427a3d2a39bca7539-107,invest0x23,1,5.100,500,16013539,caed1110cdc7cc1fc1d365c720362ead5236b33f,2021-10-21T09:59:33.000Z,namumuki,2,peakmonsters,1,2021-10-22T09:59:33.000Z,DEC,5.100,DEC,5.100,5.100,,,,G4-171-NAH6OB3P1S,171,true,1,4
16204890,b78a10f2576422364b00cdfe17ccba7a142ed9f9-6,niallon11,1,15.000,500,16204890,caed1110cdc7cc1fc1d365c720362ead5236b33f,2021-10-21T09:59:33.000Z,namumuki,2,peakmonsters,1,2021-10-22T09:59:33.000Z,DEC,15.000,DEC,15.000,15.000,,,,G3-91-EM0ALQNSCG,91,true,200,3
10287052,4cc317610ab54a56c0de6545b7aeb23b2f957675-0,gungunkrishu,1,20.000,500,10287052,caed1110cdc7cc1fc1d365c720362ead5236b33f,2021-10-21T09:59:33.000Z,namumuki,2,peakmonsters,1,2021-10-22T09:59:33.000Z,DEC,20.000,DEC,20.000,20.000,,,,G1-12-DEFP79RUR4,12,true,200,1
11204222,b3f3f4f7967dfa8779fbd8fde53f75c612ff9bee-53,smalp,1,150.000,500,11204222,07a91ae25386eff5f097c2fd2a9439f00cff5c6f,2021-10-14T20:08:09.000Z,namumuki,2,splinterlands,1,2021-10-15T20:08:09.000Z,DEC,150.000,DEC,150.000,150.000,,,,G-LKE2TULZ74,46,true,2750,0
10090600,1d46e6ebbb271cd0ade198c5bd5e2de4a2385566-0,netaterra,1,27.000,500,10090600,d85ec509d715dc88cc9c113d36bd05856c202fa0,2021-10-10T10:32:48.000Z,namumuki,2,peakmonsters,1,2021-10-11T10:32:48.000Z,DEC,27.000,DEC,27.000,27.000,,,,G3-131-7KS3VGLCA8,131,true,400,3
15785952,b2fa801b1178592304b71b626214d943d200c89b-18,ole555,1,5.950,500,15785952,487117cdd2d2d83592c401ac86ea7611ee9d1cab,2021-10-10T10:32:36.000Z,namumuki,2,peakmonsters,1,2021-10-11T10:32:36.000Z,DEC,9.380,DEC,9.380,9.380,,,,G4-169-V0WWFO8ZHC,169,true,1,4
10183601,dd0a4b20c4b54ab316455677bc23c968e476543c-2,digital-fortress,1,9.944,500,10183601,8eb8b61d47e235ff83e776ca8ac0000f4a2394ae,2021-10-10T10:31:15.000Z,namumuki,2,peakmonsters,1,2021-10-11T10:31:15.000Z,DEC,9.944,DEC,9.944,9.944,,,,G3-103-HUOFXSMKGW,103,true,200,3
11536269,b67f113f7da2e5dd14a76d1847d029a6a2e8a6ba-9,azircon,1,3.500,500,11536269,eeb6a1d2a76cc38497c2c6fe8f12e07f1e93cc51,2021-10-10T10:30:42.000Z,namumuki,2,peakmonsters,1,2021-10-11T10:30:42.000Z,DEC,3.500,DEC,3.500,3.500,,,,G4-171-GV13IDCKS0,171,true,1,4
10336376,cff377e56e440a889a88a4452a4eca0dbf7f85d6-2,pbj214,1,12.285,500,10336376,eeb6a1d2a76cc38497c2c6fe8f12e07f1e93cc51,2021-10-10T10:30:42.000Z,namumuki,2,peakmonsters,1,2021-10-11T10:30:42.000Z,DEC,12.285,DEC,12.285,12.285,,,,G1-14-WIYEXWGI80,14,true,200,1
11529031,a6a53d9c2a54afd059c86d0380cf0e455349d30b-0,stimp-bank,1,40.440,500,11529031,eeb6a1d2a76cc38497c2c6fe8f12e07f1e93cc51,2021-10-10T10:30:42.000Z,namumuki,2,peakmonsters,1,2021-10-11T10:30:42.000Z,DEC,40.440,DEC,40.440,40.440,,,,G1-18-JIXB60O13K,18,true,400,1
10332337,8b9960c60d95ffee3a3f0fe78c61b0dcffee39e9-2,fighter4-freedom,1,6.000,500,10332337,eeb6a1d2a76cc38497c2c6fe8f12e07f1e93cc51,2021-10-10T10:30:42.000Z,namumuki,2,peakmonsters,1,2021-10-11T10:30:42.000Z,DEC,6.000,DEC,6.000,6.000,,,,G1-12-DL71RBJEI8,12,true,200,1
12136126,8d05e470cb7a0bfbc5a400268b936b5183f14cfa-93,clove71,1,16.578,500,12136126,83d904d063c4a8e78f305febd9e92332f7ed300d,2021-10-05T00:52:09.000Z,namumuki,2,peakmonsters,1,2021-10-06T00:52:09.000Z,DEC,16.578,DEC,16.578,16.578,,,,G3-91-ATK3DW4FEO,91,true,200,3
10043554,afb4963ef4a1dd9ec58d30ecf527b6eca65200bd-126,orangefudge,1,24.950,500,10043554,83d904d063c4a8e78f305febd9e92332f7ed300d,2021-10-05T00:52:09.000Z,namumuki,2,peakmonsters,1,2021-10-06T00:52:09.000Z,DEC,24.950,DEC,24.950,24.950,,,,G3-131-C7SMBC1F28,131,true,400,3
15025613,adf760db256e8947ce088a38722962d25b5addb2-0,kush-hyg,1,7.500,500,15025613,77b428b6dabe666fe09ff689766b30675eb06ea0,2021-10-05T00:51:18.000Z,namumuki,2,peakmonsters,1,2021-10-06T00:51:18.000Z,DEC,7.500,DEC,7.500,7.500,,,,G3-103-0CQZIK315S,103,true,200,3
10296351,e89000ba7e7e2d18966fa058b65afa4895629409-13,monsterveritas,1,0.939,500,10296351,77b428b6dabe666fe09ff689766b30675eb06ea0,2021-10-05T00:51:18.000Z,namumuki,2,peakmonsters,1,2021-10-06T00:51:18.000Z,DEC,0.939,DEC,0.939,0.939,,,,G4-171-V869YPXDKW,171,true,1,4