﻿id,sell_trx_id,seller,num_cards,buy_price,fee_percent,market_item_id,rental_tx,rental_date,renter,status,market_account,rental_days,next_rental_payment,payment_currency,payment_amount,escrow_currency,escrow_amount,paid_amount,cancel_tx,cancel_player,cancel_date,card_id,card_detail_id,gold,xp,edition
15453434,3d0e222dff3c7c668b689f89ed1e2fa16cf0f558-5,lucky-cards,1,90.000,500,15453434,9ca8843594e24513dddf9332f1c739f5a9a39282,2021-10-30T08:16:27.000Z,alghanthaz,2,splinterlands,1,2021-10-31T08:16:27.000Z,DEC,90.000,DEC,90.000,90.000,,,,G1-38-FAKE37II2O,38,true,2800,1
11206150,3610968fd35bbb264a0605be2ab6d4c54d4b35ae-51,smalp,1,52.543,500,11206150,f379af261b74c21bf09361b79d43759142f950b8,2021-10-30T08:15:45.000Z,alghanthaz,2,splinterlands,1,2021-10-31T08:15:45.000Z,DEC,52.543,DEC,52.543,52.543,,,,G4-172-7PWNPS0BHS,172,true,2,4
11445323,3151da25dd70849ce7a8edc3296995d58ae615b4-22,fighter4-freedom,1,19.000,500,11445323,96892ea87842be87dd20bed00235ad630e6be76c,2021-10-27T14:26:09.000Z,alghanthaz,2,peakmonsters,1,2021-10-28T14:26:09.000Z,DEC,19.000,DEC,19.000,19.000,,,,G3-91-YMGTON65YO,91,true,200,3
10298567,855ea67579aab9b4bfbfbaf139c916615086d38f-7,rdkmedia,1,0.189,500,10298567,07c48603a5f9a002e9c56846d950957760939e61,2021-10-27T14:25:54.000Z,alghanthaz,2,peakmonsters,1,2021-10-28T14:25:54.000Z,DEC,0.189,DEC,0.189,0.189,,,,C4-171-X8E8KZDOF4,171,false,1,4
17721579,3ffe057183306c4dbeb762d64727da1b6566382b-66,aatrox,1,14.950,500,17721579,acd35e99739ddc6ca4711b26c07c57a5389a1826,2021-10-27T14:25:21.000Z,alghanthaz,2,peakmonsters,1,2021-10-28T14:25:21.000Z,DEC,14.950,DEC,14.950,14.950,,,,G-XCOJH6TKJK,12,true,250,0
15742074,68ab98a9b3b438e411a65be35ebca991254a334a-116,lrpepps,1,7.400,500,15742074,355e0e4aa810029f0b168be2059d4b4219a29cc1,2021-10-27T14:24:51.000Z,alghanthaz,2,peakmonsters,1,2021-10-28T14:24:51.000Z,DEC,7.400,DEC,7.400,7.400,,,,C-FKXXI9ABXS,18,false,100,0
17382237,a76262f16c124c5a87f75ba7a3a4c00b2f8daedc-134,monkishpenguin,1,3.132,500,17382237,1327c9ad050a52e1daef27f6ae04e3db9c4df1ac,2021-10-27T14:24:42.000Z,alghanthaz,2,peakmonsters,1,2021-10-28T14:24:42.000Z,DEC,3.132,DEC,3.132,3.132,,,,C3-131-NS6CJEZ100,131,false,0,3
15866144,59c0877e444f56875f4c7258836ebe7c3353552e-11,fighter4-freedom,1,5.500,500,15866144,3d885913519b77bbe930f00ec9f7e30e37284add,2021-10-22T10:12:21.000Z,alghanthaz,2,peakmonsters,1,2021-10-23T10:12:21.000Z,DEC,5.500,DEC,5.500,5.500,,,,G4-171-8TLRTFM3PS,171,true,1,4
10282671,be3f3724db4ebea80f2fe649fca8b9fd74efeb09-0,mawit07,1,7.000,500,10282671,35c029d29c580641e92068ba92a34ef779787e4f,2021-10-22T10:11:39.000Z,alghanthaz,2,peakmonsters,1,2021-10-23T10:11:39.000Z,DEC,7.000,DEC,7.000,7.000,,,,C-FSFUIBC2VK,18,false,300,0
16211059,fff0862018ce2fbd3419d0f3da76bacfc648b499-0,irishgirlcrypto,1,32.674,500,16211059,eb322aed414b1e43c440305caf6329fc5ac04a87,2021-10-22T10:10:45.000Z,alghanthaz,2,peakmonsters,1,2021-10-23T10:10:45.000Z,DEC,32.674,DEC,32.674,32.674,,,,G4-178-O7DOAMZTSW,178,true,1,4
11548103,43f06651e8729a636ea680b34a10d2843ea843b2-7,davemccoy,1,7.217,500,11548103,eb322aed414b1e43c440305caf6329fc5ac04a87,2021-10-22T10:10:45.000Z,alghanthaz,2,peakmonsters,1,2021-10-23T10:10:45.000Z,DEC,7.217,DEC,7.217,7.217,,,,G1-12-QLQP4PEJFK,12,true,200,1
15500983,992a6aef5e0054e5fe86baa398f127cd9fa13595-12,lucky-cards,1,14.000,500,15500983,eb322aed414b1e43c440305caf6329fc5ac04a87,2021-10-22T10:10:45.000Z,alghanthaz,2,peakmonsters,1,2021-10-23T10:10:45.000Z,DEC,14.000,DEC,14.000,14.000,,,,G1-14-CNK4Y4ZHWG,14,true,200,1
15499396,e46ef3682906186f9ea91a44431df3b61f1dca04-13,lucky-cards,1,34.000,500,15499396,667232122bee0745fe74b23ee2f82d14aa836a74,2021-10-15T13:24:45.000Z,alghanthaz,2,splinterlands,1,2021-10-16T13:24:45.000Z,DEC,34.000,DEC,34.000,34.000,,,,G1-28-WN0LMKWNNK,28,true,400,1
10366744,f6d4240d435cfe4842815bdf90641010a004df7f-12,aatrox,1,9.352,500,10366744,c07900f2d5a3dffa6b751119d4a8bdcecbbd954b,2021-10-15T13:23:09.000Z,alghanthaz,2,splinterlands,1,2021-10-16T13:23:09.000Z,DEC,9.352,DEC,9.352,9.352,,,,G-K3VJHDBHWW,46,true,250,0
9307266,aba9fba9d4dbd37d3d567abfcb3550ce8630c811-43,smalp,1,6.291,500,9307266,c7bbd07b085a5bde04182719a84fe248a34cbe0a,2021-10-15T10:17:15.000Z,alghanthaz,2,splinterlands,1,2021-10-16T10:17:15.000Z,DEC,6.291,DEC,6.291,6.291,,,,C1-43-UB8VB8DYN4,43,false,875,1
10230500,df4ae63b61f969f4ada442d73eab25099cc98caf-0,cal3,1,15.000,500,10230500,612cc46ac03b84f991332161aa4fea82d1594a91,2021-10-13T01:25:12.000Z,alghanthaz,2,peakmonsters,1,2021-10-14T01:25:12.000Z,DEC,15.000,DEC,15.000,15.000,,,,C-90477OP4HS,18,false,300,0
10600982,350d95884e96566481d7e4f260f753633b490b23-90,namelessnameless,1,9.844,500,10600982,886cddabd8c3ce82711d2145c3eeeb64e05602f6,2021-10-13T01:24:54.000Z,alghanthaz,2,peakmonsters,1,2021-10-14T01:24:54.000Z,DEC,9.844,DEC,9.844,9.844,,,,G3-103-YUYIQY4OO0,103,true,200,3
15862283,7a7908f054495bd628fa7afab2fbdb5a25b08388-2,fighter4-freedom,1,13.000,500,15862283,886cddabd8c3ce82711d2145c3eeeb64e05602f6,2021-10-13T01:24:54.000Z,alghanthaz,2,peakmonsters,1,2021-10-14T01:24:54.000Z,DEC,13.000,DEC,13.000,13.000,,,,G1-14-DAL5254U8W,14,true,200,1
15909387,43d825243c8a4252eb9e45b83f2f717bbd0bfc2c-84,moriarty95,1,5.150,500,15909387,886cddabd8c3ce82711d2145c3eeeb64e05602f6,2021-10-13T01:24:54.000Z,alghanthaz,2,peakmonsters,1,2021-10-14T01:24:54.000Z,DEC,5.150,DEC,5.150,5.150,,,,G4-171-LU97S8Z2W0,171,true,1,4
15616409,a2b46ffab3ae3286dd1cd8c7ffbfa6d93d1e0de6-0,scooter77,1,45.000,500,15616409,886cddabd8c3ce82711d2145c3eeeb64e05602f6,2021-10-13T01:24:54.000Z,alghanthaz,2,peakmonsters,1,2021-10-14T01:24:54.000Z,DEC,45.000,DEC,45.000,45.000,,,,G4-178-X60CPVM7TS,178,true,1,4
15582872,143e79e2c6f78d2226daf9805aa3347ee0c45b29-18,fighter4-freedom,1,29.000,500,15582872,886cddabd8c3ce82711d2145c3eeeb64e05602f6,2021-10-13T01:24:54.000Z,alghanthaz,2,peakmonsters,1,2021-10-14T01:24:54.000Z,DEC,29.000,DEC,29.000,29.000,,,,G3-131-UIS60QSYKG,131,true,400,3
12136139,8d05e470cb7a0bfbc5a400268b936b5183f14cfa-106,clove71,1,16.578,500,12136139,b12cfbec4eaf2fa3078611330a9dd380b567b187,2021-10-04T13:33:12.000Z,alghanthaz,2,peakmonsters,1,2021-10-05T13:33:12.000Z,DEC,16.578,DEC,16.578,16.578,,,,G3-91-N1DMWEQD68,91,true,200,3
11260104,b4387c8d8f59726df186888fa2a34b828c31e13f-0,d-pend,1,18.990,500,11260104,b7db32b5876f5137d0913c0ae07b2afc2c5c51c6,2021-10-04T13:32:48.000Z,alghanthaz,2,peakmonsters,1,2021-10-05T13:32:48.000Z,DEC,18.990,DEC,18.990,18.990,,,,G1-14-13ALP720OG,14,true,200,1
14525906,5e40987d977316855022fb8508767da571c62d47-0,sm-silva,1,11.650,500,14525906,2a90b69e8ff19e976cd816f45c06dbd7d99c5eda,2021-10-04T13:32:00.000Z,alghanthaz,2,peakmonsters,1,2021-10-05T13:32:00.000Z,DEC,11.650,DEC,11.650,11.650,,,,G3-103-B40NVS68GW,103,true,200,3
14329996,a0412814849aff74bc086e65fe1b8ed3ce9abcce-123,vugtis,1,49.800,500,14329996,2a90b69e8ff19e976cd816f45c06dbd7d99c5eda,2021-10-04T13:32:00.000Z,alghanthaz,2,peakmonsters,1,2021-10-05T13:32:00.000Z,DEC,49.800,DEC,49.800,49.800,,,,G4-178-4ZHUV9YB9C,178,true,1,4