﻿id,sell_trx_id,seller,num_cards,buy_price,fee_percent,market_item_id,rental_tx,rental_date,renter,status,market_account,rental_days,next_rental_payment,payment_currency,payment_amount,escrow_currency,escrow_amount,paid_amount,cancel_tx,cancel_player,cancel_date,card_id,card_detail_id,gold,xp,edition
18411588,ac4141752bab9f42e17ef7a496b65e8982fdce2b-7,mikofs31,1,19.950,500,18411588,3767c744b542e52e42a3ffd333fd9ae2e6f44e38,2021-11-02T07:04:57.000Z,sinowal,1,peakmonsters,1,2021-11-03T07:04:57.000Z,DEC,19.950,DEC,19.950,19.950,,,,C-5F26884WMO,14,false,120,0
10189615,f9d777136cdc838dc4e97010b8f0f5fe0d222307-0,rege3,1,10.000,500,10189615,84debad075d3513bf408b45aab2fd53e3801698e,2021-11-02T07:04:48.000Z,sinowal,1,peakmonsters,1,2021-11-03T07:04:48.000Z,DEC,10.000,DEC,10.000,10.000,,,,C0-18-1Y7231W440,18,false,300,0
16167804,9e841aa3fed95bc06eeb59a7eac71b21918629ce-4,fighter4-freedom,1,8.000,500,16167804,6cdf39834d0fab20fe3dab6f1c2bf93f1eebba12,2021-11-02T06:03:51.000Z,sinowal,1,splinterlands,1,2021-11-03T06:03:51.000Z,DEC,8.000,DEC,8.000,8.000,,,,C4-293-D6Y7XHV2CG,293,false,1,4
18264665,8c7aa6c31673fd9bc0af7935d2ae67378ef7f7e5-98,herons-unlimited,1,26.000,500,18264665,d80e08aabe203f435a2a069ce6a8511d8dcb4047,2021-11-02T06:03:33.000Z,sinowal,1,splinterlands,1,2021-11-03T06:03:33.000Z,DEC,26.000,DEC,26.000,26.000,,,,G3-131-794IWUAI2O,131,true,400,3
14330008,a0412814849aff74bc086e65fe1b8ed3ce9abcce-135,vugtis,1,49.800,500,14330008,53c84cb46d15b1ba2e9cec843133c5e196445472,2021-11-02T06:02:48.000Z,sinowal,1,splinterlands,1,2021-11-03T06:02:48.000Z,DEC,49.800,DEC,49.800,49.800,,,,G4-178-S990VE4XOG,178,true,1,4
14378533,0eac15e6f14a882996dda593f9a0212e4374f054-1,sacred-agent,1,16.577,500,14378533,07288e98906efee9606f2171d999fc2d3077124a,2021-11-02T06:02:39.000Z,sinowal,1,splinterlands,1,2021-11-03T06:02:39.000Z,DEC,16.577,DEC,16.577,16.577,,,,G3-91-29RQC5MJ68,91,true,200,3
10307841,7fcce4e630b66ad0db15a6b3b482a64d48be7a49-31,lucky-cards,1,13.000,500,10307841,12183388e93c9a0aeae7fd5c58d3c2c2351d5eef,2021-11-02T06:02:21.000Z,sinowal,1,splinterlands,1,2021-11-03T06:02:21.000Z,DEC,13.000,DEC,13.000,13.000,,,,G3-103-1HBSQWD68W,103,true,200,3
10760900,8d13b09447819995d9b25ae48057d1d2398d6133-0,popsiclezone,1,9.000,500,10760900,aae179d5fa3e3606a93c5191a2883246deda17e4,2021-11-02T06:02:15.000Z,sinowal,1,splinterlands,1,2021-11-03T06:02:15.000Z,DEC,9.000,DEC,9.000,9.000,,,,G4-169-F11YIUPJ8W,169,true,1,4
11073987,718104626b2410032d54c58c4831c165e0f9df5a-0,lucky-cards,1,4.700,500,11073987,0ab7deeb514cbd490790e76ab7fb9be3f7ef62cf,2021-11-02T06:01:03.000Z,sinowal,1,splinterlands,1,2021-11-03T06:01:03.000Z,DEC,4.700,DEC,4.700,4.700,,,,G1-12-2UV9OZ919C,12,true,200,1
17168027,5a19e11e663d61ae9dc81877d19baa79630cf8d8-123,slbrf,1,21.000,500,17168027,81bc7ad7b25ce96575e7182ecee8c8aac5894b1e,2021-10-30T07:07:12.000Z,sinowal,2,splinterlands,1,2021-10-31T07:07:12.000Z,DEC,21.000,DEC,21.000,21.000,,,,C1-40-CLJEFVG8LS,40,false,2550,1
16255108,43b89bfff5386ee19f9779de66b0346945bdaf70-16,lucky-cards,1,40.000,500,16255108,7e3fb08d8d139d7456ec738a89409be64bae0e22,2021-10-30T07:06:54.000Z,sinowal,2,splinterlands,1,2021-10-31T07:06:54.000Z,DEC,40.000,DEC,40.000,40.000,,,,G1-8-YP3N9KY3YO,8,true,400,1
9306998,c746b34e52707bab6c2ed60ed81c7b93219bb7f4-4,smalp,1,22.518,500,9306998,e4d0059693ff8f4eb3cd19190b10d9881d8db142,2021-10-30T07:06:15.000Z,sinowal,2,splinterlands,1,2021-10-31T07:06:15.000Z,DEC,22.518,DEC,22.518,22.518,,,,C0-31-P0SU2LSIHC,31,false,1750,0
15448514,b78114e3985e3ddb07885f1f9b553a2bfdd759a9-12,lucky-cards,1,10.000,500,15448514,4c0876c58c3ecec49a6eb8e34add11efa380f782,2021-10-30T07:04:48.000Z,sinowal,2,splinterlands,1,2021-10-31T07:04:48.000Z,DEC,10.000,DEC,10.000,10.000,,,,G-SQETCDL2CG,45,true,250,0
15867538,83d7cdb33adb89c53a8c3f47a1aa32093e51fee2-2,fighter4-freedom,1,13.000,500,15867538,b8f13ea5e484369605303e514903c9f1d5f57489,2021-10-30T07:03:12.000Z,sinowal,2,splinterlands,1,2021-10-31T07:03:12.000Z,DEC,13.000,DEC,13.000,13.000,,,,G3-245-W1PSCU79UO,245,true,1,3
16914876,327f09be97250b7dcbdd6d262433f99381dc7293-23,legendarycanary,1,23.900,500,16914876,738e0728d9cb646dd712f46552a8b5ff87dd6124,2021-10-30T07:02:48.000Z,sinowal,2,splinterlands,1,2021-10-31T07:02:48.000Z,DEC,23.900,DEC,23.900,23.900,,,,G3-227-MK450OVZDC,227,true,5,3
17382223,a76262f16c124c5a87f75ba7a3a4c00b2f8daedc-120,monkishpenguin,1,3.132,500,17382223,a8884b11296ab1ca578b211cc209f564730a827f,2021-10-25T15:11:15.000Z,sinowal,2,peakmonsters,1,2021-10-26T15:11:15.000Z,DEC,3.132,DEC,3.132,3.132,,,,C3-131-KRZ9SNU0EO,131,false,0,3
10949413,b0e2f49e7d8bdf769dce5e4f1e8faba79623b8cc-7,cyguy,1,14.950,500,10949413,89d4621dd460631924a8c3ac722f9e2fbb683540,2021-10-25T15:10:06.000Z,sinowal,2,peakmonsters,1,2021-10-26T15:10:06.000Z,DEC,14.950,DEC,14.950,14.950,,,,G3-91-HCJVNWRTN4,91,true,200,3
10905224,f6997283b964df2a8c7f191fe838f41f49af6e09-0,grosh,1,7.450,500,10905224,367ba9091c593edebfa4d06fafcf323251fced35,2021-10-25T15:09:36.000Z,sinowal,2,peakmonsters,1,2021-10-26T15:09:36.000Z,DEC,7.450,DEC,7.450,7.450,,,,C-0D8HISK0J4,18,false,100,0
10298566,855ea67579aab9b4bfbfbaf139c916615086d38f-6,rdkmedia,1,0.189,500,10298566,07400c709af0da3d611df99d2cd8769a4a50dc83,2021-10-25T15:09:21.000Z,sinowal,2,peakmonsters,1,2021-10-26T15:09:21.000Z,DEC,0.189,DEC,0.189,0.189,,,,C4-171-X7LRD2S9SG,171,false,1,4
12021169,39d8b321e02a78b973998c15dcaa4c8863a524f2-0,world4play2earn,1,12.000,500,12021169,13f83521425af5d26fddaa8881cb729407bb09fb,2021-10-25T15:09:09.000Z,sinowal,2,peakmonsters,1,2021-10-26T15:09:09.000Z,DEC,12.000,DEC,12.000,12.000,,,,G4-178-MJ3CQB6YEO,178,true,1,4
17106364,d8b8fafae54218b9308ee6b601a2460fb36fc555-37,ryan600,1,14.850,500,17106364,13f83521425af5d26fddaa8881cb729407bb09fb,2021-10-25T15:09:09.000Z,sinowal,2,peakmonsters,1,2021-10-26T15:09:09.000Z,DEC,14.850,DEC,14.850,14.850,,,,G1-12-3TMBDKOI40,12,true,200,1
12136046,8d05e470cb7a0bfbc5a400268b936b5183f14cfa-13,clove71,1,12.900,500,12136046,13f83521425af5d26fddaa8881cb729407bb09fb,2021-10-25T15:09:09.000Z,sinowal,2,peakmonsters,1,2021-10-26T15:09:09.000Z,DEC,12.900,DEC,12.900,12.900,,,,G3-103-LDO6V4DLXC,103,true,200,3
10266801,dd95c908af04c819cb77e9c8efc1fbda8df353e4-0,gungunkrishu,1,20.000,500,10266801,13f83521425af5d26fddaa8881cb729407bb09fb,2021-10-25T15:09:09.000Z,sinowal,2,peakmonsters,1,2021-10-26T15:09:09.000Z,DEC,20.000,DEC,20.000,20.000,,,,G1-14-861K3ILD68,14,true,200,1
9494992,b17d12793e498c7a29ea97c09c4465c2011ceb54-37,smalp,1,33.124,500,9494992,8300776bcbfbc05d30283213325e3b947c0ba766,2021-10-20T23:53:48.000Z,sinowal,2,peakmonsters,1,2021-10-21T23:53:48.000Z,DEC,33.124,DEC,33.124,33.124,,,,G3-131-NDIOR454AO,131,true,400,3
10426585,05272f4c8d01ea11b838958eb820e0973506d740-0,foggybottom,1,14.940,500,10426585,034dcbd551fd6e4de0ca1fbf5081729b726a09a3,2021-10-20T23:53:36.000Z,sinowal,2,peakmonsters,1,2021-10-21T23:53:36.000Z,DEC,14.940,DEC,14.940,14.940,,,,G3-103-D4Y92Q9MRK,103,true,200,3
15866146,59c0877e444f56875f4c7258836ebe7c3353552e-13,fighter4-freedom,1,5.500,500,15866146,5831d7a889ccce290b02a54cf3341c3f63d692d7,2021-10-20T23:53:30.000Z,sinowal,2,peakmonsters,1,2021-10-21T23:53:30.000Z,DEC,5.500,DEC,5.500,5.500,,,,G4-171-DCGV6G8DJ4,171,true,1,4
15909970,71e63f5151ec917998112d139967de08280bac54-66,moriarty95,1,49.700,500,15909970,5831d7a889ccce290b02a54cf3341c3f63d692d7,2021-10-20T23:53:30.000Z,sinowal,2,peakmonsters,1,2021-10-21T23:53:30.000Z,DEC,49.700,DEC,49.700,49.700,,,,G4-178-DQ54PQCOK0,178,true,1,4
15798967,6530b57e8a6ff6f5a15e3f60e91b58210ba9c926-0,iamdarrenclaxton,1,10.000,500,15798967,5831d7a889ccce290b02a54cf3341c3f63d692d7,2021-10-20T23:53:30.000Z,sinowal,2,peakmonsters,1,2021-10-21T23:53:30.000Z,DEC,10.000,DEC,10.000,10.000,,,,G1-12-H15AAOMP5S,12,true,200,1
15573448,94c4f1b9e7db6ed76b4814108c84d55bcc7e61b1-5,lucky-cards,1,12.500,500,15573448,5831d7a889ccce290b02a54cf3341c3f63d692d7,2021-10-20T23:53:30.000Z,sinowal,2,peakmonsters,1,2021-10-21T23:53:30.000Z,DEC,12.500,DEC,12.500,12.500,,,,G3-91-QXK3OSWETC,91,true,200,3
14899457,9f6e0aae034f01c77c44bf38ae24db89ce7ee09c-67,jarvie,1,20.300,500,14899457,1eafabcf6f59119dfb428ebf7aa97487aed8084b,2021-10-20T23:52:45.000Z,sinowal,2,peakmonsters,1,2021-10-21T23:52:45.000Z,DEC,20.300,DEC,20.300,20.300,,,,C-5GTTEKFUN4,18,false,1500,0
9306688,baf2439e2edcdcef6b9da8d940ab2592a33e386f-27,smalp,1,20.150,500,9306688,0f9fcfbffca0cd7e613cab870b43fe139b6e43ed,2021-10-15T10:20:24.000Z,sinowal,2,splinterlands,1,2021-10-16T10:20:24.000Z,DEC,20.150,DEC,20.150,20.150,,,,C0-18-2RZNS2OJHS,18,false,2500,0
12244577,983ba4580faab0fe21605592d10acbd9fdc3b2b7-110,suprememagus,1,6.500,500,12244577,e1c520e8e65d73c5dcac4a76dc236412791ff1d3,2021-10-13T04:02:36.000Z,sinowal,2,peakmonsters,1,2021-10-14T04:02:36.000Z,DEC,6.500,DEC,6.500,6.500,,,,C-80NPH3F3AO,18,false,100,0
14873280,e6aaf02846ab0c3cf664ce73a9de0f2c3d41f4a0-2,mountainjewel,1,15.950,500,14873280,aa71a43637c8774f70c0a42870b93c6df12e2160,2021-10-13T04:02:06.000Z,sinowal,2,peakmonsters,1,2021-10-14T04:02:06.000Z,DEC,15.950,DEC,15.950,15.950,,,,G1-14-X8OYJU3HF4,14,true,200,1
15909381,43d825243c8a4252eb9e45b83f2f717bbd0bfc2c-78,moriarty95,1,5.150,500,15909381,402261b04803a306656e04825b9de78e48f5e3e2,2021-10-13T04:01:36.000Z,sinowal,2,peakmonsters,1,2021-10-14T04:01:36.000Z,DEC,5.150,DEC,5.150,5.150,,,,G4-171-9K4PIQXI1C,171,true,1,4
15678311,d6b60073f6caa6b22a15f6851d227b8154bab9c8-0,evo69,1,16.528,500,15678311,402261b04803a306656e04825b9de78e48f5e3e2,2021-10-13T04:01:36.000Z,sinowal,2,peakmonsters,1,2021-10-14T04:01:36.000Z,DEC,16.528,DEC,16.528,16.528,,,,G3-91-XJSJ1RBE8G,91,true,200,3
12929512,4f59eb0e3a3ce154b094dff303ac2de05baa7285-0,ivansnz,1,10.000,500,12929512,402261b04803a306656e04825b9de78e48f5e3e2,2021-10-13T04:01:36.000Z,sinowal,2,peakmonsters,1,2021-10-14T04:01:36.000Z,DEC,10.000,DEC,10.000,10.000,,,,G3-103-P7ZUECFISW,103,true,200,3
15866194,355ef27045948e5d1762e1edd53fd3845eb1253e-4,fighter4-freedom,1,40.000,500,15866194,3f07d4fffdee767cf891cf87900405d68ad12b3f,2021-10-13T04:01:21.000Z,sinowal,2,peakmonsters,1,2021-10-14T04:01:21.000Z,DEC,40.000,DEC,40.000,40.000,,,,G4-178-OPS5VAOIYO,178,true,1,4
10975589,878dd73da30a6b709c19f85de2e660347e4b311d-4,fighter4-freedom,1,19.000,500,10975589,37008b17e24af028c4ef460ed82c531fa4c249fb,2021-10-07T05:12:06.000Z,sinowal,2,peakmonsters,1,2021-10-08T05:12:06.000Z,DEC,19.000,DEC,19.000,19.000,,,,G3-91-JBBRQ6FVQO,91,true,200,3
11183217,6d5bfe082ed689cadc5d7011996389a624839a5b-1,athunderstruck,1,27.784,500,11183217,6047cd44289f5a889bc79e05c804ec88a6dcff4a,2021-10-07T05:11:54.000Z,sinowal,2,peakmonsters,1,2021-10-08T05:11:54.000Z,DEC,27.784,DEC,27.784,27.784,,,,G3-131-XJ032XAD8W,131,true,400,3
12135762,17f2e936a82cb46a110898bd2d081d3a63696318-10,clove71,1,4.450,500,12135762,a4771b1f40f4cf14c01fbc7ac5cce2f629e1186e,2021-10-07T05:11:48.000Z,sinowal,2,peakmonsters,1,2021-10-08T05:11:48.000Z,DEC,4.450,DEC,4.450,4.450,,,,G1-12-TW3BVMPO0W,12,true,200,1
9928200,0a8f599bace7bc803bc2afce536f12d88fc5df3a-56,steammonster,1,8.950,500,9928200,39d43e2d3eb19287def630cd5d3013813b60178b,2021-10-07T05:11:24.000Z,sinowal,2,peakmonsters,1,2021-10-08T05:11:24.000Z,DEC,8.950,DEC,8.950,8.950,,,,G3-103-EKBJQQC2A8,103,true,200,3
10375069,c28c17439b16d460e0e0478d9bcda3451d4fbbe3-2,battlemaster,1,2.628,500,10375069,39d43e2d3eb19287def630cd5d3013813b60178b,2021-10-07T05:11:24.000Z,sinowal,2,peakmonsters,1,2021-10-08T05:11:24.000Z,DEC,2.628,DEC,2.628,2.628,,,,G4-171-HR4R1MIO6O,171,true,1,4
15164658,c497f080ba7360d62910d48bcc2f1f156e3285dc-82,brybro27,1,9.800,500,15164658,39d43e2d3eb19287def630cd5d3013813b60178b,2021-10-07T05:11:24.000Z,sinowal,2,peakmonsters,1,2021-10-08T05:11:24.000Z,DEC,9.800,DEC,9.800,9.800,,,,C4-293-IJ9TV5ADG0,293,false,1,4
11612416,e70527bbe3ee07b3cd82a1735ea890166aa4e892-0,fitz1567-8,1,25.000,500,11612416,39d43e2d3eb19287def630cd5d3013813b60178b,2021-10-07T05:11:24.000Z,sinowal,2,peakmonsters,1,2021-10-08T05:11:24.000Z,DEC,25.000,DEC,25.000,25.000,,,,G4-178-U8ZLR4JJOW,178,true,1,4
9309070,41184f79ef454fd3edea428e3be15320f9cb630c-18,smalp,1,12.506,500,9309070,39d43e2d3eb19287def630cd5d3013813b60178b,2021-10-07T05:11:24.000Z,sinowal,2,peakmonsters,1,2021-10-08T05:11:24.000Z,DEC,12.506,DEC,12.506,12.506,,,,G1-14-Z7OCHWZUCW,14,true,400,1