﻿id,sell_trx_id,seller,num_cards,buy_price,fee_percent,market_item_id,rental_tx,rental_date,renter,status,market_account,rental_days,next_rental_payment,payment_currency,payment_amount,escrow_currency,escrow_amount,paid_amount,cancel_tx,cancel_player,cancel_date,card_id,card_detail_id,gold,xp,edition
10307814,7fcce4e630b66ad0db15a6b3b482a64d48be7a49-4,lucky-cards,1,9.900,500,10307814,a1195274cbb3b35950e049f6272b579dc5e60115,2021-10-30T22:33:27.000Z,dedex,2,splinterlands,1,2021-10-31T22:33:27.000Z,DEC,9.900,DEC,9.900,9.900,,,,G1-1-5YKD8W4PGG,1,true,200,1
11204450,aed4846f34f3af36121e5c798a296d3f9fc39c6d-31,smalp,1,72.450,500,11204450,e8f96eea5ee9744906b8f6b4a80f4d82d5e4f574,2021-10-30T07:53:03.000Z,dedex,2,splinterlands,1,2021-10-31T07:53:03.000Z,DEC,72.450,DEC,72.450,72.450,,,,G4-156-3EB7H65TEO,156,true,4,4
9307509,a78d890243836d78ba4fe50e1e6f71b173c3cae8-4,smalp,1,13.009,500,9307509,5b5f47143dae3b3b0ab19b165651053db11be270,2021-10-30T07:51:33.000Z,dedex,2,splinterlands,1,2021-10-31T07:51:33.000Z,DEC,13.009,DEC,13.009,13.009,,,,C0-52-QIZRXF3XEO,52,false,2500,0
14619389,e7b86c510e2dd01548cd77f92c70cd78586f5833-25,asgarth,1,15.000,500,14619389,36b387046882a938fffbe6582fcc42bcc9449761,2021-10-29T16:29:57.000Z,dedex,2,peakmonsters,1,2021-10-30T16:29:57.000Z,DEC,15.000,DEC,15.000,15.000,,,,G0-14-YXIREY6PHS,14,true,250,0
11290947,315046536d843e07f8b9bb16af67143a9fbde46a-0,goldninja,1,2.850,500,11290947,27153bc0ee915f66e44b5e5c2d20d76ce61dc0bb,2021-10-29T16:29:45.000Z,dedex,2,peakmonsters,1,2021-10-30T16:29:45.000Z,DEC,2.850,DEC,2.850,2.850,,,,C3-131-KK8SKGHPJK,131,false,0,3
17267250,1bb280766197e9fdf8f1dda7f8c6cfbb5ee2b497-0,digital-fortress,1,10.999,500,17267250,c3937422287310a5abdecd74cdb83277463b8f78,2021-10-29T16:29:27.000Z,dedex,2,peakmonsters,1,2021-10-30T16:29:27.000Z,DEC,10.999,DEC,10.999,10.999,,,,G1-12-XDD3J7TT4W,12,true,200,1
13818155,587809c0d625a04b485c5f18f946a13f0634f8e7-33,stephen.king989,1,9.950,500,13818155,0d07500a0f6d3e0a2e441a1c372a4c6c4750f4d3,2021-10-29T16:29:12.000Z,dedex,2,peakmonsters,1,2021-10-30T16:29:12.000Z,DEC,9.950,DEC,9.950,9.950,,,,C-4SL88QM63K,18,false,400,0
16167811,9e841aa3fed95bc06eeb59a7eac71b21918629ce-11,fighter4-freedom,1,8.000,500,16167811,0a49d38c5567c1601c44d64ebf3c58ed622b41e6,2021-10-29T16:28:39.000Z,dedex,2,peakmonsters,1,2021-10-30T16:28:39.000Z,DEC,8.000,DEC,8.000,8.000,,,,C4-293-LL6ARR30GW,293,false,1,4
9836702,1df23763553d8c895b9e2a64ceec813e2b1e2093-14,fighter4-freedom,1,15.000,500,9836702,c3f8c3c83b27bf237113327439e4dae0ca754308,2021-10-29T16:28:30.000Z,dedex,2,peakmonsters,1,2021-10-30T16:28:30.000Z,DEC,15.000,DEC,15.000,15.000,,,,G3-91-HTEG7CV54G,91,true,200,3
17041311,4ef2f3322b35b59d4aa0ae6e85601fdef5f5af65-2,kobusu,1,7.800,500,17041311,c3f8c3c83b27bf237113327439e4dae0ca754308,2021-10-29T16:28:30.000Z,dedex,2,peakmonsters,1,2021-10-30T16:28:30.000Z,DEC,7.800,DEC,7.800,7.800,,,,G4-169-NYNQX4T068,169,true,1,4
13593368,e1cb654d933815c6cf279e20b048b0b233d8ce5a-0,allani545,1,10.000,500,13593368,c3f8c3c83b27bf237113327439e4dae0ca754308,2021-10-29T16:28:30.000Z,dedex,2,peakmonsters,1,2021-10-30T16:28:30.000Z,DEC,10.000,DEC,10.000,10.000,,,,G3-103-VP8PO2AMGG,103,true,200,3
17041310,4ef2f3322b35b59d4aa0ae6e85601fdef5f5af65-1,kobusu,1,7.800,500,17041310,a763a9e318af365f732927cd320a7bbecb347c24,2021-10-25T13:45:09.000Z,dedex,2,peakmonsters,1,2021-10-26T13:45:09.000Z,DEC,7.800,DEC,7.800,7.800,,,,G4-169-M04MVUBIC0,169,true,1,4
17169931,8259e42c0a1a05dbd9c8cb2a827ae68bdca8ffbc-93,slurf,1,10.000,500,17169931,891a1f82a446a7eb877ccb00290a63a4ce9f850f,2021-10-25T13:40:03.000Z,dedex,2,peakmonsters,1,2021-10-26T13:40:03.000Z,DEC,10.000,DEC,10.000,10.000,,,,C4-195-NRV4VI9DE8,195,false,25,4
17296295,a87c647596c0fb8fd4d329b74bcb470592279507-129,leomonsters,1,18.950,500,17296295,aac2ee185295306e5ea5360dcd47488cfc2a4565,2021-10-25T13:29:12.000Z,dedex,2,peakmonsters,1,2021-10-26T13:29:12.000Z,DEC,18.950,DEC,18.950,18.950,,,,C1-14-XANOZRQSSG,14,false,360,1
16970909,d502d564d815105577435637302e933ec6f6f46f-14,deezrentals,1,74.950,500,16970909,aac2ee185295306e5ea5360dcd47488cfc2a4565,2021-10-25T13:29:12.000Z,dedex,2,peakmonsters,1,2021-10-26T13:29:12.000Z,DEC,74.950,DEC,74.950,74.950,,,,C4-178-UBLVD4DGJK,178,false,25,4
10160989,74edc1effd822afe31718d5b5d5fb15ae3f89f8e-0,alexvan,1,10.000,500,10160989,ab23ab25a20b2451d69f724fb2cf3dd4ec8abe85,2021-10-25T13:24:45.000Z,dedex,2,peakmonsters,1,2021-10-26T13:24:45.000Z,DEC,10.000,DEC,10.000,10.000,,,,C3-103-XO5LH47IE8,103,false,555,3
15959277,a4fe73a3cc9184d2d146a27e48ff2e07db9f1ebc-0,readymade,1,5.190,500,15959277,05b2ec64829f4bcd93d7189d24c7dcccad5b202f,2021-10-25T13:24:36.000Z,dedex,2,peakmonsters,1,2021-10-26T13:24:36.000Z,DEC,6.800,DEC,6.800,6.800,,,,C1-12-7MGQWCRX9S,12,false,360,1
9306710,7cffbc0888604a225ebe9c35cf798cc4696796db-15,smalp,1,4.624,500,9306710,711845875deda3c23981f0a6fd6b96b1d6997710,2021-10-25T13:24:24.000Z,dedex,2,peakmonsters,1,2021-10-26T13:24:24.000Z,DEC,4.624,DEC,4.624,4.624,,,,C1-18-0J7USF28NK,18,false,750,1
17167808,ab471110b4b38bc5ee45c961b94716def63f930d-111,slbrf,1,18.000,500,17167808,ce231931234e52780bb874dd78e171b55bff2446,2021-10-25T13:23:21.000Z,dedex,2,peakmonsters,1,2021-10-26T13:23:21.000Z,DEC,18.000,DEC,18.000,18.000,,,,C1-32-RGB1KSVEB4,32,false,875,1
17418737,7a8c669a1b43bcd620dc291f485103dd8b68974f-0,jnix33,1,2.200,500,17418737,4702e309a8ab1fa307eb72ccd874ddaf3e0cc9cc,2021-10-25T13:23:06.000Z,dedex,2,peakmonsters,1,2021-10-26T13:23:06.000Z,DEC,2.200,DEC,2.200,2.200,,,,C3-334-BXXSQJRKF4,334,false,60,3
15032126,27deb1134ebb155e7adc9ce32ac3ff8028f81cfe-45,velourex.rentals,1,24.850,500,15032126,f57aeaf817077ee90fe661a69478721512e6a7b5,2021-10-25T13:18:12.000Z,dedex,2,peakmonsters,1,2021-10-26T13:18:12.000Z,DEC,24.850,DEC,24.850,24.850,,,,C-KFH8DJ3QRK,28,false,700,0
12260960,6ce7cb092a4f8f5ff4409536a67e7d59fcc576d8-1,battlemaster,1,36.158,500,12260960,61e0117a54fba480ef8149acdd9891897bec3356,2021-10-25T13:16:39.000Z,dedex,2,peakmonsters,1,2021-10-26T13:16:39.000Z,DEC,36.158,DEC,36.158,36.158,,,,C1-27-JOJ2XIP5PC,27,false,750,1
17477691,d10db89020f1185d90f66a412f1aa35803698101-0,aaros,1,14.000,500,17477691,a268a698f6128e3db5b8f05e685db7c5bd58314c,2021-10-25T13:16:12.000Z,dedex,2,peakmonsters,1,2021-10-26T13:16:12.000Z,DEC,21.000,DEC,21.000,21.000,,,,G3-90-80M1GHCGSG,90,true,400,3
17141751,463af7fbad18d5f98485929887d6f556ad378dd4-7,rtron86,1,19.294,500,17141751,3b7e46e8fe23519432779b162e703537bb0530fb,2021-10-25T13:13:30.000Z,dedex,2,peakmonsters,1,2021-10-26T13:13:30.000Z,DEC,19.394,DEC,19.394,19.394,,,,G3-91-ISUBJVZ1N4,91,true,400,3
13644499,579ae5f186ed2dec7f55ecb1a0bcd6335293fc80-0,panda4sale85,1,20.000,500,13644499,dd1e77c3a6e7bbbf7a9d36bdfc74e2c5ab056ddc,2021-10-25T13:13:03.000Z,dedex,2,peakmonsters,1,2021-10-26T13:13:03.000Z,DEC,20.000,DEC,20.000,20.000,,,,G4-180-SG81DIB5CG,180,true,5,4
16352671,4efe232e974d7cbfe90f8d46745d67425e4535fe-35,hrodwyn,1,50.000,500,16352671,c73afd8bf485dd2036e58452654be4e0ee18aab3,2021-10-20T08:29:33.000Z,dedex,2,peakmonsters,1,2021-10-21T08:29:33.000Z,DEC,40.000,DEC,40.000,40.000,,,,G3-91-7SVCDWMZU8,91,true,400,3
12136043,8d05e470cb7a0bfbc5a400268b936b5183f14cfa-10,clove71,1,12.900,500,12136043,55ef230a060321312b89f715f0fbb864e4d5cec0,2021-10-20T08:27:15.000Z,dedex,2,peakmonsters,1,2021-10-21T08:27:15.000Z,DEC,12.900,DEC,12.900,12.900,,,,G3-103-HAN88OZE9S,103,true,200,3
12006812,8d2121d18274f54881b50d896182b1eef1e99c41-1,rentcards,1,17.000,500,12006812,406a4d36f23e251549909624c2669ca41db4648f,2021-10-20T08:26:45.000Z,dedex,2,peakmonsters,1,2021-10-21T08:26:45.000Z,DEC,17.000,DEC,17.000,17.000,,,,G1-14-WFD4ND140G,14,true,200,1
15051844,ff4d999204ebb1065c1a34c0206b757884da2470-0,marketing911,1,27.860,500,15051844,f34e1b3ffe425de3aa39d11ef38e7550450e92dd,2021-10-20T08:26:30.000Z,dedex,2,peakmonsters,1,2021-10-21T08:26:30.000Z,DEC,27.860,DEC,27.860,27.860,,,,G3-131-XG6JHND3B4,131,true,400,3
16602703,4d6e3a166065a11e9e457d4eea05328eb3bd4788-58,orrkis,1,5.050,500,16602703,758c0e51e2114be36773c8bbfd9d17489986266e,2021-10-20T08:25:48.000Z,dedex,2,peakmonsters,1,2021-10-21T08:25:48.000Z,DEC,5.050,DEC,5.050,5.050,,,,G4-171-M18ZIL1YOG,171,true,1,4
16236152,95f1b4e667ceb84cf8e56f9adb8b08538378abc9-2,otage,1,6.550,500,16236152,549043c88e33ac5ab0ec51fbe09b4c4671ffb3d6,2021-10-20T08:25:27.000Z,dedex,2,peakmonsters,1,2021-10-21T08:25:27.000Z,DEC,7.100,DEC,7.100,7.100,,,,C-20U6QTX4OG,18,false,100,0
11120736,84aece75a4ecf72c890b051519f1c7786261c5cd-3,lucky-cards,1,90.000,500,11120736,223b09192cad4852171018177321d1110f04e070,2021-10-15T13:13:24.000Z,dedex,2,splinterlands,1,2021-10-16T13:13:24.000Z,DEC,90.000,DEC,90.000,90.000,,,,G4-224-FFWE2D7PFK,224,true,7,4
9472482,f5d1c5de4cfcb742860357ea443cb754de332330-107,smalp,1,10.339,500,9472482,ceaff3a7039d4d902ad4cae6eb9ae6780a1cc931,2021-10-15T10:28:03.000Z,dedex,2,splinterlands,1,2021-10-16T10:28:03.000Z,DEC,10.339,DEC,10.339,10.339,,,,C4-196-MF329ZS7B4,196,false,40,4
14329997,a0412814849aff74bc086e65fe1b8ed3ce9abcce-124,vugtis,1,49.800,500,14329997,a9c3c47f3bab992c425df3aff4e92659a6d6fe74,2021-10-13T07:04:33.000Z,dedex,2,peakmonsters,1,2021-10-14T07:04:33.000Z,DEC,49.800,DEC,49.800,49.800,,,,G4-178-79Z0OTGO5C,178,true,1,4
12531911,8c55138cc20b767ff681e33b4ed012d9e4737cd9-0,bitcoinportugal,1,11.800,500,12531911,d8f3e8070f7081c706f542adcad57dbd5f2670e5,2021-10-13T07:04:24.000Z,dedex,2,peakmonsters,1,2021-10-14T07:04:24.000Z,DEC,11.800,DEC,11.800,11.800,,,,G3-103-E5G6EHDXVK,103,true,200,3
11561348,96de4158a715c3c31c0efb13bebdfd6e3e26724f-73,mylibrary,1,12.450,500,11561348,97f435cb9743346203e8c0129606bfd0959785d6,2021-10-13T07:04:00.000Z,dedex,2,peakmonsters,1,2021-10-14T07:04:00.000Z,DEC,12.450,DEC,12.450,12.450,,,,C-N51Z3URGVK,14,false,60,0
14920143,0c3001c3d8086a5139a86364f98b7287d1b05f42-52,americaman,1,5.639,500,14920143,fa62fca98f152e11102d86b35c935729095f3ae1,2021-10-13T07:03:06.000Z,dedex,2,peakmonsters,1,2021-10-14T07:03:06.000Z,DEC,5.639,DEC,5.639,5.639,,,,C3-131-FSAA1BFZJK,131,false,0,3
15866162,59c0877e444f56875f4c7258836ebe7c3353552e-29,fighter4-freedom,1,5.500,500,15866162,2721fb3fe315694d8fb633017e28ba4f4a86c7ef,2021-10-13T07:02:48.000Z,dedex,2,peakmonsters,1,2021-10-14T07:02:48.000Z,DEC,5.500,DEC,5.500,5.500,,,,G4-171-RZ8SP4OTI8,171,true,1,4
15556762,ed6cf85ea2f7d299f3929bae5ec7abbb01f9598f-41,masterthematrix,1,23.850,500,15556762,806f8ba09f599d926b3cb3d7645bf5fbbabce531,2021-10-08T17:55:12.000Z,dedex,2,peakmonsters,1,2021-10-09T17:55:12.000Z,DEC,23.850,DEC,23.850,23.850,,,,G3-131-4FNE2IXG9S,131,true,400,3
14494597,83747f170ea0d5b3702ba6e168e1a70bd745c0a3-16,nynate,1,8.950,500,14494597,6dc0757f84036dadcd76b584b31e16ed94488689,2021-10-08T17:54:54.000Z,dedex,2,peakmonsters,1,2021-10-09T17:54:54.000Z,DEC,9.400,DEC,9.400,9.400,,,,C4-293-HVZFM0AL4W,293,false,1,4
11974585,1e3d277ad69232aeeb1f4ed46af4616e7dc0cee5-3,janoshik,1,15.850,500,11974585,76a70ed4caa181d7da7e0eebc4daa70928b866eb,2021-10-08T17:54:21.000Z,dedex,2,peakmonsters,1,2021-10-09T17:54:21.000Z,DEC,15.850,DEC,15.850,15.850,,,,G1-14-90019AJUF4,14,true,200,1
14329998,a0412814849aff74bc086e65fe1b8ed3ce9abcce-125,vugtis,1,49.800,500,14329998,76a70ed4caa181d7da7e0eebc4daa70928b866eb,2021-10-08T17:54:21.000Z,dedex,2,peakmonsters,1,2021-10-09T17:54:21.000Z,DEC,49.800,DEC,49.800,49.800,,,,G4-178-7HKXP4RZ8G,178,true,1,4
12481001,8271191617c8e0887d29cc6d24cd796bdc95a49a-0,bitcoinportugal,1,11.690,500,12481001,76a70ed4caa181d7da7e0eebc4daa70928b866eb,2021-10-08T17:54:21.000Z,dedex,2,peakmonsters,1,2021-10-09T17:54:21.000Z,DEC,11.690,DEC,11.690,11.690,,,,G3-103-KOYIKWUGZK,103,true,200,3
9309101,41184f79ef454fd3edea428e3be15320f9cb630c-49,smalp,1,24.386,500,9309101,76a70ed4caa181d7da7e0eebc4daa70928b866eb,2021-10-08T17:54:21.000Z,dedex,2,peakmonsters,1,2021-10-09T17:54:21.000Z,DEC,24.386,DEC,24.386,24.386,,,,G1-18-0RN9NSX81S,18,true,800,1
10367433,d97af5301887fab7ec0a86c60d74b4f6aedf1eb0-39,the10legmulti,1,3.690,500,10367433,76a70ed4caa181d7da7e0eebc4daa70928b866eb,2021-10-08T17:54:21.000Z,dedex,2,peakmonsters,1,2021-10-09T17:54:21.000Z,DEC,3.690,DEC,3.690,3.690,,,,G4-171-HXQIINEWDC,171,true,1,4