﻿id,sell_trx_id,seller,num_cards,buy_price,fee_percent,market_item_id,rental_tx,rental_date,renter,status,market_account,rental_days,next_rental_payment,payment_currency,payment_amount,escrow_currency,escrow_amount,paid_amount,cancel_tx,cancel_player,cancel_date,card_id,card_detail_id,gold,xp,edition
9414869,5950801a3c39dd008def901d09acbfa757ba977f-0,aatrox,1,50.705,500,9414869,c3470caf49ae8fac1a4bdce21bd9e60935697225,2021-10-30T09:35:24.000Z,caphaw,2,splinterlands,1,2021-10-31T09:35:24.000Z,DEC,50.705,DEC,50.705,50.705,,,,C1-59-24GHUJCDF4,59,false,5250,1
15584967,d913fd16def576a78cdce4d562b7b8f62d0dfde4-13,fighter4-freedom,1,12.000,500,15584967,c0f4ea4d17102a1ac04572c3839345efca35b1a4,2021-10-30T09:34:45.000Z,caphaw,2,splinterlands,1,2021-10-31T09:34:45.000Z,DEC,12.000,DEC,12.000,12.000,,,,C4-254-Q0RWJM3USG,254,false,1,4
15588096,0f5658cf799da478bb740def54a06b65fd7bb3ae-4,lucky-cards,1,45.000,500,15588096,0095550c4d6002d3c1aed5bb05e8bab86e0ed434,2021-10-30T07:55:18.000Z,caphaw,2,splinterlands,1,2021-10-31T07:55:18.000Z,DEC,45.000,DEC,45.000,45.000,,,,G4-148-92NYB50ZKW,148,true,9,4
15866702,068440537a76ba32df8d294109984b34cb078a77-3,fighter4-freedom,1,15.000,500,15866702,57f34749bb44cb9381dd58d8f275add871219e8e,2021-10-30T07:55:00.000Z,caphaw,2,splinterlands,1,2021-10-31T07:55:00.000Z,DEC,15.000,DEC,15.000,15.000,,,,G4-195-HZUKYRO3C0,195,true,1,4
9472066,55a5d4800f9947e213f04e99ffb3b28ef94bea13-95,smalp,1,3.895,500,9472066,33a58707c564765575a05413658de854f6498dcf,2021-10-30T07:54:33.000Z,caphaw,2,splinterlands,1,2021-10-31T07:54:33.000Z,DEC,3.895,DEC,3.895,3.895,,,,C4-181-W7EZ52UPKW,181,false,100,4
9494979,b17d12793e498c7a29ea97c09c4465c2011ceb54-24,smalp,1,33.124,500,9494979,24da7515c75b7cc6fb680c53e225b421128fadb4,2021-10-29T08:54:51.000Z,caphaw,2,peakmonsters,1,2021-10-30T08:54:51.000Z,DEC,33.124,DEC,33.124,33.124,,,,G3-131-AD5Y2TXYN4,131,true,400,3
10149848,559bbff6b585203d096a80853ead7ff95f926ef5-0,hammers,1,7.990,500,10149848,2d55b3d2ddc64ed0920e139d85fe4573ed4fd0df,2021-10-29T08:54:39.000Z,caphaw,2,peakmonsters,1,2021-10-30T08:54:39.000Z,DEC,7.990,DEC,7.990,7.990,,,,C4-293-X4CWGC06U8,293,false,1,4
11561348,96de4158a715c3c31c0efb13bebdfd6e3e26724f-73,mylibrary,1,12.450,500,11561348,4724a40cf0d1f8f11b8869c345cd6b6acb556429,2021-10-29T08:54:21.000Z,caphaw,2,peakmonsters,1,2021-10-30T08:54:21.000Z,DEC,12.450,DEC,12.450,12.450,,,,C-N51Z3URGVK,14,false,60,0
10919581,aadfefa7ac85db7fb140a96c90f0c597110e695d-6,nateaguila,1,9.899,500,10919581,6d1e4cf1c8157f388149dfde773515b6fd8bb858,2021-10-29T08:54:12.000Z,caphaw,2,peakmonsters,1,2021-10-30T08:54:12.000Z,DEC,9.899,DEC,9.899,9.899,,,,C-NNP709XMLS,12,false,60,0
10246872,715edc400aa4aa2f4950aedd18954ff1f3ae36f8-0,cryptocopy,1,7.500,500,10246872,108f0876864ea155db8ecdcc7ea8659178a14c40,2021-10-29T08:53:48.000Z,caphaw,2,peakmonsters,1,2021-10-30T08:53:48.000Z,DEC,7.500,DEC,7.500,7.500,,,,C-EC4AVU9YCG,18,false,100,0
15556686,3f21b4c5cefdc54f690fd5c99e2ef5fcf2cc123a-106,masterthematrix,1,16.800,500,15556686,00bafdf5842a11b4b1f02b51d7d1e93046fb4ed0,2021-10-29T08:53:30.000Z,caphaw,2,peakmonsters,1,2021-10-30T08:53:30.000Z,DEC,16.800,DEC,16.800,16.800,,,,G3-91-WDKNZTXZDS,91,true,200,3
11001102,e7361497a398a3c955613cd8e932fab82e8084e2-0,fighter4-freedom,1,13.000,500,11001102,00bafdf5842a11b4b1f02b51d7d1e93046fb4ed0,2021-10-29T08:53:30.000Z,caphaw,2,peakmonsters,1,2021-10-30T08:53:30.000Z,DEC,13.000,DEC,13.000,13.000,,,,G3-103-5VOVGOWMR4,103,true,200,3
9938379,85109fb002cc3042bfe2649a4d521e9ba5a8fa7e-10,toocurious,1,44.000,500,9938379,00bafdf5842a11b4b1f02b51d7d1e93046fb4ed0,2021-10-29T08:53:30.000Z,caphaw,2,peakmonsters,1,2021-10-30T08:53:30.000Z,DEC,44.000,DEC,44.000,44.000,,,,G4-178-HE7HMCWM8G,178,true,1,4
16122415,b17cb32bb9dda8bc008a522448b221fa82eee22e-0,killau,1,8.650,500,16122415,00bafdf5842a11b4b1f02b51d7d1e93046fb4ed0,2021-10-29T08:53:30.000Z,caphaw,2,peakmonsters,1,2021-10-30T08:53:30.000Z,DEC,8.650,DEC,8.650,8.650,,,,G4-169-CJPK6D3140,169,true,1,4
15866159,59c0877e444f56875f4c7258836ebe7c3353552e-26,fighter4-freedom,1,5.500,500,15866159,e5e1790a7ae2d3fd5509f6c99aac5b42b28b7dd8,2021-10-25T02:19:54.000Z,caphaw,2,peakmonsters,1,2021-10-26T02:19:54.000Z,DEC,5.500,DEC,5.500,5.500,,,,G4-171-Q599JE062O,171,true,1,4
17554810,548b7605f9878a1961c17dc408cb985a90c74269-0,olleo,1,11.600,500,17554810,37677898b8ebc4aac1b8dac17e5aa1d610abb89c,2021-10-25T02:18:57.000Z,caphaw,2,peakmonsters,1,2021-10-26T02:18:57.000Z,DEC,11.600,DEC,11.600,11.600,,,,G3-103-OFZW2HIYK0,103,true,200,3
11561348,96de4158a715c3c31c0efb13bebdfd6e3e26724f-73,mylibrary,1,12.450,500,11561348,599be08fafffd563153e8f05ca5f5df1ec323621,2021-10-25T02:18:30.000Z,caphaw,2,peakmonsters,1,2021-10-26T02:18:30.000Z,DEC,12.450,DEC,12.450,12.450,,,,C-N51Z3URGVK,14,false,60,0
17252794,a0f4efaaeef5e01c31681d08da6941ff80e7bed8-23,grosh,1,14.950,500,17252794,f106bf242d2b28280f0491a553d2dd2353b3c5db,2021-10-25T02:18:18.000Z,caphaw,2,peakmonsters,1,2021-10-26T02:18:18.000Z,DEC,14.950,DEC,14.950,14.950,,,,C-RAU5IW86XC,18,false,300,0
12242220,70f5276c3edb25f0fbf0c8ac7ce64db9b5e07aca-7,clove71,1,7.914,500,12242220,1d15e39728ee67985285fe21c934744b0c74df57,2021-10-25T02:17:42.000Z,caphaw,2,peakmonsters,1,2021-10-26T02:17:42.000Z,DEC,7.914,DEC,7.914,7.914,,,,C4-293-9AZ9GBY4Q8,293,false,1,4
10453897,7749dcad54703a9556d7c734489d28e6d9371ef2-1,cyguy,1,8.950,500,10453897,33efe59c12b935ddb8055c595d011c9b715230d0,2021-10-25T02:17:33.000Z,caphaw,2,peakmonsters,1,2021-10-26T02:17:33.000Z,DEC,8.950,DEC,8.950,8.950,,,,G1-12-UZHB8OBYHS,12,true,200,1
17433959,ccc3b84d033f50080d2333f4ad8bd41668966d7b-0,olleo,1,7.842,500,17433959,33efe59c12b935ddb8055c595d011c9b715230d0,2021-10-25T02:17:33.000Z,caphaw,2,peakmonsters,1,2021-10-26T02:17:33.000Z,DEC,7.842,DEC,7.842,7.842,,,,G4-169-E2EWXET68G,169,true,1,4
9494982,b17d12793e498c7a29ea97c09c4465c2011ceb54-27,smalp,1,33.124,500,9494982,e3f76c65d0f3706ab3fe575dd7d116a0d6d6cb28,2021-10-20T06:38:54.000Z,caphaw,2,peakmonsters,1,2021-10-21T06:38:54.000Z,DEC,33.124,DEC,33.124,33.124,,,,G3-131-BSD6HPXIPC,131,true,400,3
17012236,577da50bccba254a060aaec9539cb760dc86f34b-24,aaros,1,2.000,500,17012236,67c8de56d3edac47505c263012d9df4232900ff0,2021-10-20T06:38:39.000Z,caphaw,2,peakmonsters,1,2021-10-21T06:38:39.000Z,DEC,4.500,DEC,4.500,4.500,,,,G4-171-FUSOH53JVK,171,true,1,4
12392643,7ab8445201ff57b48e7b3c466fbe6674595b76b3-0,bitcoinflood,1,33.200,500,12392643,6630aba9b3585d739d8243d561d5af08bce9605b,2021-10-20T06:37:54.000Z,caphaw,2,peakmonsters,1,2021-10-21T06:37:54.000Z,DEC,33.200,DEC,33.200,33.200,,,,G1-18-X5ZG3NGPNK,18,true,400,1
15058594,9b53961a47b611c3d9b72d6ae4c83cc8995e469f-58,legendarycanary,1,15.900,500,15058594,6630aba9b3585d739d8243d561d5af08bce9605b,2021-10-20T06:37:54.000Z,caphaw,2,peakmonsters,1,2021-10-21T06:37:54.000Z,DEC,15.900,DEC,15.900,15.900,,,,G1-14-I6KEPQ9440,14,true,200,1
15417474,561f636a00e8a52f6a715954966e7b701809efa0-33,legendarycanary,1,4.790,500,15417474,6630aba9b3585d739d8243d561d5af08bce9605b,2021-10-20T06:37:54.000Z,caphaw,2,peakmonsters,1,2021-10-21T06:37:54.000Z,DEC,4.790,DEC,4.790,4.790,,,,G1-12-TAJ72ZLLUO,12,true,200,1
16532510,8c06b90e0402129456e4c3fefefc8312a225bd15-66,sirdemian,1,44.850,500,16532510,6630aba9b3585d739d8243d561d5af08bce9605b,2021-10-20T06:37:54.000Z,caphaw,2,peakmonsters,1,2021-10-21T06:37:54.000Z,DEC,44.850,DEC,44.850,44.850,,,,G4-178-DHF8X750S0,178,true,1,4
15885203,7c00ec5987cafa56d9db150ccd503144a13bd154-0,codebull,1,11.000,500,15885203,6630aba9b3585d739d8243d561d5af08bce9605b,2021-10-20T06:37:54.000Z,caphaw,2,peakmonsters,1,2021-10-21T06:37:54.000Z,DEC,11.000,DEC,11.000,11.000,,,,G3-103-4PAJ10S7VK,103,true,200,3
15742074,68ab98a9b3b438e411a65be35ebca991254a334a-116,lrpepps,1,7.400,500,15742074,375f851c7e77baed1c333ae86eb61e0d1af082b7,2021-10-17T00:59:18.000Z,caphaw,2,peakmonsters,1,2021-10-18T00:59:18.000Z,DEC,7.400,DEC,7.400,7.400,,,,C-FKXXI9ABXS,18,false,100,0
16235836,360a20c5beec0e84099d1e176769330737426d31-87,smwhale,1,6.537,500,16235836,ca0c08158916f654bddf0b215fe329ae19416d5d,2021-10-17T00:59:06.000Z,caphaw,2,peakmonsters,1,2021-10-18T00:59:06.000Z,DEC,8.850,DEC,8.850,8.850,,,,C4-293-RSO6SZ1D00,293,false,1,4
11784887,83a9dcda6480f8bd16f6df7642b8bc3f85c03d1f-28,benzene,1,19.204,500,11784887,a0256a774c2ebb683837dc069e33b1f0abb2a40e,2021-10-17T00:58:54.000Z,caphaw,2,peakmonsters,1,2021-10-18T00:58:54.000Z,DEC,19.204,DEC,19.204,19.204,,,,G3-91-CXY2PPXN0G,91,true,200,3
10043553,afb4963ef4a1dd9ec58d30ecf527b6eca65200bd-125,orangefudge,1,24.950,500,10043553,a0256a774c2ebb683837dc069e33b1f0abb2a40e,2021-10-17T00:58:54.000Z,caphaw,2,peakmonsters,1,2021-10-18T00:58:54.000Z,DEC,24.950,DEC,24.950,24.950,,,,G3-131-8UK3PCGEKG,131,true,400,3
10571142,42d7994c60b1d22504d44b4095123973509d71f1-0,athbull,1,10.950,500,10571142,a0256a774c2ebb683837dc069e33b1f0abb2a40e,2021-10-17T00:58:54.000Z,caphaw,2,peakmonsters,1,2021-10-18T00:58:54.000Z,DEC,10.950,DEC,10.950,10.950,,,,G4-178-UUXPLF3ZVK,178,true,1,4
10050981,1781b08797c2f2af4aa747ca26594389a68f11a2-25,auminda,1,12.814,500,10050981,a0256a774c2ebb683837dc069e33b1f0abb2a40e,2021-10-17T00:58:54.000Z,caphaw,2,peakmonsters,1,2021-10-18T00:58:54.000Z,DEC,12.814,DEC,12.814,12.814,,,,G3-103-UCCFJSQJS0,103,true,200,3
11101549,071bf61ec780bc4308fdde6396db5b906b2225c7-2,lucky-cards,1,4.700,500,11101549,a0256a774c2ebb683837dc069e33b1f0abb2a40e,2021-10-17T00:58:54.000Z,caphaw,2,peakmonsters,1,2021-10-18T00:58:54.000Z,DEC,4.700,DEC,4.700,4.700,,,,G1-12-M1URBH9T1C,12,true,200,1
15525543,ec909f69be51bc537ea345c1a6b071d65f0c49bc-68,aatrox,1,71.900,500,15525543,f5de32898fcd855d9b0b5918a2e9b4f646c9c4b9,2021-10-15T11:19:42.000Z,caphaw,2,splinterlands,1,2021-10-16T11:19:42.000Z,DEC,71.900,DEC,71.900,71.900,,,,C-EXJH37NH5S,50,false,8500,0
13365556,b80fad1e84e2da65f324964b52b5af73ea9f6548-6,fighter4-freedom,1,11.000,500,13365556,caca402f97ae8eeeede4174616af44ea219dc53e,2021-10-15T11:17:27.000Z,caphaw,2,splinterlands,1,2021-10-16T11:17:27.000Z,DEC,11.000,DEC,11.000,11.000,,,,C5-267-9YR0525DQO,267,false,1,5
11207973,97e684678bba6716a65aee4dcfb8543d6da54dcd-101,smalp,1,18.900,500,11207973,56f691a2250a6960483d3438cd7110ba23b4b053,2021-10-15T11:16:57.000Z,caphaw,2,splinterlands,1,2021-10-16T11:16:57.000Z,DEC,18.900,DEC,18.900,18.900,,,,G3-94-9XSVU19Q8W,94,true,400,3
15676471,fbd1ba6a257bd4a2211f6ed941b8ac59dbafbbe5-0,danger-b,1,6.600,500,15676471,b1f06b5d5dc91477db021e2a90425115d7f0ceef,2021-10-13T10:48:24.000Z,caphaw,2,peakmonsters,1,2021-10-14T10:48:24.000Z,DEC,6.650,DEC,6.650,6.650,,,,C-1W6OHHC38G,18,false,100,0
15866141,59c0877e444f56875f4c7258836ebe7c3353552e-8,fighter4-freedom,1,5.500,500,15866141,164fe9c51f6cc31bb2ccca31a5e14c04b0c19c2a,2021-10-13T10:48:03.000Z,caphaw,2,peakmonsters,1,2021-10-14T10:48:03.000Z,DEC,5.500,DEC,5.500,5.500,,,,G4-171-6KVEJ81PDC,171,true,1,4
16004931,fc7a4190585aa8d91ac3d60ab37433fbc930ceb3-0,vaca4,1,50.000,500,16004931,f9004983a8c63e4bcf739f5d7f3088383ab15477,2021-10-13T10:47:42.000Z,caphaw,2,peakmonsters,1,2021-10-14T10:47:42.000Z,DEC,50.000,DEC,50.000,50.000,,,,G3-131-D4P359WDPS,131,true,400,3
15616401,80b953c5d3bf5daf3384a0bb61e3278450b64625-0,scooter77,1,7.900,500,15616401,133caba6aeff8986de95e9260f93a1c7fb1d35b2,2021-10-13T10:45:57.000Z,caphaw,2,peakmonsters,1,2021-10-14T10:45:57.000Z,DEC,16.000,DEC,16.000,16.000,,,,G4-169-CVBRDELUS0,169,true,1,4
10367060,df85dda6801c7ca8e1758014f91b5489055b2953-0,criticalthinkin,1,12.000,500,10367060,133caba6aeff8986de95e9260f93a1c7fb1d35b2,2021-10-13T10:45:57.000Z,caphaw,2,peakmonsters,1,2021-10-14T10:45:57.000Z,DEC,12.000,DEC,12.000,12.000,,,,G3-103-E728T22M0W,103,true,200,3
10336376,cff377e56e440a889a88a4452a4eca0dbf7f85d6-2,pbj214,1,12.285,500,10336376,133caba6aeff8986de95e9260f93a1c7fb1d35b2,2021-10-13T10:45:57.000Z,caphaw,2,peakmonsters,1,2021-10-14T10:45:57.000Z,DEC,12.285,DEC,12.285,12.285,,,,G1-14-WIYEXWGI80,14,true,200,1
12136120,8d05e470cb7a0bfbc5a400268b936b5183f14cfa-87,clove71,1,16.578,500,12136120,c49eb94527f7150bc14d261ea3072217b19e854b,2021-10-07T23:53:00.000Z,caphaw,2,peakmonsters,1,2021-10-08T23:53:00.000Z,DEC,16.578,DEC,16.578,16.578,,,,G3-91-5UTILR1QLC,91,true,200,3
15582868,143e79e2c6f78d2226daf9805aa3347ee0c45b29-14,fighter4-freedom,1,29.000,500,15582868,c49eb94527f7150bc14d261ea3072217b19e854b,2021-10-07T23:53:00.000Z,caphaw,2,peakmonsters,1,2021-10-08T23:53:00.000Z,DEC,29.000,DEC,29.000,29.000,,,,G3-131-QCWH4NUSPC,131,true,400,3
12501472,3b2019dca37c51c3df4af623a744e1140c3d90e2-0,bitcoinportugal,1,11.840,500,12501472,e0afe6716acbae261f31fb3cb41e49826fcccaac,2021-10-07T23:52:30.000Z,caphaw,2,peakmonsters,1,2021-10-08T23:52:30.000Z,DEC,11.840,DEC,11.840,11.840,,,,G3-103-KD3DLANRK0,103,true,200,3
11053974,d9170590bad26ee679ebc09e4f173d7350ea720a-5,lucky-cards,1,25.000,500,11053974,e0afe6716acbae261f31fb3cb41e49826fcccaac,2021-10-07T23:52:30.000Z,caphaw,2,peakmonsters,1,2021-10-08T23:52:30.000Z,DEC,25.000,DEC,25.000,25.000,,,,G1-18-TV7KHLYC5C,18,true,400,1
10559183,32d39ecb90c2f74b24a832f4e51f39dd32de6d29-0,jzn,1,4.700,500,10559183,e0afe6716acbae261f31fb3cb41e49826fcccaac,2021-10-07T23:52:30.000Z,caphaw,2,peakmonsters,1,2021-10-08T23:52:30.000Z,DEC,4.700,DEC,4.700,4.700,,,,G1-12-DVFAJM4XVK,12,true,200,1
15017314,271c910a15f58ef969fd5029d8d615cc612f8da8-110,rce,1,5.900,500,15017314,6c307f77dbb937ae94a092ff49875ac24ecb65d6,2021-10-07T23:51:39.000Z,caphaw,2,peakmonsters,1,2021-10-08T23:51:39.000Z,DEC,9.900,DEC,9.900,9.900,,,,C4-293-H75GNMO2AO,293,false,1,4