﻿id,sell_trx_id,seller,num_cards,buy_price,fee_percent,market_item_id,rental_tx,rental_date,renter,status,market_account,rental_days,next_rental_payment,payment_currency,payment_amount,escrow_currency,escrow_amount,paid_amount,cancel_tx,cancel_player,cancel_date,card_id,card_detail_id,gold,xp,edition
17325842,183e89fdcf2b398df09d6f936b12223d864c85e6-34,renterlands,1,35.000,500,17325842,9610ba384fa2324b1346c7df557352cfbc7827ef,2021-10-30T09:36:18.000Z,gootkit,2,splinterlands,1,2021-10-31T09:36:18.000Z,DEC,88.900,DEC,88.900,88.900,,,,C4-143-GRD80Z02M8,143,false,46,4
9477523,2509d5fbafed8c7ec635e439727a779616299bea-0,smalp,1,11.261,500,9477523,9b39b473a2f59e80120da2ab05fddce55a5aa89b,2021-10-30T07:59:15.000Z,gootkit,2,splinterlands,1,2021-10-31T07:59:15.000Z,DEC,11.261,DEC,11.261,11.261,,,,G1-1-1Q02K6SAS0,1,true,800,1
17167021,8b83ae076b4193af651f5b1a040f600119e7108f-135,slbrf,1,25.800,500,17167021,409ff2aa314841302faa0fb4451192f798ea9a51,2021-10-30T07:58:33.000Z,gootkit,2,splinterlands,1,2021-10-31T07:58:33.000Z,DEC,25.800,DEC,25.800,25.800,,,,C1-4-8IMWNMIOW0,4,false,2565,1
15449012,84a5f5f8af81ed931a50a40720050b1b046bd892-25,lucky-cards,1,10.000,500,15449012,4e5021df2e8dcc28331174802cf97bbdb4eb73ab,2021-10-30T07:58:15.000Z,gootkit,2,splinterlands,1,2021-10-31T07:58:15.000Z,DEC,10.000,DEC,10.000,10.000,,,,G-Z5ZSA6R8O0,26,true,250,0
9495009,b17d12793e498c7a29ea97c09c4465c2011ceb54-54,smalp,1,33.124,500,9495009,d7fdbaa455675fbd0494b8aa4a1ed3722d1813ba,2021-10-29T08:59:06.000Z,gootkit,2,peakmonsters,1,2021-10-30T08:59:06.000Z,DEC,33.124,DEC,33.124,33.124,,,,G3-131-UKAVYUG9JK,131,true,400,3
10989585,3fb55c6910e11ae2ba1f79571314fafd21d43e0d-3,deezrentals,1,7.400,500,10989585,12777dffe2ebb1f860d30d772c4ab76918fc4b3c,2021-10-29T08:58:33.000Z,gootkit,2,peakmonsters,1,2021-10-30T08:58:33.000Z,DEC,7.400,DEC,7.400,7.400,,,,C4-293-SN9RQ27PTC,293,false,1,4
16718770,3174a420d53367bd5aa52daab8fad1d578c1f8a0-9,moriarty95,1,1.862,500,16718770,9bc732b7181e0e504ff720db0b98c77db1c1598a,2021-10-29T08:58:18.000Z,gootkit,2,peakmonsters,1,2021-10-30T08:58:18.000Z,DEC,1.862,DEC,1.862,1.862,,,,C1-12-EKZXLVZG34,12,false,60,1
17252793,a0f4efaaeef5e01c31681d08da6941ff80e7bed8-22,grosh,1,14.950,500,17252793,144dc0d7aef4dc48c167b99e4d3536ca1ebe90d7,2021-10-29T08:57:54.000Z,gootkit,2,peakmonsters,1,2021-10-30T08:57:54.000Z,DEC,14.950,DEC,14.950,14.950,,,,C-FRCQC62BZ4,18,false,300,0
17230565,9a1e62521a8b97e10055012d83681d3bdbd7a501-3,ryan600,1,14.950,500,17230565,7bcf756ee70cfaf8886399b80d9cf67658db0a3f,2021-10-29T08:57:42.000Z,gootkit,2,peakmonsters,1,2021-10-30T08:57:42.000Z,DEC,14.950,DEC,14.950,14.950,,,,G1-14-OHCZKQI84W,14,true,200,1
11445322,3151da25dd70849ce7a8edc3296995d58ae615b4-21,fighter4-freedom,1,19.000,500,11445322,7bcf756ee70cfaf8886399b80d9cf67658db0a3f,2021-10-29T08:57:42.000Z,gootkit,2,peakmonsters,1,2021-10-30T08:57:42.000Z,DEC,19.000,DEC,19.000,19.000,,,,G3-91-Y5ARSWNTSW,91,true,200,3
10230517,7ef23564c299c888d8ca03afcff5831316be0cd0-0,cal3,1,13.000,500,10230517,7bcf756ee70cfaf8886399b80d9cf67658db0a3f,2021-10-29T08:57:42.000Z,gootkit,2,peakmonsters,1,2021-10-30T08:57:42.000Z,DEC,13.000,DEC,13.000,13.000,,,,G3-103-WUDDW8J1R4,103,true,200,3
15778034,433abbd9da232f04e2f4ff792d50d666e6c0216d-0,codebull,1,6.000,500,15778034,577ebac2eae4460a36b9aacc5c8e6fd271a080a6,2021-10-25T02:23:03.000Z,gootkit,2,peakmonsters,1,2021-10-26T02:23:03.000Z,DEC,6.000,DEC,6.000,6.000,,,,G4-171-RNHCKBFXF4,171,true,1,4
15798967,6530b57e8a6ff6f5a15e3f60e91b58210ba9c926-0,iamdarrenclaxton,1,10.000,500,15798967,e966a7b04bfdc2f8d10fa1a5ce6caad579951773,2021-10-25T02:22:45.000Z,gootkit,2,peakmonsters,1,2021-10-26T02:22:45.000Z,DEC,10.000,DEC,10.000,10.000,,,,G1-12-H15AAOMP5S,12,true,200,1
10616593,e0f050624314214a7d25c0793561959632ee6f74-14,jeffjagoe,1,14.950,500,10616593,b1105faaaa4f15c2be7cb8414d7292955d54abd7,2021-10-25T02:21:48.000Z,gootkit,2,peakmonsters,1,2021-10-26T02:21:48.000Z,DEC,14.950,DEC,14.950,14.950,,,,C-KMVQSLLVDS,18,false,300,0
12242223,70f5276c3edb25f0fbf0c8ac7ce64db9b5e07aca-10,clove71,1,7.914,500,12242223,6b5af7cde47129f8fc444e97ce4906379e21a036,2021-10-25T02:21:36.000Z,gootkit,2,peakmonsters,1,2021-10-26T02:21:36.000Z,DEC,7.914,DEC,7.914,7.914,,,,C4-293-HA5JSO9HZK,293,false,1,4
10301736,7fb461b4b07bc788a53a5d19756533e7196a9bac-3,rea,1,7.000,500,10301736,13ff5e6364e9e7de9e25d62580e5797f74b3a4ff,2021-10-25T02:21:27.000Z,gootkit,2,peakmonsters,1,2021-10-26T02:21:27.000Z,DEC,7.000,DEC,7.000,7.000,,,,G3-91-DEQYWW35WW,91,true,200,3
17321776,78d8c9fce3adcd31c951d5fd87c528486e109d0a-15,didyourmom,1,7.844,500,17321776,13ff5e6364e9e7de9e25d62580e5797f74b3a4ff,2021-10-25T02:21:27.000Z,gootkit,2,peakmonsters,1,2021-10-26T02:21:27.000Z,DEC,7.844,DEC,7.844,7.844,,,,G4-169-B5B74M3SU8,169,true,1,4
17554811,548b7605f9878a1961c17dc408cb985a90c74269-1,olleo,1,11.600,500,17554811,13ff5e6364e9e7de9e25d62580e5797f74b3a4ff,2021-10-25T02:21:27.000Z,gootkit,2,peakmonsters,1,2021-10-26T02:21:27.000Z,DEC,11.600,DEC,11.600,11.600,,,,G3-103-C70Z4B8UY8,103,true,200,3
16880216,bfe40a3252b3187fc7bb407e344616406999aaa3-81,masterthematrix,1,0.408,500,16880216,c804f9a897ff2c5a80a212ffdcc9fe42afca4a49,2021-10-20T04:49:42.000Z,gootkit,2,peakmonsters,1,2021-10-21T04:49:42.000Z,DEC,0.408,DEC,0.408,0.408,,,,C3-91-WHG2RHZL5S,91,false,0,3
16780789,c7029dea5f632715247e3af63065c1f5d4d3cbdc-30,requiem-of-sins,1,43.900,500,16780789,74e19aea08f11c57df79de84687eb6b14f157f49,2021-10-20T04:47:09.000Z,gootkit,2,peakmonsters,1,2021-10-21T04:47:09.000Z,DEC,43.900,DEC,43.900,43.900,,,,G4-178-FB03HCF8J4,178,true,1,4
11993297,0e6b88688548ad9fa26e9ba493524b35e74de50d-0,onefatindian,1,10.000,500,11993297,af168d87a049ccf4c8c4b9b600dceb0e1310d90f,2021-10-20T04:25:03.000Z,gootkit,2,peakmonsters,1,2021-10-21T04:25:03.000Z,DEC,10.000,DEC,10.000,10.000,,,,G-N4R5SE0FLC,12,true,250,0
15866141,59c0877e444f56875f4c7258836ebe7c3353552e-8,fighter4-freedom,1,5.500,500,15866141,af168d87a049ccf4c8c4b9b600dceb0e1310d90f,2021-10-20T04:25:03.000Z,gootkit,2,peakmonsters,1,2021-10-21T04:25:03.000Z,DEC,5.500,DEC,5.500,5.500,,,,G4-171-6KVEJ81PDC,171,true,1,4
12041958,c05138bdb1a62005eff937db9cb77d23ff6e0857-6,ayogom,1,24.950,500,12041958,af168d87a049ccf4c8c4b9b600dceb0e1310d90f,2021-10-20T04:25:03.000Z,gootkit,2,peakmonsters,1,2021-10-21T04:25:03.000Z,DEC,24.950,DEC,24.950,24.950,,,,G1-18-6D6KUIED28,18,true,400,1
10652564,3e12ca52679032371f71871d5938f8e763bdce19-4,teammonsters,1,30.000,500,10652564,af168d87a049ccf4c8c4b9b600dceb0e1310d90f,2021-10-20T04:25:03.000Z,gootkit,2,peakmonsters,1,2021-10-21T04:25:03.000Z,DEC,30.000,DEC,30.000,30.000,,,,G3-131-UMOJWUPF80,131,true,400,3
14303776,74e6c4c550edbd049478353c99d9b7e04f808530-18,blackheart2,1,9.550,500,14303776,af168d87a049ccf4c8c4b9b600dceb0e1310d90f,2021-10-20T04:25:03.000Z,gootkit,2,peakmonsters,1,2021-10-21T04:25:03.000Z,DEC,9.550,DEC,9.550,9.550,,,,G4-169-TE8QCSYG5C,169,true,1,4
12479059,b727a19b78acbc6e6f81270ffbe63afc477bf333-49,auminda,1,11.650,500,12479059,af168d87a049ccf4c8c4b9b600dceb0e1310d90f,2021-10-20T04:25:03.000Z,gootkit,2,peakmonsters,1,2021-10-21T04:25:03.000Z,DEC,11.650,DEC,11.650,11.650,,,,G3-103-1LR4QYQD9C,103,true,200,3
9460946,e61cd667379e948192037866bebb76b8954b6a71-58,smalp,1,73.361,500,9460946,da2780b337ed38f4fd50b2f56dccf7cd3889ea1d,2021-10-15T11:16:03.000Z,gootkit,2,splinterlands,1,2021-10-16T11:16:03.000Z,DEC,73.361,DEC,73.361,73.361,,,,C4-209-0PJ31VRW74,209,false,6,4
10109874,620938c971e4f713de893f4ee4c36362c9fa482a-7,monsterveritas,1,27.949,500,10109874,bdbf01f425873f74f2a03a841f920dc1df68aa05,2021-10-13T10:57:27.000Z,gootkit,2,peakmonsters,1,2021-10-14T10:57:27.000Z,DEC,27.949,DEC,27.949,27.949,,,,G3-131-H6EDS54HO0,131,true,400,3
15774454,529ba4810341e7a49e970151f1950ea3f401b225-0,bitfiend,1,10.000,500,15774454,8a71655c2e01fc6f430a2d05206c59c7f7afa591,2021-10-13T10:56:51.000Z,gootkit,2,peakmonsters,1,2021-10-14T10:56:51.000Z,DEC,10.000,DEC,10.000,10.000,,,,C-KYXHVFRSQ8,14,false,160,0
13964028,656d8cb5b83ee37b716c0ee58a1895b6c57ffa08-113,jarvie,1,9.400,500,13964028,b54608a63fb459c7002736f79082f000cd77d7b3,2021-10-13T10:55:54.000Z,gootkit,2,peakmonsters,1,2021-10-14T10:55:54.000Z,DEC,9.400,DEC,9.400,9.400,,,,G3-103-4DRTGR8SFK,103,true,200,3
15017320,271c910a15f58ef969fd5029d8d615cc612f8da8-116,rce,1,5.900,500,15017320,e4ec4ffa3dbba1651cfd7702c05a7ade123b22cf,2021-10-07T23:48:39.000Z,gootkit,2,peakmonsters,1,2021-10-08T23:48:39.000Z,DEC,9.900,DEC,9.900,9.900,,,,C4-293-Q24WK6SJR4,293,false,1,4
15467296,b368eba0bf7a1027ccb7e87b9d6e3f41d9593fab-64,unicorndroppingz,1,16.528,500,15467296,883a57f44adf1dc37461ea8d1c5aa8c9748e1456,2021-10-07T23:48:18.000Z,gootkit,2,peakmonsters,1,2021-10-08T23:48:18.000Z,DEC,16.528,DEC,16.528,16.528,,,,G3-91-0ZAUQGOTQO,91,true,200,3
15582862,143e79e2c6f78d2226daf9805aa3347ee0c45b29-8,fighter4-freedom,1,29.000,500,15582862,0582552a89160340855e2ce342b23e88f7bc9be1,2021-10-07T23:48:09.000Z,gootkit,2,peakmonsters,1,2021-10-08T23:48:09.000Z,DEC,29.000,DEC,29.000,29.000,,,,G3-131-N26ZR74XSG,131,true,400,3
14859629,2c1903da7f420f341d2e86e8f670dba00a07ee7d-0,rekodesign,1,25.000,500,14859629,e58c48e14ed37ce87129ce57cdd997ee109d88d6,2021-10-07T23:48:00.000Z,gootkit,2,peakmonsters,1,2021-10-08T23:48:00.000Z,DEC,25.000,DEC,25.000,25.000,,,,G1-18-D5RX3DFE7K,18,true,400,1
10443968,eec419a5eb0e50070c74dfa6382a0c860df13920-2,cyguy,1,4.748,500,10443968,9e89e160e6c725e39f3df3b833826f5ed9357829,2021-10-07T23:47:57.000Z,gootkit,2,peakmonsters,1,2021-10-08T23:47:57.000Z,DEC,4.748,DEC,4.748,4.748,,,,G1-12-P8K0DO63PC,12,true,200,1
11414559,3dec9d2e1956fd6e20a55d9f66f6ccf7fdde66ac-1,ccoin,1,12.285,500,11414559,5af507f5833e2b6aaad8aa64ee0d0f2a81345946,2021-10-07T23:46:24.000Z,gootkit,2,peakmonsters,1,2021-10-08T23:46:24.000Z,DEC,12.285,DEC,12.285,12.285,,,,G1-14-LBS4NTE4RK,14,true,200,1
13839361,70b0655be9a564dd3886c9f19bb6c1edfa0e04f1-0,dksart,1,9.890,500,13839361,5af507f5833e2b6aaad8aa64ee0d0f2a81345946,2021-10-07T23:46:24.000Z,gootkit,2,peakmonsters,1,2021-10-08T23:46:24.000Z,DEC,9.890,DEC,9.890,9.890,,,,G3-103-MO03PHG500,103,true,200,3