﻿id,sell_trx_id,seller,num_cards,buy_price,fee_percent,market_item_id,rental_tx,rental_date,renter,status,market_account,rental_days,next_rental_payment,payment_currency,payment_amount,escrow_currency,escrow_amount,paid_amount,cancel_tx,cancel_player,cancel_date,card_id,card_detail_id,gold,xp,edition
17764374,816c4fb09439a78c3bd39902b386fd204439c3b7-0,neoconqueso,1,7.500,500,17764374,d2c71a5cc9e372e5bcfcf6bb1bb83d9ce8c9c74b,2021-10-31T16:37:21.000Z,trickbot,2,peakmonsters,1,2021-11-01T16:37:21.000Z,DEC,7.500,DEC,7.500,7.500,,,,C-9ADPPG02Z4,18,false,100,0
15439164,664c6f746412c7920f841a8003c94e6b68b26f0f-5,beesknees,1,6.537,500,15439164,a97041534b50918cd0050e712f69a4a6ef6b160f,2021-10-31T16:37:12.000Z,trickbot,2,peakmonsters,1,2021-11-01T16:37:12.000Z,DEC,6.537,DEC,6.537,6.537,,,,C4-293-REIOLSU4PC,293,false,1,4
17170495,2f781c3bb0971b51ff1e841c3407bb3087f2a4a4-83,slbrgf,1,30.000,500,17170495,bbd4404e45881f53b80e8a27b225494ffb62cb6c,2021-10-31T16:37:06.000Z,trickbot,2,peakmonsters,1,2021-11-01T16:37:06.000Z,DEC,30.000,DEC,30.000,30.000,,,,G3-131-OG6JG44DO0,131,true,400,3
10297437,3569536560b4e7e376e6e3e73e20c729427ca666-0,bang1,1,20.000,500,10297437,540d592e51bec1ce528467d3e8e77c50e3448fac,2021-10-31T16:37:00.000Z,trickbot,2,peakmonsters,1,2021-11-01T16:37:00.000Z,DEC,20.000,DEC,20.000,20.000,,,,G1-14-YZIJ7E661C,14,true,200,1
12313848,827fd903761faa20ceb624ccdba2d593d423bc6f-0,jasonwolfe,1,3.920,500,12313848,77f9862f2ffc316a4d0d39c902eb0c7a511577d7,2021-10-31T16:36:54.000Z,trickbot,2,peakmonsters,1,2021-11-01T16:36:54.000Z,DEC,3.920,DEC,3.920,3.920,,,,G3-91-8CIFUFRYJK,91,true,200,3
15718782,0723f2f63dac410bc033142ff75f336d1dc52544-38,jeffandhisguitar,1,2.900,500,15718782,77f9862f2ffc316a4d0d39c902eb0c7a511577d7,2021-10-31T16:36:54.000Z,trickbot,2,peakmonsters,1,2021-11-01T16:36:54.000Z,DEC,2.900,DEC,2.900,2.900,,,,G4-169-KYUOVZ1GFK,169,true,1,4
12264737,45e104be582cee676a4bc553abcd0e0b96198ade-0,battlemaster,1,9.983,500,12264737,77f9862f2ffc316a4d0d39c902eb0c7a511577d7,2021-10-31T16:36:54.000Z,trickbot,2,peakmonsters,1,2021-11-01T16:36:54.000Z,DEC,9.983,DEC,9.983,9.983,,,,G4-178-6KO81D516O,178,true,1,4
10311723,2df8e1c42f97bed134242260af3fffbb30ae662e-0,pi1,1,14.000,500,10311723,77f9862f2ffc316a4d0d39c902eb0c7a511577d7,2021-10-31T16:36:54.000Z,trickbot,2,peakmonsters,1,2021-11-01T16:36:54.000Z,DEC,14.000,DEC,14.000,14.000,,,,G3-103-OBLZW6TLSG,103,true,200,3
18396589,87745b9921905b6dd287ef77d0dec028c371345a-1,russia-btc,1,4.740,500,18396589,77f9862f2ffc316a4d0d39c902eb0c7a511577d7,2021-10-31T16:36:54.000Z,trickbot,2,peakmonsters,1,2021-11-01T16:36:54.000Z,DEC,4.740,DEC,4.740,4.740,,,,G1-12-BZXTAKSR0G,12,true,200,1
10307619,a9c771fbbdd598e25f2010ac08c8d043416573ac-8,lucky-cards,1,25.000,500,10307619,ec73bbef17a8616ac1bcf4686cac3b31d3d6ad74,2021-10-30T02:31:09.000Z,trickbot,2,splinterlands,1,2021-10-31T02:31:09.000Z,DEC,25.000,DEC,25.000,25.000,,,,G-53HMGE1XR4,19,true,500,0
9575478,e4ea0bb77f756f7ee288a7411b737e4c2052c886-40,smalp,1,149.950,500,9575478,afaecee8248542f41eb412a5e1ec52554c87740b,2021-10-30T02:28:57.000Z,trickbot,2,splinterlands,1,2021-10-31T02:28:57.000Z,DEC,149.950,DEC,149.950,149.950,,,,C-1IW4AOGFCG,14,false,7560,0
11861624,ae5833bfb13fef24330a7d7beaa07500709ff1cd-7,jhackn,1,11.950,500,11861624,8ac773267361fb664a037bfdee5d7d344a9bf07e,2021-10-26T14:31:15.000Z,trickbot,2,peakmonsters,1,2021-10-27T14:31:15.000Z,DEC,11.950,DEC,11.950,11.950,,,,G3-103-0BGMFQHOG0,103,true,200,3
11445321,3151da25dd70849ce7a8edc3296995d58ae615b4-20,fighter4-freedom,1,19.000,500,11445321,d17aa3ffd0e95965feb716775545bc4a13386061,2021-10-26T14:31:06.000Z,trickbot,2,peakmonsters,1,2021-10-27T14:31:06.000Z,DEC,19.000,DEC,19.000,19.000,,,,G3-91-Y52FB87F68,91,true,200,3
13818155,587809c0d625a04b485c5f18f946a13f0634f8e7-33,stephen.king989,1,9.950,500,13818155,3d59a9d3a095cc76081655ce1b3653337ba831ed,2021-10-26T14:30:06.000Z,trickbot,2,peakmonsters,1,2021-10-27T14:30:06.000Z,DEC,9.950,DEC,9.950,9.950,,,,C-4SL88QM63K,18,false,400,0
14873279,e6aaf02846ab0c3cf664ce73a9de0f2c3d41f4a0-1,mountainjewel,1,15.950,500,14873279,2541bef7b86b85bba995d0ba161efa279c20e017,2021-10-26T14:29:54.000Z,trickbot,2,peakmonsters,1,2021-10-27T14:29:54.000Z,DEC,15.950,DEC,15.950,15.950,,,,G1-14-0NA11IKZQO,14,true,200,1
17369137,e260d32387a9683a46adc4c5e25788e8184d2b23-60,tishntash,1,40.950,500,17369137,2541bef7b86b85bba995d0ba161efa279c20e017,2021-10-26T14:29:54.000Z,trickbot,2,peakmonsters,1,2021-10-27T14:29:54.000Z,DEC,40.950,DEC,40.950,40.950,,,,G4-178-HKMQNVP0TS,178,true,1,4
11468212,7daa5e05cce6fd5ae756ae6eca0296534895fcf6-1,monstergames,1,8.166,500,11468212,2541bef7b86b85bba995d0ba161efa279c20e017,2021-10-26T14:29:54.000Z,trickbot,2,peakmonsters,1,2021-10-27T14:29:54.000Z,DEC,8.166,DEC,8.166,8.166,,,,G1-12-LLDJCU1A1C,12,true,200,1
17727739,7a5779f371b9c63e5f4294ce7c19251411fc45c1-18,celestal,1,2.353,500,17727739,2541bef7b86b85bba995d0ba161efa279c20e017,2021-10-26T14:29:54.000Z,trickbot,2,peakmonsters,1,2021-10-27T14:29:54.000Z,DEC,3.390,DEC,3.390,3.390,,,,G4-171-91LIREYRS0,171,true,1,4
10230517,7ef23564c299c888d8ca03afcff5831316be0cd0-0,cal3,1,13.000,500,10230517,e18a31fde2dfb253512e069a07f61ddac7452f16,2021-10-21T11:16:48.000Z,trickbot,2,peakmonsters,1,2021-10-22T11:16:48.000Z,DEC,13.000,DEC,13.000,13.000,,,,G3-103-WUDDW8J1R4,103,true,200,3
12663968,31c1c63162af38fbab86d4783f3760f891e36786-25,deezrentals,1,8.950,500,12663968,98475765c58f4d98cbf8e111d3086f2ce0161e26,2021-10-21T11:16:42.000Z,trickbot,2,peakmonsters,1,2021-10-22T11:16:42.000Z,DEC,8.950,DEC,8.950,8.950,,,,G4-169-NF84KN2GF4,169,true,1,4
15866149,59c0877e444f56875f4c7258836ebe7c3353552e-16,fighter4-freedom,1,5.500,500,15866149,803571712b5cc903a3201aea4e8edecb9a658070,2021-10-21T11:16:36.000Z,trickbot,2,peakmonsters,1,2021-10-22T11:16:36.000Z,DEC,5.500,DEC,5.500,5.500,,,,G4-171-HR7FR7GI0G,171,true,1,4
10449286,937d5854b5edc0a958c90f93f167bc98bc0ac806-0,deceth,1,5.230,500,10449286,ce98844a981ccd7239d0eb7a3ad246c144bb423b,2021-10-21T11:16:00.000Z,trickbot,2,peakmonsters,1,2021-10-22T11:16:00.000Z,DEC,5.230,DEC,5.230,5.230,,,,C3-131-6IMJ8MDBZ4,131,false,0,3
12006811,8d2121d18274f54881b50d896182b1eef1e99c41-0,rentcards,1,17.000,500,12006811,fa77f27d747f005bb0f9029fcc4e7de1dd83c291,2021-10-21T11:15:45.000Z,trickbot,2,peakmonsters,1,2021-10-22T11:15:45.000Z,DEC,17.000,DEC,17.000,17.000,,,,G1-14-VME9ORYS7K,14,true,200,1
10426937,d6a69f1baf0469cabf439a3dfad073c02d17274f-0,cyguy,1,29.850,500,10426937,fa77f27d747f005bb0f9029fcc4e7de1dd83c291,2021-10-21T11:15:45.000Z,trickbot,2,peakmonsters,1,2021-10-22T11:15:45.000Z,DEC,29.850,DEC,29.850,29.850,,,,G1-18-QNQ320FXTS,18,true,400,1
10682941,b1964f982d20f80c8f667eafd58327135caab837-0,pladozero,1,9.900,500,10682941,fa77f27d747f005bb0f9029fcc4e7de1dd83c291,2021-10-21T11:15:45.000Z,trickbot,2,peakmonsters,1,2021-10-22T11:15:45.000Z,DEC,9.900,DEC,9.900,9.900,,,,G3-91-32EE9VJ53K,91,true,200,3
11548100,43f06651e8729a636ea680b34a10d2843ea843b2-4,davemccoy,1,7.217,500,11548100,fa77f27d747f005bb0f9029fcc4e7de1dd83c291,2021-10-21T11:15:45.000Z,trickbot,2,peakmonsters,1,2021-10-22T11:15:45.000Z,DEC,7.217,DEC,7.217,7.217,,,,G1-12-O69W2J4B74,12,true,200,1
10043552,afb4963ef4a1dd9ec58d30ecf527b6eca65200bd-124,orangefudge,1,24.950,500,10043552,2d61c03ce6f2619a2211027124d1dcd45ce78849,2021-10-16T01:05:27.000Z,trickbot,2,peakmonsters,1,2021-10-17T01:05:27.000Z,DEC,24.950,DEC,24.950,24.950,,,,G3-131-7OZ1TSEO7K,131,true,400,3
11914193,76dfd7429aa58a93042a5b6252ac83dec5cd5bba-0,reimerlin,1,8.000,500,11914193,4e01a70f25d4527fd42670b1bcfc2f0f6bae7fd7,2021-10-16T01:05:00.000Z,trickbot,2,peakmonsters,1,2021-10-17T01:05:00.000Z,DEC,8.000,DEC,8.000,8.000,,,,C-1IFDDA9LA8,12,false,80,0
9620027,71eb6fbd598649b300f7cff785d8e8556245b1f2-0,joshman,1,15.000,500,9620027,42cde1b8c27981f566d436a39233aa490fd993d1,2021-10-16T01:03:24.000Z,trickbot,2,peakmonsters,1,2021-10-17T01:03:24.000Z,DEC,15.000,DEC,15.000,15.000,,,,G4-178-R383G59BCW,178,true,2,4
11668297,2e3450318eb65be70679601d1327f3c45d1e4bc8-0,monster.farmer,1,9.900,500,11668297,d65f78b0a42d36b360b49634402ffad06933074a,2021-10-16T00:58:36.000Z,trickbot,2,peakmonsters,1,2021-10-17T00:58:36.000Z,DEC,9.900,DEC,9.900,9.900,,,,G3-103-46UGYVOJPS,103,true,200,3
10367439,d97af5301887fab7ec0a86c60d74b4f6aedf1eb0-45,the10legmulti,1,3.690,500,10367439,adde0972bc6d63f84e43c5a2e9a78c9461229a52,2021-10-16T00:57:39.000Z,trickbot,2,peakmonsters,1,2021-10-17T00:57:39.000Z,DEC,3.690,DEC,3.690,3.690,,,,G4-171-QV7XQ0NZ1C,171,true,1,4
9472069,55a5d4800f9947e213f04e99ffb3b28ef94bea13-98,smalp,1,3.839,500,9472069,8e361515014cfb8c019c9207877168f51ca5c217,2021-10-15T07:01:15.000Z,trickbot,2,splinterlands,1,2021-10-16T07:01:15.000Z,DEC,3.839,DEC,3.839,3.839,,,,C4-182-3G5EQPSLXC,182,false,100,4
10058500,89fdde4893925f9bbb84d5ff0ecf255d1c11b75e-38,d-pend,1,0.100,500,10058500,aa82422a02d1875a297909869b149330d2729c4a,2021-10-15T06:47:57.000Z,trickbot,2,splinterlands,1,2021-10-16T06:47:57.000Z,DEC,0.100,DEC,0.100,0.100,,,,C-S3L13IOM3K,2,false,0,0
10863860,f7eb9fe70597b741b4bce469f82dc1013309541d-0,cryptococcus,1,4.550,500,10863860,9cc5c9a053959fdec0e363ac8e5d738abbd16065,2021-10-08T17:27:27.000Z,trickbot,2,peakmonsters,1,2021-10-09T17:27:27.000Z,DEC,4.550,DEC,4.550,4.550,,,,G1-12-B63NHYRAW0,12,true,200,1
10772911,d5ebe52856905646cf93e6a3320f02c824830874-2,digital-fortress,1,3.240,500,10772911,1b79e2d40f0d9219f58c6e7d7ac34bd1955d6f43,2021-10-08T17:27:18.000Z,trickbot,2,peakmonsters,1,2021-10-09T17:27:18.000Z,DEC,3.240,DEC,3.240,3.240,,,,G4-169-EVEPLP68IO,169,true,1,4
14973816,4af6ca9f49a804c971434f1d373eba8f20227036-7,nai.collection,1,9.794,500,14973816,6938f919c13272c83b23c66012f581211d12d29e,2021-10-08T17:26:36.000Z,trickbot,2,peakmonsters,1,2021-10-09T17:26:36.000Z,DEC,9.794,DEC,9.794,9.794,,,,G3-103-LKU8NJ4HTC,103,true,200,3
15176687,eb145ebbc552bfd7c1987e2a11b07326205ff704-0,gigel7,1,20.000,500,15176687,6938f919c13272c83b23c66012f581211d12d29e,2021-10-08T17:26:36.000Z,trickbot,2,peakmonsters,1,2021-10-09T17:26:36.000Z,DEC,20.000,DEC,20.000,20.000,,,,G1-18-LJS7AGFRI8,18,true,400,1
15209904,4d0bee22f219f160a4632a34e2cd3dcbe043f46a-139,corpusland,1,49.750,500,15209904,6938f919c13272c83b23c66012f581211d12d29e,2021-10-08T17:26:36.000Z,trickbot,2,peakmonsters,1,2021-10-09T17:26:36.000Z,DEC,49.750,DEC,49.750,49.750,,,,G4-178-NVOKSJZ834,178,true,1,4
10922164,2f416d1ae725710ea06749864ef453ee99ea0fe4-5,nateaguila,1,11.950,500,10922164,6938f919c13272c83b23c66012f581211d12d29e,2021-10-08T17:26:36.000Z,trickbot,2,peakmonsters,1,2021-10-09T17:26:36.000Z,DEC,11.950,DEC,11.950,11.950,,,,G1-14-FHD9SFK6C0,14,true,200,1
10831055,82f023135e651751bc657a3e13a849086ba51cde-17,qinetix,1,2.353,500,10831055,6938f919c13272c83b23c66012f581211d12d29e,2021-10-08T17:26:36.000Z,trickbot,2,peakmonsters,1,2021-10-09T17:26:36.000Z,DEC,2.353,DEC,2.353,2.353,,,,G4-171-CRHAF7CNC0,171,true,1,4
10345155,e11aacf0934d95a976abffc57a90a8c07cd9c36f-0,gregory-f,1,12.850,500,10345155,c3a6718e27859d8557de28dc1e6bb61ff327f0ac,2021-10-05T12:36:24.000Z,trickbot,2,peakmonsters,1,2021-10-06T12:36:24.000Z,DEC,12.850,DEC,12.850,12.850,,,,G1-14-SLZEAH2VS0,14,true,200,1
14437810,233752e14f47e265d8e7ee413ee17f79c9c3f8d5-59,deezrentals,1,8.950,500,14437810,c3a6718e27859d8557de28dc1e6bb61ff327f0ac,2021-10-05T12:36:24.000Z,trickbot,2,peakmonsters,1,2021-10-06T12:36:24.000Z,DEC,8.950,DEC,8.950,8.950,,,,G4-169-KCZ503U0KG,169,true,1,4
9699829,825ec6f18c97859176600f5304f7f27fe31e335c-14,fighter4-freedom,1,3.700,500,9699829,c3a6718e27859d8557de28dc1e6bb61ff327f0ac,2021-10-05T12:36:24.000Z,trickbot,2,peakmonsters,1,2021-10-06T12:36:24.000Z,DEC,3.700,DEC,3.700,3.700,,,,G1-12-5R6X2A3PG0,12,true,400,1
13646061,b43da64ecf2ffb6e6179800d449270f811d85d52-0,sustainablyyours,1,9.900,500,13646061,c3a6718e27859d8557de28dc1e6bb61ff327f0ac,2021-10-05T12:36:24.000Z,trickbot,2,peakmonsters,1,2021-10-06T12:36:24.000Z,DEC,9.900,DEC,9.900,9.900,,,,G3-103-75KUNWSU9C,103,true,200,3
11938596,93c5fbb2911c602878958da2da98e99664b05111-0,travoved,1,75.000,500,11938596,c3a6718e27859d8557de28dc1e6bb61ff327f0ac,2021-10-05T12:36:24.000Z,trickbot,2,peakmonsters,1,2021-10-06T12:36:24.000Z,DEC,75.000,DEC,75.000,75.000,,,,G4-293-HUFUKDOC68,293,true,1,4