﻿id,sell_trx_id,seller,num_cards,buy_price,fee_percent,market_item_id,rental_tx,rental_date,renter,status,market_account,rental_days,next_rental_payment,payment_currency,payment_amount,escrow_currency,escrow_amount,paid_amount,cancel_tx,cancel_player,cancel_date,card_id,card_detail_id,gold,xp,edition
13956483,c42cfeadf40e900619ec04b6e82c7d521744e920-0,onefatindian,1,14.750,500,13956483,decfa2d30ec85f0ec2e463843a487a65c8f5dde3,2021-11-01T04:24:03.000Z,dridex,2,peakmonsters,1,2021-11-02T04:24:03.000Z,DEC,14.750,DEC,14.750,14.750,,,,C-CSFK2XI5BK,14,false,260,0
17538848,c67bd075e6074505092148247209b89e76957464-3,olleo,1,4.100,500,17538848,0d1d3a847ef5f4eaaaa8f59a9a7f60cb507fefdc,2021-11-01T04:23:48.000Z,dridex,2,peakmonsters,1,2021-11-02T04:23:48.000Z,DEC,4.100,DEC,4.100,4.100,,,,C3-131-9I3GEJ5GE8,131,false,0,3
15619831,2b2a9dd7806a4b88e4c0ded723bd77b43c25ee92-13,wargames,1,44.900,500,15619831,36a070e109b92ad55e2c55b330fc91c3c9e9bcef,2021-11-01T04:22:42.000Z,dridex,2,peakmonsters,1,2021-11-02T04:22:42.000Z,DEC,44.900,DEC,44.900,44.900,,,,G4-178-DHBHPG5BPS,178,true,1,4
17554810,548b7605f9878a1961c17dc408cb985a90c74269-0,olleo,1,11.600,500,17554810,b32cd96d2e9775637ad2e8efb856ba0f33bc948a,2021-11-01T04:22:21.000Z,dridex,2,peakmonsters,1,2021-11-02T04:22:21.000Z,DEC,11.600,DEC,11.600,11.600,,,,G3-103-OFZW2HIYK0,103,true,200,3
18087871,dcb7e35e44356c8f472ef43a4c2f0a58abca8ec6-61,nynate,1,6.200,500,18087871,037959e315be1b899f26e9ee33414442989e002a,2021-11-01T04:22:00.000Z,dridex,2,peakmonsters,1,2021-11-02T04:22:00.000Z,DEC,6.200,DEC,6.200,6.200,,,,C4-293-COFDGCLZTC,293,false,1,4
14378532,0eac15e6f14a882996dda593f9a0212e4374f054-0,sacred-agent,1,16.577,500,14378532,6faa23adade67c0d6b09a6fdbb2b57ecb93253d8,2021-11-01T04:21:48.000Z,dridex,2,peakmonsters,1,2021-11-02T04:21:48.000Z,DEC,16.577,DEC,16.577,16.577,,,,G3-91-0TDWTQTQ5S,91,true,200,3
16263331,76e19a298d3ebf27950132e9036129d427966a65-139,nyche,1,7.650,500,16263331,6faa23adade67c0d6b09a6fdbb2b57ecb93253d8,2021-11-01T04:21:48.000Z,dridex,2,peakmonsters,1,2021-11-02T04:21:48.000Z,DEC,7.650,DEC,7.650,7.650,,,,G4-169-DHJNR6W2LS,169,true,1,4
10496484,6a5513fd748bfd2670a40a7e386213e99c7076bc-21,aatrox,1,4.200,500,10496484,6faa23adade67c0d6b09a6fdbb2b57ecb93253d8,2021-11-01T04:21:48.000Z,dridex,2,peakmonsters,1,2021-11-02T04:21:48.000Z,DEC,4.200,DEC,4.200,4.200,,,,G1-12-Y8SAA7YLCG,12,true,200,1
15866536,bfebdec357406dd084317ab685612df4a32e9d30-13,fighter4-freedom,1,5.000,500,15866536,d100996d8f4e186bc7c480c68a2327882766c11b,2021-10-30T02:27:57.000Z,dridex,2,splinterlands,1,2021-10-31T02:27:57.000Z,DEC,5.000,DEC,5.000,5.000,,,,G4-193-57Z7WL9VKW,193,true,1,4
9699899,05ade68a9f6cabce695768280855e766bbc9955d-10,fighter4-freedom,1,5.400,500,9699899,4de232547f6c46ada3dd1a6d20f02944b522dbb7,2021-10-30T02:26:39.000Z,dridex,2,splinterlands,1,2021-10-31T02:26:39.000Z,DEC,5.400,DEC,5.400,5.400,,,,C3-83-APNNTLDQNK,83,false,780,3
16088186,01487d4fb5f9983a92898d6329ee4298a0c1b1c5-28,fighter4-freedom,1,0.370,500,16088186,ec61779ad01db38ac84c0b43576eb3870c2c3ea3,2021-10-30T02:25:27.000Z,dridex,2,splinterlands,1,2021-10-31T02:25:27.000Z,DEC,0.370,DEC,0.370,0.370,,,,C2-128-ZAI9DCFF0W,128,false,0,2
16087875,7c608a91f4325f88a70cf1dc893adae509c012b9-2,fighter4-freedom,1,0.350,500,16087875,746ef87e7bb352f44b7b35ce2cbfd9c7e4896c85,2021-10-30T02:25:15.000Z,dridex,2,splinterlands,1,2021-10-31T02:25:15.000Z,DEC,0.350,DEC,0.350,0.350,,,,C2-128-836UR6XD4G,128,false,0,2
16064535,e74cad93e977a025f8d4c13af2f3d5b3ee9c9e22-0,fighter4-freedom,1,1.500,500,16064535,ebd520165b73fb1d9b482808673d96b843704416,2021-10-30T02:25:06.000Z,dridex,2,splinterlands,1,2021-10-31T02:25:06.000Z,DEC,1.500,DEC,1.500,1.500,,,,C2-115-XS684NZW68,115,false,0,2
9362738,258519fdb7a4e828d5bec52273f8a72c7b732952-1,fighter4-freedom,1,0.100,500,9362738,8f9b8dd1434ec5a552e4860b07f8e538e216c89c,2021-10-30T02:24:54.000Z,dridex,2,splinterlands,1,2021-10-31T02:24:54.000Z,DEC,0.100,DEC,0.100,0.100,,,,C3-106-01EAB3X44G,106,false,0,3
15934528,7ec5b0285661acc024ec347ff4c43909ce9eafa8-67,fighter4-freedom,1,0.220,500,15934528,b81db5acfcdcacb676a0a6ea21d21dc62cea8597,2021-10-30T02:24:42.000Z,dridex,2,splinterlands,1,2021-10-31T02:24:42.000Z,DEC,0.220,DEC,0.220,0.220,,,,C-HOY6CJ915C,15,false,0,0
9360948,8352d254b39c5a86b70f18f6905ab69e6b847faf-60,fighter4-freedom,1,0.303,500,9360948,bc562cd8b9675b433f04772180fb435bc1f037a2,2021-10-30T02:24:30.000Z,dridex,2,splinterlands,1,2021-10-31T02:24:30.000Z,DEC,0.303,DEC,0.303,0.303,,,,C0-14-BGUO8MACVK,14,false,0,0
15934161,8bc4222d47783ae6f990ece1c0bb07c88903d8cd-0,fighter4-freedom,1,0.220,500,15934161,138e0d3e610e1fcd8bcdad715cb474bd9b47f307,2021-10-30T02:24:21.000Z,dridex,2,splinterlands,1,2021-10-31T02:24:21.000Z,DEC,0.220,DEC,0.220,0.220,,,,C0-4-0Y8565YQ34,4,false,0,0
11206014,f63a8444321b54e1627d356ed4b215e7a124dfe6-108,smalp,1,124.950,500,11206014,5543700485ec32dee41e9dca350a40e12441cae0,2021-10-30T02:23:42.000Z,dridex,2,splinterlands,1,2021-10-31T02:23:42.000Z,DEC,124.950,DEC,124.950,124.950,,,,C-XCDAP9ZSF4,8,false,8500,0
9308948,ec54494c3359a97e1f2ada9ada2f5dfa829f8e00-5,smalp,1,36.948,500,9308948,da75156e3c95b273a3240edc960663b30efe822d,2021-10-30T02:23:15.000Z,dridex,2,splinterlands,1,2021-10-31T02:23:15.000Z,DEC,36.948,DEC,36.948,36.948,,,,G0-4-L715RGZEWW,4,true,500,0
11683807,1de513affe507125a0136bb9b2feb0e294bb9aaa-58,toocurious,1,11.940,500,11683807,27aadd9ec653f2c007416c28bd22e1e42aba2fbe,2021-10-26T23:30:24.000Z,dridex,2,peakmonsters,1,2021-10-27T23:30:24.000Z,DEC,11.940,DEC,11.940,11.940,,,,G3-91-DX04H0UVCG,91,true,200,3
10413824,76e4523e80c0935814b250121893a72e6c15491b-0,gigel4,1,14.000,500,10413824,60738c3d8ec298a49ae8bd962cadcd4c69688993,2021-10-26T23:30:15.000Z,dridex,2,peakmonsters,1,2021-10-27T23:30:15.000Z,DEC,14.000,DEC,14.000,14.000,,,,G3-103-X4830IMR28,103,true,200,3
11117013,d3f3ae854c43c64d50da6804ac6272d1db9fb24b-0,silentsoularts,1,14.947,500,11117013,eb21392ef5a1114570c7442bdbd9dcfe28e70968,2021-10-26T23:29:39.000Z,dridex,2,peakmonsters,1,2021-10-27T23:29:39.000Z,DEC,14.947,DEC,14.947,14.947,,,,C-8PBRPZZ3CW,18,false,300,0
15663348,73f500549356854e24ab712370dc7df461d5bdf4-0,beesknees,1,6.517,500,15663348,058f2c4cfc7b484cfbaba9b8c979eec7b1141217,2021-10-26T23:29:27.000Z,dridex,2,peakmonsters,1,2021-10-27T23:29:27.000Z,DEC,6.517,DEC,6.517,6.517,,,,C4-293-J4S8S976PS,293,false,1,4
16823728,75db4597d79246dfafa9b22c29223f10088fb429-0,tiffin,1,18.000,500,16823728,361b0e0c07934aa85d0a37deed75cb856f597d84,2021-10-26T23:29:18.000Z,dridex,2,peakmonsters,1,2021-10-27T23:29:18.000Z,DEC,18.000,DEC,18.000,18.000,,,,G1-14-6H9OB6GP8G,14,true,200,1
15619830,2b2a9dd7806a4b88e4c0ded723bd77b43c25ee92-12,wargames,1,44.900,500,15619830,361b0e0c07934aa85d0a37deed75cb856f597d84,2021-10-26T23:29:18.000Z,dridex,2,peakmonsters,1,2021-10-27T23:29:18.000Z,DEC,44.900,DEC,44.900,44.900,,,,G4-178-CBZL9P29B4,178,true,1,4
15802341,e515cf90fe826189b16e862872d244e2b2487fb6-0,moon32walker,1,8.100,500,15802341,361b0e0c07934aa85d0a37deed75cb856f597d84,2021-10-26T23:29:18.000Z,dridex,2,peakmonsters,1,2021-10-27T23:29:18.000Z,DEC,8.100,DEC,8.100,8.100,,,,G4-169-OILLZMVIAO,169,true,1,4
12663966,31c1c63162af38fbab86d4783f3760f891e36786-23,deezrentals,1,8.950,500,12663966,a1b49b5e27b18803f10bb0e85300bbb80b9ee75e,2021-10-21T11:26:36.000Z,dridex,2,peakmonsters,1,2021-10-22T11:26:36.000Z,DEC,8.950,DEC,8.950,8.950,,,,G4-169-J2LO0P3LM8,169,true,1,4
15866140,59c0877e444f56875f4c7258836ebe7c3353552e-7,fighter4-freedom,1,5.500,500,15866140,f84586225713aa8ca3a56d961427ef097c98e86d,2021-10-21T11:26:30.000Z,dridex,2,peakmonsters,1,2021-10-22T11:26:30.000Z,DEC,5.500,DEC,5.500,5.500,,,,G4-171-69BZH6F2Y8,171,true,1,4
17150004,47a8a197852f16303b0ab22277de0f61b65a4f41-6,exator,1,4.990,500,17150004,467d07b9675b8ef27295120555752b5101324b46,2021-10-21T11:25:36.000Z,dridex,2,peakmonsters,1,2021-10-22T11:25:36.000Z,DEC,5.099,DEC,5.099,5.099,,,,C3-131-3P8V0FGBAO,131,false,0,3
11106765,dc715cace324f7909579faa7c86052824ea4c49d-67,betafrancois,1,18.350,500,11106765,d768b9ee562e04c8aed97d95d6a5b1ee6f31b471,2021-10-21T11:25:30.000Z,dridex,2,peakmonsters,1,2021-10-22T11:25:30.000Z,DEC,18.350,DEC,18.350,18.350,,,,G3-91-X0Q7G5KWU8,91,true,200,3
13964028,656d8cb5b83ee37b716c0ee58a1895b6c57ffa08-113,jarvie,1,9.400,500,13964028,d768b9ee562e04c8aed97d95d6a5b1ee6f31b471,2021-10-21T11:25:30.000Z,dridex,2,peakmonsters,1,2021-10-22T11:25:30.000Z,DEC,9.400,DEC,9.400,9.400,,,,G3-103-4DRTGR8SFK,103,true,200,3
12928681,f045725c8fd1a28ba9ce1c53d81e2731fcb421b0-0,reconnectnature,1,20.000,500,12928681,d768b9ee562e04c8aed97d95d6a5b1ee6f31b471,2021-10-21T11:25:30.000Z,dridex,2,peakmonsters,1,2021-10-22T11:25:30.000Z,DEC,20.000,DEC,20.000,20.000,,,,G-1CS7B66IZ4,12,true,500,0
9307617,1e7bdd2d80ea4387e0bf841ff3a14a74e23fb66b-20,smalp,1,109.300,500,9307617,3e3e89ee769fcb2a3a4a79623cf37038feedfad6,2021-10-14T20:18:27.000Z,dridex,2,splinterlands,1,2021-10-15T20:18:27.000Z,DEC,109.300,DEC,109.300,109.300,,,,C1-56-M2M7KWYY1S,56,false,7500,1
14936165,6c4d8ffb534006e9f7744186e47b3da64627a288-96,exyle,1,12.405,500,14936165,ba6d1bb8933f18ce5fa9bcbba75291b2ab43d4bc,2021-10-14T13:24:00.000Z,dridex,2,peakmonsters,1,2021-10-15T13:24:00.000Z,DEC,12.405,DEC,12.405,12.405,,,,G-9A3G3D0V6O,12,true,250,0
10188310,b9f22c4e225d3e72926767928a501d5967dc4bab-0,rege5,1,15.000,500,10188310,c74f4f0bc681cf2379722bd71f170251df84159c,2021-10-14T13:23:06.000Z,dridex,2,peakmonsters,1,2021-10-15T13:23:06.000Z,DEC,15.000,DEC,15.000,15.000,,,,C0-18-269QAZ3UZK,18,false,300,0
13935939,5eeea12b49f73af570dbde6ac6b679ec9cad81a5-90,jarvie,1,11.950,500,13935939,c74f4f0bc681cf2379722bd71f170251df84159c,2021-10-14T13:23:06.000Z,dridex,2,peakmonsters,1,2021-10-15T13:23:06.000Z,DEC,11.950,DEC,11.950,11.950,,,,C-55J0KEYIOW,14,false,60,0
9909372,a45801a5a13e0a2ca70f1842126ca3df1b37cef4-10,samsemilia7,1,13.830,500,9909372,71dc78eff2eb62d158166c140c97f483d645f489,2021-10-14T13:22:30.000Z,dridex,2,peakmonsters,1,2021-10-15T13:22:30.000Z,DEC,13.830,DEC,13.830,13.830,,,,G3-103-2EI2T36P00,103,true,200,3
10556563,6820f38d20a9a5a0aa48ba7d28c64ddf42d520a6-0,vimukthi,1,4.700,500,10556563,c6863938d72444213bd3916d9bdbe494441f5cbf,2021-10-14T13:21:57.000Z,dridex,2,peakmonsters,1,2021-10-15T13:21:57.000Z,DEC,4.700,DEC,4.700,4.700,,,,G4-169-ESPOE1U1OW,169,true,1,4
15525502,ec909f69be51bc537ea345c1a6b071d65f0c49bc-27,aatrox,1,5.350,500,15525502,d48c9cc40a4da7c6a8ad8f76d565c7bdc9cdf0a1,2021-10-14T13:21:30.000Z,dridex,2,peakmonsters,1,2021-10-15T13:21:30.000Z,DEC,5.350,DEC,5.350,5.350,,,,C3-131-WFFWGK4KCG,131,false,0,3
10426260,6c94a49150279acb51c5fb9d01e2734d1da74336-1,foggybottom,1,12.335,500,10426260,bc637b938754d7afe5633f5eb214c895145d8a4a,2021-10-14T13:21:03.000Z,dridex,2,peakmonsters,1,2021-10-15T13:21:03.000Z,DEC,12.335,DEC,12.335,12.335,,,,G1-14-JHGPWZDNYO,14,true,200,1
11536270,b67f113f7da2e5dd14a76d1847d029a6a2e8a6ba-10,azircon,1,3.500,500,11536270,9148ee418c7f24dd65aa834ca42f5670098d6c97,2021-10-14T13:20:12.000Z,dridex,2,peakmonsters,1,2021-10-15T13:20:12.000Z,DEC,3.500,DEC,3.500,3.500,,,,G4-171-H9KZYDLUW0,171,true,1,4
11191620,83e2907f2dee5528028588e8b84530c30d907fb3-106,janoshik,1,14.400,500,11191620,318eb1b3a33e67b2b0727c122dd29541c2ff2675,2021-10-14T13:19:45.000Z,dridex,2,splinterlands,1,2021-10-15T13:19:45.000Z,DEC,14.400,DEC,14.400,14.400,,,,C4-293-5NGT8WX2KW,293,false,1,4
14329996,a0412814849aff74bc086e65fe1b8ed3ce9abcce-123,vugtis,1,49.800,500,14329996,32e158b7cb341a4aa37213a88cbe572822639da5,2021-10-14T13:19:00.000Z,dridex,2,splinterlands,1,2021-10-15T13:19:00.000Z,DEC,49.800,DEC,49.800,49.800,,,,G4-178-4ZHUV9YB9C,178,true,1,4
13078101,91123761a82ab95167a9120ea54ea5bd6d67476a-17,oligel,1,9.950,500,13078101,77cd28ae2d5357facd2df900ea587a178d7d8e6e,2021-10-14T13:18:33.000Z,dridex,2,peakmonsters,1,2021-10-15T13:18:33.000Z,DEC,9.950,DEC,9.950,9.950,,,,G3-91-NCOJGYMWXS,91,true,200,3
15798967,6530b57e8a6ff6f5a15e3f60e91b58210ba9c926-0,iamdarrenclaxton,1,10.000,500,15798967,6e36c3faa35627e6fda84e8886f36e4c380ebda8,2021-10-10T16:10:57.000Z,dridex,2,peakmonsters,1,2021-10-11T16:10:57.000Z,DEC,10.000,DEC,10.000,10.000,,,,G1-12-H15AAOMP5S,12,true,200,1
15417709,0d83d3aabcb95e7ae9c714e03e26425571d8a0ee-37,legendarycanary,1,2.950,500,15417709,1dcbcddcfcd8a4f0de4bd6d2b721d4e84d55d498,2021-10-10T16:10:18.000Z,dridex,2,peakmonsters,1,2021-10-11T16:10:18.000Z,DEC,2.950,DEC,2.950,2.950,,,,G4-171-6ULP6BUGE8,171,true,1,4
12136049,8d05e470cb7a0bfbc5a400268b936b5183f14cfa-16,clove71,1,12.900,500,12136049,0e234bd7b6a0a604862581d20e14acc88a345d22,2021-10-10T16:09:48.000Z,dridex,2,peakmonsters,1,2021-10-11T16:09:48.000Z,DEC,12.900,DEC,12.900,12.900,,,,G3-103-SGCE3D7LGG,103,true,200,3
11260106,b4387c8d8f59726df186888fa2a34b828c31e13f-2,d-pend,1,19.970,500,11260106,0e234bd7b6a0a604862581d20e14acc88a345d22,2021-10-10T16:09:48.000Z,dridex,2,peakmonsters,1,2021-10-11T16:09:48.000Z,DEC,19.970,DEC,19.970,19.970,,,,G1-14-BWBYZ6YOUO,14,true,200,1
10682537,41c24accddd256b5d27cc36ad36a7980c7bad857-2,teammonsters,1,28.898,500,10682537,0fe552ff9a2b127e83927a785993ff57dfdd5ffe,2021-10-05T01:13:51.000Z,dridex,2,peakmonsters,1,2021-10-06T01:13:51.000Z,DEC,28.898,DEC,28.898,28.898,,,,G3-131-ZMQJXH1YC0,131,true,400,3
10989592,3fb55c6910e11ae2ba1f79571314fafd21d43e0d-10,deezrentals,1,7.400,500,10989592,5bfbbdf60336ddc738404bb47dddf99f6a7fd5d2,2021-10-05T01:13:30.000Z,dridex,2,peakmonsters,1,2021-10-06T01:13:30.000Z,DEC,9.798,DEC,9.798,9.798,,,,C4-293-UTC2E16940,293,false,1,4