﻿id,sell_trx_id,seller,num_cards,buy_price,fee_percent,market_item_id,rental_tx,rental_date,renter,status,market_account,rental_days,next_rental_payment,payment_currency,payment_amount,escrow_currency,escrow_amount,paid_amount,cancel_tx,cancel_player,cancel_date,card_id,card_detail_id,gold,xp,edition
9460847,1f427cdfeeb80c8e501f9705c32715b33fb75028-92,smalp,1,44.134,500,9460847,2a98a1d5dcff85f7d1ea0265a3f843bb422f4687,2021-10-30T05:57:30.000Z,bayrob,2,splinterlands,1,2021-10-31T05:57:30.000Z,DEC,44.134,DEC,44.134,44.134,,,,C4-155-B55CH8YFWG,155,false,11,4
17583194,4cff1af2c31660fdbc2541eeac59882c33cd8044-19,aatrox,1,16.902,500,17583194,1848cf215fd48ddd4d5ed2b95718ad8f190e918c,2021-10-30T05:56:42.000Z,bayrob,2,splinterlands,1,2021-10-31T05:56:42.000Z,DEC,16.902,DEC,16.902,16.902,,,,G-6RN1A96XS0,12,true,250,0
12272858,2d2eac3fcaa499eaa3ab756968b98ae900ca65ba-55,clove71,1,4.450,500,12272858,714252d8f4e48640a3482fab12b8e5c8a2cf1ec4,2021-10-29T08:03:48.000Z,bayrob,2,peakmonsters,1,2021-10-30T08:03:48.000Z,DEC,4.450,DEC,4.450,4.450,,,,C3-131-IMLQ736S4G,131,false,0,3
17380930,271b3d1e0562691ca8b915ba0fcad880482c523d-48,renterlands,1,9.950,500,17380930,4828832ccbfc3109d230780b3ef635c91a489d2e,2021-10-29T08:02:24.000Z,bayrob,2,peakmonsters,1,2021-10-30T08:02:24.000Z,DEC,9.950,DEC,9.950,9.950,,,,C0-14-4Z7R6SW4HS,14,false,60,0
11117013,d3f3ae854c43c64d50da6804ac6272d1db9fb24b-0,silentsoularts,1,14.947,500,11117013,7ffe47e4d676dcc4245eef611075bf937c466573,2021-10-29T08:02:03.000Z,bayrob,2,peakmonsters,1,2021-10-30T08:02:03.000Z,DEC,14.947,DEC,14.947,14.947,,,,C-8PBRPZZ3CW,18,false,300,0
16620393,b0d4cf5ca1800e43e881dc3eb78409b922883eda-17,bala41288,1,14.850,500,16620393,725f793aeeba317f2b8e15ccbe6c869cec405cb3,2021-10-29T08:01:27.000Z,bayrob,2,peakmonsters,1,2021-10-30T08:01:27.000Z,DEC,14.850,DEC,14.850,14.850,,,,G3-91-8G599NJOXS,91,true,200,3
12136043,8d05e470cb7a0bfbc5a400268b936b5183f14cfa-10,clove71,1,12.900,500,12136043,725f793aeeba317f2b8e15ccbe6c869cec405cb3,2021-10-29T08:01:27.000Z,bayrob,2,peakmonsters,1,2021-10-30T08:01:27.000Z,DEC,12.900,DEC,12.900,12.900,,,,G3-103-HAN88OZE9S,103,true,200,3
17435940,d20e6160c335a78ae95dd12e51f968a5a34211d2-0,olleo,1,49.400,500,17435940,2411e908577651d98e58a5127d54d8885dbf6e6d,2021-10-24T02:15:18.000Z,bayrob,2,peakmonsters,1,2021-10-25T02:15:18.000Z,DEC,49.400,DEC,49.400,49.400,,,,G4-178-IQ9E0TROAO,178,true,1,4
12242223,70f5276c3edb25f0fbf0c8ac7ce64db9b5e07aca-10,clove71,1,7.914,500,12242223,75180b293b17b3d81c2f49cbbd5fc9d918ab3a5a,2021-10-24T02:14:21.000Z,bayrob,2,peakmonsters,1,2021-10-25T02:14:21.000Z,DEC,7.914,DEC,7.914,7.914,,,,C4-293-HA5JSO9HZK,293,false,1,4
17321776,78d8c9fce3adcd31c951d5fd87c528486e109d0a-15,didyourmom,1,7.844,500,17321776,f98592afd3dc322a0543aad52c9d77d3c419289e,2021-10-24T02:14:12.000Z,bayrob,2,peakmonsters,1,2021-10-25T02:14:12.000Z,DEC,7.844,DEC,7.844,7.844,,,,G4-169-B5B74M3SU8,169,true,1,4
15864590,d11a8fa5e25ecf24d3bc46b5cd7dccc5dfa80973-8,fighter4-freedom,1,13.000,500,15864590,f98592afd3dc322a0543aad52c9d77d3c419289e,2021-10-24T02:14:12.000Z,bayrob,2,peakmonsters,1,2021-10-25T02:14:12.000Z,DEC,13.000,DEC,13.000,13.000,,,,G3-91-O8W3WJ8TKW,91,true,200,3
10453897,7749dcad54703a9556d7c734489d28e6d9371ef2-1,cyguy,1,8.950,500,10453897,f98592afd3dc322a0543aad52c9d77d3c419289e,2021-10-24T02:14:12.000Z,bayrob,2,peakmonsters,1,2021-10-25T02:14:12.000Z,DEC,8.950,DEC,8.950,8.950,,,,G1-12-UZHB8OBYHS,12,true,200,1
15866156,59c0877e444f56875f4c7258836ebe7c3353552e-23,fighter4-freedom,1,5.500,500,15866156,f98592afd3dc322a0543aad52c9d77d3c419289e,2021-10-24T02:14:12.000Z,bayrob,2,peakmonsters,1,2021-10-25T02:14:12.000Z,DEC,5.500,DEC,5.500,5.500,,,,G4-171-OE4V5WU47K,171,true,1,4
10543975,ca76bc2183b310140fb0fb5a71920e5724b7cc74-0,sonniwins,1,24.800,500,10543975,f98592afd3dc322a0543aad52c9d77d3c419289e,2021-10-24T02:14:12.000Z,bayrob,2,peakmonsters,1,2021-10-25T02:14:12.000Z,DEC,24.800,DEC,24.800,24.800,,,,G1-18-K4X3UA8U0G,18,true,400,1
12041989,c05138bdb1a62005eff937db9cb77d23ff6e0857-37,ayogom,1,12.550,500,12041989,f98592afd3dc322a0543aad52c9d77d3c419289e,2021-10-24T02:14:12.000Z,bayrob,2,peakmonsters,1,2021-10-25T02:14:12.000Z,DEC,12.550,DEC,12.550,12.550,,,,G3-103-TTPSYVNGOG,103,true,200,3
16139706,6bd8e2c707ca3d51c06e6f1b558e5c6494288cd5-8,fighter4-freedom,1,5.700,500,16139706,fcfafda93fc1955a832b483e33b0e44de3a85ad5,2021-10-18T12:11:18.000Z,bayrob,2,peakmonsters,1,2021-10-19T12:11:18.000Z,DEC,5.700,DEC,5.700,5.700,,,,C3-131-6TB2UOO0JK,131,false,0,3
14290378,d07ebb8e36826573bda5a164053e49fce057e679-6,megalithic,1,7.480,500,14290378,19cbad5faa91d173eb23a92cf538ede96d7d7b85,2021-10-18T12:10:27.000Z,bayrob,2,peakmonsters,1,2021-10-19T12:10:27.000Z,DEC,9.780,DEC,9.780,9.780,,,,C4-293-6G4JG6KM74,293,false,1,4
10201614,6518dde69a17beb24d23703553f2082d4e0e47da-0,cal2,1,15.000,500,10201614,1ce12118b36f7b85463103d47cc670acdcbaa99d,2021-10-18T12:09:54.000Z,bayrob,2,peakmonsters,1,2021-10-19T12:09:54.000Z,DEC,15.000,DEC,15.000,15.000,,,,C-FONFHTPC7K,18,false,300,0
12531860,e83fb6768451472d0cb5b3a1028fffbb4fec1898-0,bitcoinportugal,1,11.800,500,12531860,54817824f01759a63bc3c3583052432e01d77e18,2021-10-18T12:09:21.000Z,bayrob,2,peakmonsters,1,2021-10-19T12:09:21.000Z,DEC,11.800,DEC,11.800,11.800,,,,G3-103-F6NWIP0234,103,true,200,3
10496915,17300276c49e544fdd620cdc5d2d164ca994eb5a-1,cyguy,1,4.698,500,10496915,54817824f01759a63bc3c3583052432e01d77e18,2021-10-18T12:09:21.000Z,bayrob,2,peakmonsters,1,2021-10-19T12:09:21.000Z,DEC,4.698,DEC,4.698,4.698,,,,G1-12-H7YCHLV59S,12,true,200,1
15588049,2af7c1e8daeaa730a33f7c84987cec33bc28f6da-12,lucky-cards,1,75.000,500,15588049,941abec3b9589ae8de9b4539ac607515113f645a,2021-10-15T12:22:27.000Z,bayrob,2,splinterlands,1,2021-10-16T12:22:27.000Z,DEC,75.000,DEC,75.000,75.000,,,,C4-164-F0SR18D7CG,164,false,32,4
15417140,b98107365e976c4651cced9e2c46322494ecdb4d-7,legendarycanary,1,28.000,500,15417140,d54897de1734a8fd9f860e4447e529c3f6489529,2021-10-15T12:20:42.000Z,bayrob,2,splinterlands,1,2021-10-16T12:20:42.000Z,DEC,28.000,DEC,28.000,28.000,,,,C3-134-5SOIM08O6O,134,false,4500,3
11558862,0ad3ff4ab59c85e8fe2edf2771925a07b08f68a8-0,digitspin,1,5.000,500,11558862,22bed8e43f6db880489ce6e28ecaa95508074302,2021-10-12T07:30:54.000Z,bayrob,2,peakmonsters,1,2021-10-13T07:30:54.000Z,DEC,5.000,DEC,5.000,5.000,,,,G4-171-PGBB0YPSSG,171,true,1,4
12340451,ec8a04d5b8ee72ba45308e78b39f7dee07a0e8c8-0,ilovepoorpeople,1,26.098,500,12340451,22bed8e43f6db880489ce6e28ecaa95508074302,2021-10-12T07:30:54.000Z,bayrob,2,peakmonsters,1,2021-10-13T07:30:54.000Z,DEC,26.098,DEC,26.098,26.098,,,,G1-14-WVK701KS9C,14,true,200,1
12532008,f2348a1e69bb605ae04c6ae95f0ab696167c6ed2-0,bitcoinportugal,1,11.800,500,12532008,43bebd7c73ce7f76133e23bc9c11b5405259834e,2021-10-06T16:09:15.000Z,bayrob,2,peakmonsters,1,2021-10-07T16:09:15.000Z,DEC,11.800,DEC,11.800,11.800,,,,G3-103-6YRJ7QR000,103,true,200,3
11153360,1314e8efb1c939c9989d45b2d3176cf2c7ecb70f-0,moviolone84,1,2.300,500,11153360,43bebd7c73ce7f76133e23bc9c11b5405259834e,2021-10-06T16:09:15.000Z,bayrob,2,peakmonsters,1,2021-10-07T16:09:15.000Z,DEC,2.300,DEC,2.300,2.300,,,,G4-171-UOVZ0MUBIO,171,true,1,4
11161848,04eb594729fc196b87c247278718e17d79699c46-15,rareraptor,1,6.440,500,11161848,43bebd7c73ce7f76133e23bc9c11b5405259834e,2021-10-06T16:09:15.000Z,bayrob,2,peakmonsters,1,2021-10-07T16:09:15.000Z,DEC,6.440,DEC,6.440,6.440,,,,C4-293-E0Q3S211LS,293,false,1,4
9309101,41184f79ef454fd3edea428e3be15320f9cb630c-49,smalp,1,24.386,500,9309101,43bebd7c73ce7f76133e23bc9c11b5405259834e,2021-10-06T16:09:15.000Z,bayrob,2,peakmonsters,1,2021-10-07T16:09:15.000Z,DEC,24.386,DEC,24.386,24.386,,,,G1-18-0RN9NSX81S,18,true,800,1
11861681,8909465991f8d95fddc44cafb5c8bfda6bfe91c7-7,dabface,1,11.850,500,11861681,43bebd7c73ce7f76133e23bc9c11b5405259834e,2021-10-06T16:09:15.000Z,bayrob,2,peakmonsters,1,2021-10-07T16:09:15.000Z,DEC,11.850,DEC,11.850,11.850,,,,G3-91-IAKJJXVIJK,91,true,200,3
14329996,a0412814849aff74bc086e65fe1b8ed3ce9abcce-123,vugtis,1,49.800,500,14329996,43bebd7c73ce7f76133e23bc9c11b5405259834e,2021-10-06T16:09:15.000Z,bayrob,2,peakmonsters,1,2021-10-07T16:09:15.000Z,DEC,49.800,DEC,49.800,49.800,,,,G4-178-4ZHUV9YB9C,178,true,1,4
12135764,17f2e936a82cb46a110898bd2d081d3a63696318-12,clove71,1,16.900,500,12135764,43bebd7c73ce7f76133e23bc9c11b5405259834e,2021-10-06T16:09:15.000Z,bayrob,2,peakmonsters,1,2021-10-07T16:09:15.000Z,DEC,16.900,DEC,16.900,16.900,,,,G1-14-JBHVX9UDR4,14,true,200,1
10100044,416d53ccc723885563f988290fdb53e685b411a3-0,knottywoodpecker,1,25.000,500,10100044,43bebd7c73ce7f76133e23bc9c11b5405259834e,2021-10-06T16:09:15.000Z,bayrob,2,peakmonsters,1,2021-10-07T16:09:15.000Z,DEC,25.000,DEC,25.000,25.000,,,,G3-131-5IPZEYUQ3K,131,true,400,3
10863860,f7eb9fe70597b741b4bce469f82dc1013309541d-0,cryptococcus,1,4.550,500,10863860,43bebd7c73ce7f76133e23bc9c11b5405259834e,2021-10-06T16:09:15.000Z,bayrob,2,peakmonsters,1,2021-10-07T16:09:15.000Z,DEC,4.550,DEC,4.550,4.550,,,,G1-12-B63NHYRAW0,12,true,200,1