﻿id,sell_trx_id,seller,num_cards,buy_price,fee_percent,market_item_id,rental_tx,rental_date,renter,status,market_account,rental_days,next_rental_payment,payment_currency,payment_amount,escrow_currency,escrow_amount,paid_amount,cancel_tx,cancel_player,cancel_date,card_id,card_detail_id,gold,xp,edition
15676471,fbd1ba6a257bd4a2211f6ed941b8ac59dbafbbe5-0,danger-b,1,6.600,500,15676471,8196035caa4c3dc9c36cd0cc3c632c9858778f40,2021-11-02T07:43:06.000Z,tdss,1,peakmonsters,1,2021-11-03T07:43:06.000Z,DEC,6.600,DEC,6.600,6.600,,,,C-1W6OHHC38G,18,false,100,0
14920099,0c3001c3d8086a5139a86364f98b7287d1b05f42-8,americaman,1,5.639,500,14920099,5a0e437e809044c41e116429a5471937c5ca942a,2021-11-02T07:41:18.000Z,tdss,1,splinterlands,1,2021-11-03T07:41:18.000Z,DEC,5.639,DEC,5.639,5.639,,,,C3-131-2GNXSB52S0,131,false,0,3
16167826,a3ee3b4df4a164d62bce89c133962ee5451d353a-0,fighter4-freedom,1,7.000,500,16167826,9642706207937fdb5fa8481fbd27b147cf2fe129,2021-11-02T07:41:09.000Z,tdss,1,splinterlands,1,2021-11-03T07:41:09.000Z,DEC,7.000,DEC,7.000,7.000,,,,C4-293-PFFOM36WVK,293,false,1,4
10426261,6c94a49150279acb51c5fb9d01e2734d1da74336-2,foggybottom,1,12.335,500,10426261,0c3902c6674f1d2cc17c5043cb0334185cc8d239,2021-11-02T07:40:12.000Z,tdss,1,splinterlands,1,2021-11-03T07:40:12.000Z,DEC,12.335,DEC,12.335,12.335,,,,G1-14-M1JTLAPCJK,14,true,200,1
14329994,a0412814849aff74bc086e65fe1b8ed3ce9abcce-121,vugtis,1,49.800,500,14329994,613cdcd2e403487d0dad06a0475365c9fd0f2199,2021-11-02T07:39:39.000Z,tdss,1,splinterlands,1,2021-11-03T07:39:39.000Z,DEC,49.800,DEC,49.800,49.800,,,,G4-178-1CPAR8N174,178,true,1,4
18118280,d1dd49fa531ae44b0b854416cd4c82e7cb5f5343-1,homeyeats,1,14.850,500,18118280,f836726970e824b6b1672427e6c59c6a047a50d0,2021-11-02T07:39:30.000Z,tdss,1,splinterlands,1,2021-11-03T07:39:30.000Z,DEC,14.850,DEC,14.850,14.850,,,,G3-91-6M962BM2DC,91,true,200,3
15885242,7fc9fb8c16d2fa9e3a473350cb3859c066efa856-0,codebull,1,11.000,500,15885242,54dc598336508616218e685a677c9aa6594617f8,2021-11-02T07:39:24.000Z,tdss,1,splinterlands,1,2021-11-03T07:39:24.000Z,DEC,11.000,DEC,11.000,11.000,,,,G3-103-7PFKPEGNG0,103,true,200,3
13567637,c343b4235c1fefea789a1ae4e20b1a00a8bfe48d-0,papigman,1,10.000,500,13567637,3612962d7604b7ff8e5c3518ceeecbd347d5235f,2021-11-02T07:39:15.000Z,tdss,1,splinterlands,1,2021-11-03T07:39:15.000Z,DEC,10.000,DEC,10.000,10.000,,,,G4-169-U1OO0X7W5S,169,true,1,4
11101548,071bf61ec780bc4308fdde6396db5b906b2225c7-1,lucky-cards,1,4.700,500,11101548,9d961267d2dc590bad46c65541e77765d232f7b9,2021-11-02T07:39:03.000Z,tdss,1,splinterlands,1,2021-11-03T07:39:03.000Z,DEC,4.700,DEC,4.700,4.700,,,,G1-12-KRPMXE0LRK,12,true,200,1
11204317,1f1328e5047149affa123f1fa114f090a924336b-72,smalp,1,39.800,500,11204317,8eca5d168f59e250f1f4422377a48697a6822793,2021-10-30T07:22:48.000Z,tdss,2,splinterlands,1,2021-10-31T07:22:48.000Z,DEC,39.800,DEC,39.800,39.800,,,,G4-193-006L5NIWEO,193,true,9,4
17509734,1b01ee4b772de2554c3e5308b44a5029e90a9d2e-33,renterlands,1,38.500,500,17509734,7414e0b89a74dac74a3a398a095530f7b37d5233,2021-10-30T07:22:03.000Z,tdss,2,splinterlands,1,2021-10-31T07:22:03.000Z,DEC,51.800,DEC,51.800,51.800,,,,C4-185-1SM7E6F93K,185,false,115,4
11539302,3dd4492b63819da3cb04b2183a2a2dfc99e273f3-17,smalp,1,30.000,500,11539302,8c5a74107bf4a9e5a9ed41c722501e0be66adcf8,2021-10-30T07:21:18.000Z,tdss,2,splinterlands,1,2021-10-31T07:21:18.000Z,DEC,30.000,DEC,30.000,30.000,,,,C-36RXZFRIAO,39,false,6300,0
10831142,fd4f8ef3a872ffb47c600da54ded425a16921cee-0,rdkmedia,1,0.189,500,10831142,b02f23f17b1f97feb9be12a3aaf82bba06f889a9,2021-10-25T15:24:03.000Z,tdss,2,peakmonsters,1,2021-10-26T15:24:03.000Z,DEC,0.189,DEC,0.189,0.189,,,,C4-171-OK2478UQSG,171,false,1,4
17190721,94662feb272be7d688b1262c068a7de8ac865036-132,enminers-vault,1,7.950,500,17190721,68f0139bab455374a613e68eeb27f198b111c11b,2021-10-25T15:23:06.000Z,tdss,2,peakmonsters,1,2021-10-26T15:23:06.000Z,DEC,7.950,DEC,7.950,7.950,,,,G4-169-D5Q9BF3J8W,169,true,1,4
10413824,76e4523e80c0935814b250121893a72e6c15491b-0,gigel4,1,14.000,500,10413824,17662566866f7bc3f1ad44d8f0ca1ac796d93496,2021-10-25T15:23:00.000Z,tdss,2,peakmonsters,1,2021-10-26T15:23:00.000Z,DEC,14.000,DEC,14.000,14.000,,,,G3-103-X4830IMR28,103,true,200,3
12216068,f11398352e3cf7fc603ce936ce690c46a63ef6a9-0,battlemaster,1,3.023,500,12216068,325052d9b8b4d72a9036a1d507653e675b071acf,2021-10-25T15:22:39.000Z,tdss,2,peakmonsters,1,2021-10-26T15:22:39.000Z,DEC,3.023,DEC,3.023,3.023,,,,C3-131-0HU14VQW8G,131,false,0,3
11863728,ec40a0cb4c034cb481ccf4312e87e477bb145920-0,fulltimecrypto,1,10.000,500,11863728,2d77518f7e9b430901da0ed4bba86f517ddf2965,2021-10-25T15:22:21.000Z,tdss,2,peakmonsters,1,2021-10-26T15:22:21.000Z,DEC,10.000,DEC,10.000,10.000,,,,C-332E7ZCJ1S,18,false,300,0
17165691,ea9b7661f610d62373553953353ed04c84093320-36,slbgf,1,15.000,500,17165691,1ec5914dd948f512620d7906e3e1667cb579d3fc,2021-10-25T15:22:06.000Z,tdss,2,peakmonsters,1,2021-10-26T15:22:06.000Z,DEC,15.000,DEC,15.000,15.000,,,,G1-12-HIPFITYX9C,12,true,400,1
14294624,ea8ce5a04202c8f532ac32e03881cf0563364e56-7,eush,1,13.770,500,14294624,1ec5914dd948f512620d7906e3e1667cb579d3fc,2021-10-25T15:22:06.000Z,tdss,2,peakmonsters,1,2021-10-26T15:22:06.000Z,DEC,13.770,DEC,13.770,13.770,,,,G1-14-Z8S2DIEN6O,14,true,200,1
17369141,e260d32387a9683a46adc4c5e25788e8184d2b23-64,tishntash,1,10.950,500,17369141,1ec5914dd948f512620d7906e3e1667cb579d3fc,2021-10-25T15:22:06.000Z,tdss,2,peakmonsters,1,2021-10-26T15:22:06.000Z,DEC,40.950,DEC,40.950,40.950,,,,G4-178-CHZCEVTISG,178,true,1,4
14330010,a0412814849aff74bc086e65fe1b8ed3ce9abcce-137,vugtis,1,49.800,500,14330010,63397358cf1a912713d02a6f3a0ec4202c4eff00,2021-10-20T15:53:45.000Z,tdss,2,peakmonsters,1,2021-10-21T15:53:45.000Z,DEC,49.800,DEC,49.800,49.800,,,,G4-178-YQLKZDGCGW,178,true,1,4
11648337,02e65b40663e4014204ef259167ba2d6797106fb-6,teammonsters,1,27.077,500,11648337,63397358cf1a912713d02a6f3a0ec4202c4eff00,2021-10-20T15:53:45.000Z,tdss,2,peakmonsters,1,2021-10-21T15:53:45.000Z,DEC,27.077,DEC,27.077,27.077,,,,G3-91-JCY3TNUKR4,91,true,200,3
15907672,3a381718978aa4254cde533106d9dfd2a4d6be93-37,avestan,1,31.950,500,15907672,e0719e4f4422355765b4c499659b97edd2d71b56,2021-10-20T15:53:09.000Z,tdss,2,peakmonsters,1,2021-10-21T15:53:09.000Z,DEC,31.950,DEC,31.950,31.950,,,,G-ZD4VBZ9HSG,14,true,250,0
13655035,ad12dc5683d50fff0693ffd817bcf0036cf05c31-0,meteoholy,1,9.950,500,13655035,e2e7e6b1029a110fb7849f9841e30aae9c9ccfa3,2021-10-20T15:52:24.000Z,tdss,2,peakmonsters,1,2021-10-21T15:52:24.000Z,DEC,9.950,DEC,9.950,9.950,,,,G3-103-9MJV31HL1S,103,true,200,3
17058143,5859a42f4eed8ee00b16d3ddb5c1399d04cda8ce-30,ty2nicerva,1,3.980,500,17058143,e2e7e6b1029a110fb7849f9841e30aae9c9ccfa3,2021-10-20T15:52:24.000Z,tdss,2,peakmonsters,1,2021-10-21T15:52:24.000Z,DEC,8.100,DEC,8.100,8.100,,,,G4-169-YGZLX44ZWG,169,true,1,4
10989592,3fb55c6910e11ae2ba1f79571314fafd21d43e0d-10,deezrentals,1,7.400,500,10989592,db956ad1b5f3993291b591ea68eacf36afe4e167,2021-10-20T15:51:24.000Z,tdss,2,peakmonsters,1,2021-10-21T15:51:24.000Z,DEC,9.798,DEC,9.798,9.798,,,,C4-293-UTC2E16940,293,false,1,4
11260594,fd32176313743024da5db5e6ea82a21b975f2ceb-1,gannibal,1,4.900,500,11260594,db956ad1b5f3993291b591ea68eacf36afe4e167,2021-10-20T15:51:24.000Z,tdss,2,peakmonsters,1,2021-10-21T15:51:24.000Z,DEC,5.880,DEC,5.880,5.880,,,,C3-131-80SIS2K56O,131,false,0,3
11204457,aed4846f34f3af36121e5c798a296d3f9fc39c6d-38,smalp,1,72.450,500,11204457,7e7f5f26c2ca57d1cbc0b01db369de3446e0bb0d,2021-10-15T14:16:03.000Z,tdss,2,splinterlands,1,2021-10-16T14:16:03.000Z,DEC,72.450,DEC,72.450,72.450,,,,G4-156-GV5WWBO8TS,156,true,4,4
15529367,31f5cbece4760002ad498e942894a27b2367fae0-31,legendarycanary,1,28.250,500,15529367,1d5ef15b74e144ac51501e12b02de1de92b99088,2021-10-15T14:15:42.000Z,tdss,2,splinterlands,1,2021-10-16T14:15:42.000Z,DEC,28.250,DEC,28.250,28.250,,,,G4-148-0A8J8NLGYO,148,true,5,4
9308514,8ddc05bbbbfebfb8254a685cb309c725d73cb4b9-63,smalp,1,61.193,500,9308514,db126ab60acf832da1770bbe80bfd0aa1af0220b,2021-10-15T10:21:24.000Z,tdss,2,splinterlands,1,2021-10-16T10:21:24.000Z,DEC,61.193,DEC,61.193,61.193,,,,C4-200-H2D3OIY8E8,200,false,11,4
10856218,2bca9889ca8cd85fcbf7a0ae96671e1fe8633596-0,marisenpai,1,24.500,500,10856218,0daf4e086d990ced5806944f7174c5716f964ff6,2021-10-13T04:51:27.000Z,tdss,2,peakmonsters,1,2021-10-14T04:51:27.000Z,DEC,24.500,DEC,24.500,24.500,,,,G3-131-7G556KOENK,131,true,400,3
11078914,c1696edeb11bc59a421f753e899c409cb1eb1146-129,nateaguila,1,69.850,500,11078914,b9dbc68429fe0d7a885c7a0f1b65943f8e04b8c9,2021-10-13T04:50:00.000Z,tdss,2,peakmonsters,1,2021-10-14T04:50:00.000Z,DEC,69.850,DEC,69.850,69.850,,,,G4-178-P36643NN80,178,true,2,4
10409251,33f3281dce5190cdef7c9f0d61716fb31fd7673b-0,foggybottom,1,10.000,500,10409251,ba3f8b8e2bae68a0dcf93db50f19f33581141096,2021-10-13T04:49:54.000Z,tdss,2,peakmonsters,1,2021-10-14T04:49:54.000Z,DEC,10.000,DEC,10.000,10.000,,,,G3-103-E8XEDGXE5C,103,true,200,3
10426937,d6a69f1baf0469cabf439a3dfad073c02d17274f-0,cyguy,1,29.850,500,10426937,ba3f8b8e2bae68a0dcf93db50f19f33581141096,2021-10-13T04:49:54.000Z,tdss,2,peakmonsters,1,2021-10-14T04:49:54.000Z,DEC,29.850,DEC,29.850,29.850,,,,G1-18-QNQ320FXTS,18,true,400,1
15907557,7ade94fb9095d932d3023806e1992fda39571812-26,ayogom,1,29.900,500,15907557,ba3f8b8e2bae68a0dcf93db50f19f33581141096,2021-10-13T04:49:54.000Z,tdss,2,peakmonsters,1,2021-10-14T04:49:54.000Z,DEC,29.900,DEC,29.900,29.900,,,,G3-91-IZQAUU9Q74,91,true,200,3
14873279,e6aaf02846ab0c3cf664ce73a9de0f2c3d41f4a0-1,mountainjewel,1,15.950,500,14873279,ba3f8b8e2bae68a0dcf93db50f19f33581141096,2021-10-13T04:49:54.000Z,tdss,2,peakmonsters,1,2021-10-14T04:49:54.000Z,DEC,15.950,DEC,15.950,15.950,,,,G1-14-0NA11IKZQO,14,true,200,1
15869547,ea8e31c7d0c8b75841128992117511203af35327-0,kingneptune,1,4.950,500,15869547,ba3f8b8e2bae68a0dcf93db50f19f33581141096,2021-10-13T04:49:54.000Z,tdss,2,peakmonsters,1,2021-10-14T04:49:54.000Z,DEC,4.950,DEC,4.950,4.950,,,,G4-171-EF8H90X980,171,true,1,4
10496476,6a5513fd748bfd2670a40a7e386213e99c7076bc-13,aatrox,1,4.200,500,10496476,977651f640e750d2ad74a41151d3dbeb6af2e793,2021-10-07T06:54:15.000Z,tdss,2,peakmonsters,1,2021-10-08T06:54:15.000Z,DEC,4.200,DEC,4.200,4.200,,,,G1-12-U1G4QZN9GW,12,true,200,1
11861358,0c5c90eb149aaa9e44a0080b330a9fe74a7209a6-8,jstudio,1,12.350,500,11861358,5283b17c9ea39d90a6d4a15aa92ff83fa2b6e8fd,2021-10-07T06:53:48.000Z,tdss,2,peakmonsters,1,2021-10-08T06:53:48.000Z,DEC,12.350,DEC,12.350,12.350,,,,G3-103-SA6WA7IXLS,103,true,200,3
15500984,992a6aef5e0054e5fe86baa398f127cd9fa13595-13,lucky-cards,1,14.000,500,15500984,5283b17c9ea39d90a6d4a15aa92ff83fa2b6e8fd,2021-10-07T06:53:48.000Z,tdss,2,peakmonsters,1,2021-10-08T06:53:48.000Z,DEC,14.000,DEC,14.000,14.000,,,,G1-14-ECXO0IIYZK,14,true,200,1
14226610,e1cd659092fda59576b479dee77c35bf87c86152-1,calvinishobbes,1,32.774,500,14226610,5283b17c9ea39d90a6d4a15aa92ff83fa2b6e8fd,2021-10-07T06:53:48.000Z,tdss,2,peakmonsters,1,2021-10-08T06:53:48.000Z,DEC,32.774,DEC,32.774,32.774,,,,G4-178-RANSBCXKYO,178,true,1,4
14873389,e6aaf02846ab0c3cf664ce73a9de0f2c3d41f4a0-111,mountainjewel,1,14.940,500,14873389,5283b17c9ea39d90a6d4a15aa92ff83fa2b6e8fd,2021-10-07T06:53:48.000Z,tdss,2,peakmonsters,1,2021-10-08T06:53:48.000Z,DEC,14.940,DEC,14.940,14.940,,,,G3-91-84GOD46ZA8,91,true,200,3
11207793,8241c8e8b4c7491d105c0254ceaab981b9a9a28b-18,smalp,1,34.950,500,11207793,5283b17c9ea39d90a6d4a15aa92ff83fa2b6e8fd,2021-10-07T06:53:48.000Z,tdss,2,peakmonsters,1,2021-10-08T06:53:48.000Z,DEC,34.950,DEC,34.950,34.950,,,,G1-18-ZV6CSNZ7M8,18,true,400,1