﻿id,sell_trx_id,seller,num_cards,buy_price,fee_percent,market_item_id,rental_tx,rental_date,renter,status,market_account,rental_days,next_rental_payment,payment_currency,payment_amount,escrow_currency,escrow_amount,paid_amount,cancel_tx,cancel_player,cancel_date,card_id,card_detail_id,gold,xp,edition
15582857,143e79e2c6f78d2226daf9805aa3347ee0c45b29-3,fighter4-freedom,1,29.000,500,15582857,940608547b238fad631442b249ff8850dacc87a8,2021-10-30T06:53:18.000Z,hancitor,2,splinterlands,1,2021-10-31T06:53:18.000Z,DEC,29.000,DEC,29.000,29.000,,,,G3-131-ID1VE1MH6O,131,true,400,3
11204397,d594d3dd66e9494c1961b18322b10995c25202c6-46,smalp,1,23.588,500,11204397,7f665f8f74bc7a0de1796449c20a0ba0c3d2c9cb,2021-10-30T06:51:24.000Z,hancitor,2,splinterlands,1,2021-10-31T06:51:24.000Z,DEC,23.588,DEC,23.588,23.588,,,,G-LD8MQNRM8G,12,true,1000,0
17516150,dc007b0a334b31d0d6c9bf9a9a8a84ae4c1e7491-1,renterlands,1,19.900,500,17516150,df8bb21f4c66e3a7e52e063ba01961a812fbed82,2021-10-30T06:50:33.000Z,hancitor,2,splinterlands,1,2021-10-31T06:50:33.000Z,DEC,19.900,DEC,19.900,19.900,,,,C4-153-S40ECRXOVK,153,false,10,4
11207731,d4d96809248aef8a5e1f3b2936c24d6677293f4c-97,smalp,1,15.900,500,11207731,73676462d5b181778368889a86f83f176bd16519,2021-10-30T06:49:48.000Z,hancitor,2,splinterlands,1,2021-10-31T06:49:48.000Z,DEC,15.900,DEC,15.900,15.900,,,,G3-81-T5DXEFLDCW,81,true,400,3
9308167,324b171d809f20dbd39bf10ffd77977a7ef82f45-4,smalp,1,3.333,500,9308167,6826e19537f05bf1e9e74b989d179342ceb3db0f,2021-10-30T06:47:18.000Z,hancitor,2,splinterlands,1,2021-10-31T06:47:18.000Z,DEC,3.333,DEC,3.333,3.333,,,,C2-119-UGRKVYERM8,119,false,975,2
11451087,84b4a6c01af586ff675274cc438307079d800d86-0,splintercards,1,4.000,500,11451087,84e2b1fffc5972a10674a99c20ca2c5aaea3e645,2021-10-29T04:05:00.000Z,hancitor,2,peakmonsters,1,2021-10-30T04:05:00.000Z,DEC,4.000,DEC,4.000,4.000,,,,C3-131-3HEDDTTYHS,131,false,0,3
13758997,dbf93a3735f0970c6b28529905aff87647548d25-0,panda4sale85,1,13.000,500,13758997,83c353b6d0616a1534acc751e0098616bd86fb6e,2021-10-29T04:04:48.000Z,hancitor,2,peakmonsters,1,2021-10-30T04:04:48.000Z,DEC,13.000,DEC,13.000,13.000,,,,C0-18-EOH4LN5P28,18,false,200,0
17195998,28091d36c25d98a401ea3b5c3e9b29968910c8e8-24,sunnsurf,1,7.450,500,17195998,3a63ac203de5e034d59b2cd3110da4756bd4eff7,2021-10-29T04:04:33.000Z,hancitor,2,peakmonsters,1,2021-10-30T04:04:33.000Z,DEC,7.450,DEC,7.450,7.450,,,,C4-293-B13FM0YMI8,293,false,1,4
9943620,08a1abf5dfda0e865779245f7e7b617d63b91f77-0,hatoto,1,9.850,500,9943620,07f1883da2da8b8be4845c1a8a39ef5c453be8c9,2021-10-29T04:04:27.000Z,hancitor,2,peakmonsters,1,2021-10-30T04:04:27.000Z,DEC,9.850,DEC,9.850,9.850,,,,G3-103-WDL5F57L80,103,true,200,3
14213145,c75d9cb983e93b1c70cd2f528cfe4df19ef4a4d2-102,mawit07,1,13.343,500,14213145,07f1883da2da8b8be4845c1a8a39ef5c453be8c9,2021-10-29T04:04:27.000Z,hancitor,2,peakmonsters,1,2021-10-30T04:04:27.000Z,DEC,13.343,DEC,13.343,13.343,,,,G3-91-EZDQXHJTW0,91,true,200,3
11396659,fd2bddd5af605d3dcc645722e868d652d8511684-8,sm-deck,1,13.827,500,11396659,07f1883da2da8b8be4845c1a8a39ef5c453be8c9,2021-10-29T04:04:27.000Z,hancitor,2,peakmonsters,1,2021-10-30T04:04:27.000Z,DEC,13.827,DEC,13.827,13.827,,,,G1-14-GFXBSUTCKW,14,true,200,1
15649354,d38b607008e245ca3bcf7a9cf7bfd5d8bf82fb9d-0,master-cardano,1,7.833,500,15649354,07f1883da2da8b8be4845c1a8a39ef5c453be8c9,2021-10-29T04:04:27.000Z,hancitor,2,peakmonsters,1,2021-10-30T04:04:27.000Z,DEC,7.833,DEC,7.833,7.833,,,,G4-169-X82ARJO98G,169,true,1,4
16117414,ebd21e24c874f4a915c3767dbc3185d721e5fb81-48,azircon,1,49.450,500,16117414,07f1883da2da8b8be4845c1a8a39ef5c453be8c9,2021-10-29T04:04:27.000Z,hancitor,2,peakmonsters,1,2021-10-30T04:04:27.000Z,DEC,49.450,DEC,49.450,49.450,,,,G4-178-IZ1H2Q0S28,178,true,1,4
17321729,a9dbf0e902da46a627cd904932091e8db890b57f-40,didyourmom,1,4.994,500,17321729,07f1883da2da8b8be4845c1a8a39ef5c453be8c9,2021-10-29T04:04:27.000Z,hancitor,2,peakmonsters,1,2021-10-30T04:04:27.000Z,DEC,4.994,DEC,4.994,4.994,,,,G4-171-HROBMV48GW,171,true,1,4
17312571,291b4554c0ef3089ef8a06017749324e2784a1b2-2,enminers-vault,1,7.350,500,17312571,92f40ab5327c251e4269354fe971582dd72e78a0,2021-10-23T23:12:24.000Z,hancitor,2,peakmonsters,1,2021-10-24T23:12:24.000Z,DEC,7.350,DEC,7.350,7.350,,,,C4-293-74PPP0YAI8,293,false,1,4
16941803,6d38fd399684681f127e0ad9cc23b6205fcc36b8-3,otage,1,14.897,500,16941803,426eeab18486d1c6cac4c37bc2b577cf46ff6f05,2021-10-23T23:11:36.000Z,hancitor,2,peakmonsters,1,2021-10-24T23:11:36.000Z,DEC,14.500,DEC,14.500,14.500,,,,C-JX867LS9W0,18,false,300,0
17070052,c3ef54c8b09e7ff3b8a599c7da7dc1f5466828e5-8,masterthematrix,1,8.116,500,17070052,03556eeabf891fc9defb3b08d90c9bcae6ddc040,2021-10-23T23:11:24.000Z,hancitor,2,peakmonsters,1,2021-10-24T23:11:24.000Z,DEC,8.116,DEC,8.116,8.116,,,,G1-12-K8J1A8O30G,12,true,200,1
15909396,43d825243c8a4252eb9e45b83f2f717bbd0bfc2c-93,moriarty95,1,5.150,500,15909396,03556eeabf891fc9defb3b08d90c9bcae6ddc040,2021-10-23T23:11:24.000Z,hancitor,2,peakmonsters,1,2021-10-24T23:11:24.000Z,DEC,5.150,DEC,5.150,5.150,,,,G4-171-QY47GBJB4G,171,true,1,4
10652563,3e12ca52679032371f71871d5938f8e763bdce19-3,teammonsters,1,30.000,500,10652563,03556eeabf891fc9defb3b08d90c9bcae6ddc040,2021-10-23T23:11:24.000Z,hancitor,2,peakmonsters,1,2021-10-24T23:11:24.000Z,DEC,30.000,DEC,30.000,30.000,,,,G3-131-UFS1J1ANJ4,131,true,400,3
10015241,ea3e9f6cb0e7e90526e6e6db1c9adc4eb30ea09a-11,goldninja,1,13.707,500,10015241,03556eeabf891fc9defb3b08d90c9bcae6ddc040,2021-10-23T23:11:24.000Z,hancitor,2,peakmonsters,1,2021-10-24T23:11:24.000Z,DEC,13.707,DEC,13.707,13.707,,,,G1-14-BKBCIWM674,14,true,200,1
15717569,482077d28619cd91d6b5da782ccb6929aae729d2-7,faceb,1,9.740,500,15717569,03556eeabf891fc9defb3b08d90c9bcae6ddc040,2021-10-23T23:11:24.000Z,hancitor,2,peakmonsters,1,2021-10-24T23:11:24.000Z,DEC,9.740,DEC,9.740,9.740,,,,G3-103-J02QENELOW,103,true,200,3
11745908,b469ca9578ad3c0530ae362008af70196c73a4c5-2,splinterinvestor,1,11.500,500,11745908,03556eeabf891fc9defb3b08d90c9bcae6ddc040,2021-10-23T23:11:24.000Z,hancitor,2,peakmonsters,1,2021-10-24T23:11:24.000Z,DEC,11.500,DEC,11.500,11.500,,,,G4-178-924OKFMKSG,178,true,1,4
16443494,35d2ec59e765bd216f332c8055a4f9661d38a0bf-0,cheftony,1,30.000,500,16443494,619ce5ff5b7dc2e900f6328c5eabd3b1e70ed09d,2021-10-17T16:57:54.000Z,hancitor,2,peakmonsters,1,2021-10-18T16:57:54.000Z,DEC,30.000,DEC,30.000,30.000,,,,G3-91-GWIS7WSXS0,91,true,800,3
11646459,3e8de2dd0d21c9b4be7080dd7b58cdf2ea13da07-1,teammonsters,1,29.900,500,11646459,619ce5ff5b7dc2e900f6328c5eabd3b1e70ed09d,2021-10-17T16:57:54.000Z,hancitor,2,peakmonsters,1,2021-10-18T16:57:54.000Z,DEC,29.900,DEC,29.900,29.900,,,,G3-131-I1MY57YLKG,131,true,400,3
15017311,271c910a15f58ef969fd5029d8d615cc612f8da8-107,rce,1,5.900,500,15017311,636f093871a05a36109e1f091ae58aba4f713c80,2021-10-17T16:56:24.000Z,hancitor,2,peakmonsters,1,2021-10-18T16:56:24.000Z,DEC,9.900,DEC,9.900,9.900,,,,C4-293-7SGDTJ7MQ8,293,false,1,4
15500975,992a6aef5e0054e5fe86baa398f127cd9fa13595-4,lucky-cards,1,14.500,500,15500975,cac2d0b7cd235cc943f870d2390d0d9111e39d34,2021-10-17T16:55:33.000Z,hancitor,2,peakmonsters,1,2021-10-18T16:55:33.000Z,DEC,14.500,DEC,14.500,14.500,,,,G1-14-AGSFSCX1GG,14,true,200,1
15717563,482077d28619cd91d6b5da782ccb6929aae729d2-1,faceb,1,9.740,500,15717563,cac2d0b7cd235cc943f870d2390d0d9111e39d34,2021-10-17T16:55:33.000Z,hancitor,2,peakmonsters,1,2021-10-18T16:55:33.000Z,DEC,9.740,DEC,9.740,9.740,,,,G3-103-A20FAVHJ34,103,true,200,3
16244645,cb004619649ba8428a71c20f56eb09c243921dfc-125,doloknight,1,7.900,500,16244645,cac2d0b7cd235cc943f870d2390d0d9111e39d34,2021-10-17T16:55:33.000Z,hancitor,2,peakmonsters,1,2021-10-18T16:55:33.000Z,DEC,7.900,DEC,7.900,7.900,,,,G4-169-IQPPW93DC0,169,true,1,4
16244718,6fde054ca08c220234a3b2fb3d99113ec7bad192-58,doloknight,1,32.774,500,16244718,cac2d0b7cd235cc943f870d2390d0d9111e39d34,2021-10-17T16:55:33.000Z,hancitor,2,peakmonsters,1,2021-10-18T16:55:33.000Z,DEC,32.774,DEC,32.774,32.774,,,,G4-178-I27VMIQV4G,178,true,1,4
11484800,59e5cd3d2b784752809c455cb6125d2b6c45a75c-0,chavrouse,1,3.000,500,11484800,cac2d0b7cd235cc943f870d2390d0d9111e39d34,2021-10-17T16:55:33.000Z,hancitor,2,peakmonsters,1,2021-10-18T16:55:33.000Z,DEC,3.000,DEC,3.000,3.000,,,,G4-171-843XUGC14W,171,true,1,4
11468217,7daa5e05cce6fd5ae756ae6eca0296534895fcf6-6,monstergames,1,8.166,500,11468217,cac2d0b7cd235cc943f870d2390d0d9111e39d34,2021-10-17T16:55:33.000Z,hancitor,2,peakmonsters,1,2021-10-18T16:55:33.000Z,DEC,8.166,DEC,8.166,8.166,,,,G1-12-VEFE5GUA28,12,true,200,1
9306397,f17e4734f403da0c02c20b2dcbba5bf4a8ea3d1e-8,smalp,1,42.660,500,9306397,629ee977415cc880e9092c63864c228f6c8fa4e2,2021-10-15T11:24:51.000Z,hancitor,2,splinterlands,1,2021-10-16T11:24:51.000Z,DEC,42.660,DEC,42.660,42.660,,,,C0-6-F2XACYCBLS,6,false,4600,0
9306376,401950fa405d7d4ed3d5c58ff764900db47bbf63-12,smalp,1,21.156,500,9306376,0dc3878c0ca7d28e66c956684ff6a0284e1ba9f1,2021-10-15T11:23:57.000Z,hancitor,2,splinterlands,1,2021-10-16T11:23:57.000Z,DEC,21.156,DEC,21.156,21.156,,,,C1-4-NV4KZQ6MTC,4,false,2565,1
10188899,8350901886cfc547eca0420d23e9fd13918f4767-2,digital-fortress,1,8.849,500,10188899,700922bf521fe06829e00c1cbad978393d873e4c,2021-10-12T14:21:06.000Z,hancitor,2,peakmonsters,1,2021-10-13T14:21:06.000Z,DEC,9.899,DEC,9.899,9.899,,,,C4-293-WSJQIGTNC0,293,false,1,4
13593368,e1cb654d933815c6cf279e20b048b0b233d8ce5a-0,allani545,1,10.000,500,13593368,039e56048d3a0bbe9d29be1872e4789321f8feff,2021-10-12T14:19:27.000Z,hancitor,2,peakmonsters,1,2021-10-13T14:19:27.000Z,DEC,10.000,DEC,10.000,10.000,,,,G3-103-VP8PO2AMGG,103,true,200,3
11207791,8241c8e8b4c7491d105c0254ceaab981b9a9a28b-16,smalp,1,34.950,500,11207791,039e56048d3a0bbe9d29be1872e4789321f8feff,2021-10-12T14:19:27.000Z,hancitor,2,peakmonsters,1,2021-10-13T14:19:27.000Z,DEC,34.950,DEC,34.950,34.950,,,,G1-18-F83FDANOG0,18,true,400,1
15711015,0909eb249f9671c353f854f905c2afe38d402f88-99,renterlands,1,3.590,500,15711015,039e56048d3a0bbe9d29be1872e4789321f8feff,2021-10-12T14:19:27.000Z,hancitor,2,peakmonsters,1,2021-10-13T14:19:27.000Z,DEC,3.590,DEC,3.590,3.590,,,,G4-171-AXUZB2TW5S,171,true,1,4
15801446,37564e095036a28ffb78be2e4a2cd1c34950c29f-0,moon32walker,1,37.000,500,15801446,039e56048d3a0bbe9d29be1872e4789321f8feff,2021-10-12T14:19:27.000Z,hancitor,2,peakmonsters,1,2021-10-13T14:19:27.000Z,DEC,37.000,DEC,37.000,37.000,,,,G4-178-IMNKPYG3PS,178,true,1,4
15693913,ba3dcb3e544412495d59d1a58570348a03e4f98a-0,softa,1,7.890,500,15693913,039e56048d3a0bbe9d29be1872e4789321f8feff,2021-10-12T14:19:27.000Z,hancitor,2,peakmonsters,1,2021-10-13T14:19:27.000Z,DEC,7.890,DEC,7.890,7.890,,,,G4-169-XU1MTKOO28,169,true,1,4
12117356,34934b3791dbd108f939152c5d9916ab6cc46582-0,fatjimmy,1,14.000,500,12117356,9793e6a201e8dff4f85ad8ea0912654a3289c2a5,2021-10-09T00:59:00.000Z,hancitor,2,peakmonsters,1,2021-10-10T00:59:00.000Z,DEC,14.000,DEC,14.000,14.000,,,,G4-178-784WOW4VE8,178,true,1,4
9893816,d2768948db1e1866ba8682251178c0992278511a-6,masterthematrix,1,7.900,500,9893816,9793e6a201e8dff4f85ad8ea0912654a3289c2a5,2021-10-09T00:59:00.000Z,hancitor,2,peakmonsters,1,2021-10-10T00:59:00.000Z,DEC,7.900,DEC,7.900,7.900,,,,G3-103-XD9COQ11CW,103,true,200,3
13332638,2a727305f7383285a2b78b19271ede4e87684089-112,toocurious,1,11.840,500,13332638,9793e6a201e8dff4f85ad8ea0912654a3289c2a5,2021-10-09T00:59:00.000Z,hancitor,2,peakmonsters,1,2021-10-10T00:59:00.000Z,DEC,11.840,DEC,11.840,11.840,,,,G3-91-B4O2YJ4L74,91,true,200,3
11796613,08d08a4011dc345a308b4da2fbf3b26b4928b386-0,splintercards,1,25.000,500,11796613,3c461c552a33e4504385932dcaf1dfce46d5a5ec,2021-10-04T00:47:45.000Z,hancitor,2,peakmonsters,1,2021-10-05T00:47:45.000Z,DEC,25.000,DEC,25.000,25.000,,,,G3-131-Y5K1AL39MO,131,true,400,3
15026747,9567fc70a2d6827ea1f0088f9051e76e9e92199a-0,kush-hyg,1,12.000,500,15026747,5d6786a8b32cf7d36635dd35aeaaaeecfe900dd1,2021-10-04T00:47:21.000Z,hancitor,2,peakmonsters,1,2021-10-05T00:47:21.000Z,DEC,12.000,DEC,12.000,12.000,,,,G3-91-D6SDQWT7BK,91,true,200,3
10296351,e89000ba7e7e2d18966fa058b65afa4895629409-13,monsterveritas,1,0.939,500,10296351,5d6786a8b32cf7d36635dd35aeaaaeecfe900dd1,2021-10-04T00:47:21.000Z,hancitor,2,peakmonsters,1,2021-10-05T00:47:21.000Z,DEC,0.939,DEC,0.939,0.939,,,,G4-171-V869YPXDKW,171,true,1,4