﻿id,sell_trx_id,seller,num_cards,buy_price,fee_percent,market_item_id,rental_tx,rental_date,renter,status,market_account,rental_days,next_rental_payment,payment_currency,payment_amount,escrow_currency,escrow_amount,paid_amount,cancel_tx,cancel_player,cancel_date,card_id,card_detail_id,gold,xp,edition
9307380,e45d61b3615bcfe3e361bab9f580dfde121f84e7-4,smalp,1,24.544,500,9307380,6f6e58814795fbd2879d2743cdc4f1884d18c1ad,2021-10-30T06:15:09.000Z,crypaura,2,splinterlands,1,2021-10-31T06:15:09.000Z,DEC,24.544,DEC,24.544,24.544,,,,C0-47-OEK9U176CW,47,false,1560,0
15499390,e46ef3682906186f9ea91a44431df3b61f1dca04-7,lucky-cards,1,44.000,500,15499390,9880de5e0da43532643feae9244a133b4d32c6e4,2021-10-30T06:14:21.000Z,crypaura,2,splinterlands,1,2021-10-31T06:14:21.000Z,DEC,44.000,DEC,44.000,44.000,,,,G1-28-9WD8RON400,28,true,800,1
15864845,eb046fee6519cc8b95087ababc6dbdfdbd00ba8a-41,fighter4-freedom,1,20.000,500,15864845,3b0f92155443b78015d236ffcffae8f1bd041db6,2021-10-30T06:14:00.000Z,crypaura,2,splinterlands,1,2021-10-31T06:14:00.000Z,DEC,20.000,DEC,20.000,20.000,,,,G2-118-ZKMCB5AM5S,118,true,200,2
16914975,327f09be97250b7dcbdd6d262433f99381dc7293-122,legendarycanary,1,39.550,500,16914975,a96a16e42ed5fce08023445f6ebe57216af47415,2021-10-30T06:13:33.000Z,crypaura,2,splinterlands,1,2021-10-31T06:13:33.000Z,DEC,39.550,DEC,39.550,39.550,,,,G4-193-1KL2MQFXKW,193,true,9,4
10543975,ca76bc2183b310140fb0fb5a71920e5724b7cc74-0,sonniwins,1,24.800,500,10543975,e2e3184d9539c3075f8f2719dd8d25a0758e6055,2021-10-29T02:46:27.000Z,crypaura,2,peakmonsters,1,2021-10-30T02:46:27.000Z,DEC,24.800,DEC,24.800,24.800,,,,G1-18-K4X3UA8U0G,18,true,400,1
12056088,9a87d86d85e6fff230a6d614d40a10ac8b91a076-13,felander,1,9.950,500,12056088,e2e3184d9539c3075f8f2719dd8d25a0758e6055,2021-10-29T02:46:27.000Z,crypaura,2,peakmonsters,1,2021-10-30T02:46:27.000Z,DEC,9.950,DEC,9.950,9.950,,,,G3-103-2NEDQJA19S,103,true,200,3
15717293,cea05185733dfa982cff5a04b3f0f38507eae431-96,faceb,1,14.950,500,15717293,e2e3184d9539c3075f8f2719dd8d25a0758e6055,2021-10-29T02:46:27.000Z,crypaura,2,peakmonsters,1,2021-10-30T02:46:27.000Z,DEC,14.950,DEC,14.950,14.950,,,,G3-91-DHABOFL1V4,91,true,200,3
15866099,7c9f9025de291db24b404ba55eb6bfe85703094d-21,fighter4-freedom,1,8.000,500,15866099,e2e3184d9539c3075f8f2719dd8d25a0758e6055,2021-10-29T02:46:27.000Z,crypaura,2,peakmonsters,1,2021-10-30T02:46:27.000Z,DEC,8.000,DEC,8.000,8.000,,,,G4-169-YQVALHJU3K,169,true,1,4
12136048,8d05e470cb7a0bfbc5a400268b936b5183f14cfa-15,clove71,1,12.900,500,12136048,1ff392e6e48af9f19f0c9fe17c94c0fe084b473b,2021-10-24T15:42:42.000Z,crypaura,2,peakmonsters,1,2021-10-25T15:42:42.000Z,DEC,12.900,DEC,12.900,12.900,,,,G3-103-RBFOZMP9AO,103,true,200,3
12135764,17f2e936a82cb46a110898bd2d081d3a63696318-12,clove71,1,16.900,500,12135764,3c4059a46944bf529964ebc8f36ab09ee74ae202,2021-10-24T15:41:48.000Z,crypaura,2,peakmonsters,1,2021-10-25T15:41:48.000Z,DEC,16.900,DEC,16.900,16.900,,,,G1-14-JBHVX9UDR4,14,true,200,1
15679375,bc271b627013de747bffaa671c06aefc2e43a138-15,deezrentals,1,43.900,500,15679375,3c4059a46944bf529964ebc8f36ab09ee74ae202,2021-10-24T15:41:48.000Z,crypaura,2,peakmonsters,1,2021-10-25T15:41:48.000Z,DEC,43.900,DEC,43.900,43.900,,,,G4-178-FLP3H3ZAIO,178,true,1,4
17388345,ba35f1c374e298238c72390215b295e907e4736c-0,kush-hyg,1,26.000,500,17388345,3c4059a46944bf529964ebc8f36ab09ee74ae202,2021-10-24T15:41:48.000Z,crypaura,2,peakmonsters,1,2021-10-25T15:41:48.000Z,DEC,26.000,DEC,26.000,26.000,,,,G3-131-J587EAP1J4,131,true,400,3
17194794,21423dfbd8436e5dbaff30ef56cc444d16492d5a-3,enminers-vault,1,5.099,500,17194794,3c4059a46944bf529964ebc8f36ab09ee74ae202,2021-10-24T15:41:48.000Z,crypaura,2,peakmonsters,1,2021-10-25T15:41:48.000Z,DEC,5.099,DEC,5.099,5.099,,,,G4-171-DB3PCFQTUO,171,true,1,4
12047499,a1ebed4d7dd817e867cab2f0dd28b75d1efade3c-1,mattclarke,1,19.850,500,12047499,3c4059a46944bf529964ebc8f36ab09ee74ae202,2021-10-24T15:41:48.000Z,crypaura,2,peakmonsters,1,2021-10-25T15:41:48.000Z,DEC,19.850,DEC,19.850,19.850,,,,G3-91-BU99780Y68,91,true,200,3
16117405,ebd21e24c874f4a915c3767dbc3185d721e5fb81-39,azircon,1,7.850,500,16117405,3c4059a46944bf529964ebc8f36ab09ee74ae202,2021-10-24T15:41:48.000Z,crypaura,2,peakmonsters,1,2021-10-25T15:41:48.000Z,DEC,7.850,DEC,7.850,7.850,,,,G4-169-W2UKUU8AZK,169,true,1,4
15909967,71e63f5151ec917998112d139967de08280bac54-63,moriarty95,1,8.900,500,15909967,7b3ce0bb32ab17d66849b47e7795f9e51b357daa,2021-10-18T04:41:54.000Z,crypaura,2,peakmonsters,1,2021-10-19T04:41:54.000Z,DEC,8.900,DEC,8.900,8.900,,,,G4-169-J1EJ2MT500,169,true,1,4
11863728,ec40a0cb4c034cb481ccf4312e87e477bb145920-0,fulltimecrypto,1,10.000,500,11863728,0dd3a4f16fb55e6a04f2dd48bcc9ca9c588b186c,2021-10-18T04:41:00.000Z,crypaura,2,peakmonsters,1,2021-10-19T04:41:00.000Z,DEC,10.000,DEC,10.000,10.000,,,,C-332E7ZCJ1S,18,false,300,0
12136133,8d05e470cb7a0bfbc5a400268b936b5183f14cfa-100,clove71,1,16.578,500,12136133,16fcf2a6fdc3fff8b83ac080857c03908b1017a9,2021-10-18T04:40:48.000Z,crypaura,2,peakmonsters,1,2021-10-19T04:40:48.000Z,DEC,16.578,DEC,16.578,16.578,,,,G3-91-IGPW4SKE9C,91,true,200,3
10050981,1781b08797c2f2af4aa747ca26594389a68f11a2-25,auminda,1,12.814,500,10050981,16fcf2a6fdc3fff8b83ac080857c03908b1017a9,2021-10-18T04:40:48.000Z,crypaura,2,peakmonsters,1,2021-10-19T04:40:48.000Z,DEC,12.814,DEC,12.814,12.814,,,,G3-103-UCCFJSQJS0,103,true,200,3
11548100,43f06651e8729a636ea680b34a10d2843ea843b2-4,davemccoy,1,7.217,500,11548100,16fcf2a6fdc3fff8b83ac080857c03908b1017a9,2021-10-18T04:40:48.000Z,crypaura,2,peakmonsters,1,2021-10-19T04:40:48.000Z,DEC,7.217,DEC,7.217,7.217,,,,G1-12-O69W2J4B74,12,true,200,1
15306155,1e7a37d18770de06f5b92aaac86242005a003401-0,mightpossibly,1,55.000,500,15306155,16fcf2a6fdc3fff8b83ac080857c03908b1017a9,2021-10-18T04:40:48.000Z,crypaura,2,peakmonsters,1,2021-10-19T04:40:48.000Z,DEC,55.000,DEC,55.000,55.000,,,,G4-293-30Z2BKYU8G,293,true,1,4
10294830,acaa6d44bbfb486bf65dd3882f419b9701adc55c-13,pbj214,1,69.950,500,10294830,32de362bc1aa966c44f85c056a2a482afee434bc,2021-10-15T11:54:24.000Z,crypaura,2,splinterlands,1,2021-10-16T11:54:24.000Z,DEC,69.950,DEC,69.950,69.950,,,,C3-230-VWY9WZQTJK,230,false,46,3
15448705,f0e35f30c5dcfb82b298d1dfacb5c1627264afa1-1,lucky-cards,1,110.000,500,15448705,553fbe3824e91fee636d8cd4b404484dbd705d87,2021-10-15T11:52:12.000Z,crypaura,2,splinterlands,1,2021-10-16T11:52:12.000Z,DEC,110.000,DEC,110.000,110.000,,,,G0-50-TY13LUS5WG,50,true,1000,0
10842159,d50d475491be0c8b64517fbbd8e2a3f8bfe92c0a-4,pbj214,1,7.200,500,10842159,a1bc911a0858bb760c45e6fe7bcb9f29b5554f4e,2021-10-13T00:49:12.000Z,crypaura,2,peakmonsters,1,2021-10-14T00:49:12.000Z,DEC,7.200,DEC,7.200,7.200,,,,C0-18-3YWF8I9IY8,18,false,200,0
12304008,f95018df918cf1c0e137c5ff199c9243553b9c2d-23,chaoxwinx,1,19.344,500,12304008,ebb73c524f2c5e80eef50e22f64770f385720751,2021-10-13T00:46:57.000Z,crypaura,2,peakmonsters,1,2021-10-14T00:46:57.000Z,DEC,19.344,DEC,19.344,19.344,,,,G3-91-939Z2GBWS0,91,true,400,3
11414559,3dec9d2e1956fd6e20a55d9f66f6ccf7fdde66ac-1,ccoin,1,12.285,500,11414559,f5b6d7f20c2c0fbb40558185d291ccefc1c817e4,2021-10-13T00:46:30.000Z,crypaura,2,peakmonsters,1,2021-10-14T00:46:30.000Z,DEC,12.285,DEC,12.285,12.285,,,,G1-14-LBS4NTE4RK,14,true,200,1
15744229,5eb206276e9f842ccda7d0a44cca31fbd4eea4b3-0,warwiccan,1,40.000,500,15744229,f5b6d7f20c2c0fbb40558185d291ccefc1c817e4,2021-10-13T00:46:30.000Z,crypaura,2,peakmonsters,1,2021-10-14T00:46:30.000Z,DEC,40.000,DEC,40.000,40.000,,,,G4-178-LDZSR3BFLS,178,true,1,4
15909412,43d825243c8a4252eb9e45b83f2f717bbd0bfc2c-109,moriarty95,1,5.150,500,15909412,f5b6d7f20c2c0fbb40558185d291ccefc1c817e4,2021-10-13T00:46:30.000Z,crypaura,2,peakmonsters,1,2021-10-14T00:46:30.000Z,DEC,5.150,DEC,5.150,5.150,,,,G4-171-WARHI8UM4W,171,true,1,4
12136040,8d05e470cb7a0bfbc5a400268b936b5183f14cfa-7,clove71,1,12.900,500,12136040,f5b6d7f20c2c0fbb40558185d291ccefc1c817e4,2021-10-13T00:46:30.000Z,crypaura,2,peakmonsters,1,2021-10-14T00:46:30.000Z,DEC,12.900,DEC,12.900,12.900,,,,G3-103-9KID2WNBV4,103,true,200,3
11536276,b67f113f7da2e5dd14a76d1847d029a6a2e8a6ba-16,azircon,1,3.500,500,11536276,dbc05049de81536ff8a88301a1520e457ef58ee2,2021-10-07T15:43:15.000Z,crypaura,2,peakmonsters,1,2021-10-08T15:43:15.000Z,DEC,3.500,DEC,3.500,3.500,,,,G4-171-QISF61WZ5S,171,true,1,4
10948272,dde0f79bfcb0ce596d911aff25af705cecb6b2fc-0,fatjimmy,1,4.000,500,10948272,2020486e14063cf95fe090894b9c4c2a05442793,2021-10-07T15:42:42.000Z,crypaura,2,peakmonsters,1,2021-10-08T15:42:42.000Z,DEC,4.000,DEC,4.000,4.000,,,,G1-12-007JUKRY1C,12,true,200,1
10528938,529557b75fba1372fa8bd4df88647c534991d99d-0,sapper11g,1,11.270,500,10528938,2020486e14063cf95fe090894b9c4c2a05442793,2021-10-07T15:42:42.000Z,crypaura,2,peakmonsters,1,2021-10-08T15:42:42.000Z,DEC,11.270,DEC,11.270,11.270,,,,G4-178-2NBMJVZDS0,178,true,1,4
12929512,4f59eb0e3a3ce154b094dff303ac2de05baa7285-0,ivansnz,1,10.000,500,12929512,2020486e14063cf95fe090894b9c4c2a05442793,2021-10-07T15:42:42.000Z,crypaura,2,peakmonsters,1,2021-10-08T15:42:42.000Z,DEC,10.000,DEC,10.000,10.000,,,,G3-103-P7ZUECFISW,103,true,200,3
10426937,d6a69f1baf0469cabf439a3dfad073c02d17274f-0,cyguy,1,29.850,500,10426937,2020486e14063cf95fe090894b9c4c2a05442793,2021-10-07T15:42:42.000Z,crypaura,2,peakmonsters,1,2021-10-08T15:42:42.000Z,DEC,29.850,DEC,29.850,29.850,,,,G1-18-QNQ320FXTS,18,true,400,1
14873391,e6aaf02846ab0c3cf664ce73a9de0f2c3d41f4a0-113,mountainjewel,1,14.940,500,14873391,94e593244146e5f79b1d12e5bc61b2b2fc626683,2021-10-03T03:54:27.000Z,crypaura,2,peakmonsters,1,2021-10-04T03:54:27.000Z,DEC,14.940,DEC,14.940,14.940,,,,G3-91-T8FW284D4G,91,true,200,3
12330429,2d7646fb4a203f55f3a62706a032f7ebf88a0792-0,davemccoy,1,4.200,500,12330429,0f7a1d94244cdcf0abca2037c258de89d3de0ebc,2021-10-03T03:53:48.000Z,crypaura,2,peakmonsters,1,2021-10-04T03:53:48.000Z,DEC,4.200,DEC,4.200,4.200,,,,G1-12-SVSD8KI6DC,12,true,200,1
9964994,9d8ff029d552cac40738c6cbba033387efe29d4d-10,goldwolf,1,12.572,500,9964994,0f7a1d94244cdcf0abca2037c258de89d3de0ebc,2021-10-03T03:53:48.000Z,crypaura,2,peakmonsters,1,2021-10-04T03:53:48.000Z,DEC,12.572,DEC,12.572,12.572,,,,G1-18-9ZD3VDLM8G,18,true,2800,1
11183216,6d5bfe082ed689cadc5d7011996389a624839a5b-0,athunderstruck,1,27.784,500,11183216,0f7a1d94244cdcf0abca2037c258de89d3de0ebc,2021-10-03T03:53:48.000Z,crypaura,2,peakmonsters,1,2021-10-04T03:53:48.000Z,DEC,27.784,DEC,27.784,27.784,,,,G3-131-SA1P0YBG68,131,true,400,3
14332468,cbaea5bf5a11ec4267ebb91d65edb6d7696df80c-76,themightyvolcano,1,44.850,500,14332468,0f7a1d94244cdcf0abca2037c258de89d3de0ebc,2021-10-03T03:53:48.000Z,crypaura,2,peakmonsters,1,2021-10-04T03:53:48.000Z,DEC,44.850,DEC,44.850,44.850,,,,G4-293-YJUOW3EN8W,293,true,1,4