﻿id,sell_trx_id,seller,num_cards,buy_price,fee_percent,market_item_id,rental_tx,rental_date,renter,status,market_account,rental_days,next_rental_payment,payment_currency,payment_amount,escrow_currency,escrow_amount,paid_amount,cancel_tx,cancel_player,cancel_date,card_id,card_detail_id,gold,xp,edition
11204182,b3f3f4f7967dfa8779fbd8fde53f75c612ff9bee-13,smalp,1,39.950,500,11204182,e9f1c671674fd2fadd6b003118a7cb2370008862,2021-10-30T14:42:42.000Z,plugx,2,splinterlands,1,2021-10-31T14:42:42.000Z,DEC,39.950,DEC,39.950,39.950,,,,G4-147-SG41XTRE8G,147,true,9,4
9306750,7cffbc0888604a225ebe9c35cf798cc4696796db-55,smalp,1,55.516,500,9306750,0c0738b4cb9e18bc5ce2bf7de6611e67111adc70,2021-10-30T06:21:06.000Z,plugx,2,splinterlands,1,2021-10-31T06:21:06.000Z,DEC,55.516,DEC,55.516,55.516,,,,C-709GCT0EHC,22,false,7000,0
16086920,e6e5ef1312d6c4af84ce62abf685b3bb2f5342da-4,fighter4-freedom,1,18.000,500,16086920,f482a27a2b14835cbff7040d098a5e034623551a,2021-10-30T06:18:48.000Z,plugx,2,splinterlands,1,2021-10-31T06:18:48.000Z,DEC,18.000,DEC,18.000,18.000,,,,C2-121-MCAC1BE8KW,121,false,0,2
15894308,b05d43c29a346ecad2fbe0a6281fe48c68d1523e-51,aatrox,1,32.950,500,15894308,adce7a4dcc36eda9b6338a93ccdf244c72cca705,2021-10-30T06:17:48.000Z,plugx,2,splinterlands,1,2021-10-31T06:17:48.000Z,DEC,32.950,DEC,32.950,32.950,,,,G1-52-E808D3MZJK,52,true,400,1
11342440,acfa26d60a3345e59a0035106f246f4f7a47d5a7-20,fighter4-freedom,1,25.000,500,11342440,315c1ef90ece5d0d0f9f4bf233328231778fe4d7,2021-10-30T06:17:18.000Z,plugx,2,splinterlands,1,2021-10-31T06:17:18.000Z,DEC,25.000,DEC,25.000,25.000,,,,G-D2AEKC7EZ4,37,true,500,0
9307852,e9460b7d80da66a775b1a78bea4a6002dc7a968a-44,smalp,1,22.329,500,9307852,6beabc4acc412f1d997a8932758bbf1afe91bc69,2021-10-30T06:15:45.000Z,plugx,2,splinterlands,1,2021-10-31T06:15:45.000Z,DEC,22.329,DEC,22.329,22.329,,,,C1-68-MDRZ9267M8,68,false,875,1
11174379,b7ffa9763f823f14f3bc4f5350d990e681960d5a-6,alphachicken,1,4.149,500,11174379,1430c5fd6d64a93d62f030becc141b861aa60560,2021-10-29T03:45:27.000Z,plugx,2,peakmonsters,1,2021-10-30T03:45:27.000Z,DEC,4.149,DEC,4.149,4.149,,,,C3-131-7AKOSZO3QO,131,false,0,3
10689930,54acfd38b6f753e75550e8ad39a245442b242209-2,foggybottom,1,15.060,500,10689930,40a18aedf2098d896e9a772a487941ba29bb061c,2021-10-29T03:45:18.000Z,plugx,2,peakmonsters,1,2021-10-30T03:45:18.000Z,DEC,15.060,DEC,15.060,15.060,,,,G3-91-XERYTULRQO,91,true,200,3
17179168,9c7b84252388eb0a59e85a9b6e020b8628476a3d-8,renterlands,1,4.850,500,17179168,369f9f35758fd2f5c4bcb0890b6087fd80986046,2021-10-29T03:44:51.000Z,plugx,2,peakmonsters,1,2021-10-30T03:44:51.000Z,DEC,4.850,DEC,4.850,4.850,,,,C-0HE01VQ26O,12,false,60,0
17674324,fbb5cbba4b28e5aa9b10f5d07c5cda940d57e9ab-0,enminers-vault,1,6.850,500,17674324,1e99ae66583f548aac4844c0c336a468e782f96e,2021-10-29T03:44:30.000Z,plugx,2,peakmonsters,1,2021-10-30T03:44:30.000Z,DEC,6.850,DEC,6.850,6.850,,,,C-GCKOANV0HC,18,false,300,0
14290380,d07ebb8e36826573bda5a164053e49fce057e679-8,megalithic,1,7.300,500,14290380,7b351d847cd5b141290bcf30bb1b9465290065f7,2021-10-29T03:44:06.000Z,plugx,2,peakmonsters,1,2021-10-30T03:44:06.000Z,DEC,7.300,DEC,7.300,7.300,,,,C4-293-9EL0EN38PS,293,false,1,4
10600982,350d95884e96566481d7e4f260f753633b490b23-90,namelessnameless,1,9.844,500,10600982,8fe632f7fb0908779d4855218ebc537b11f3c66a,2021-10-29T03:43:57.000Z,plugx,2,peakmonsters,1,2021-10-30T03:43:57.000Z,DEC,9.844,DEC,9.844,9.844,,,,G3-103-YUYIQY4OO0,103,true,200,3
17321771,78d8c9fce3adcd31c951d5fd87c528486e109d0a-10,didyourmom,1,7.844,500,17321771,8fe632f7fb0908779d4855218ebc537b11f3c66a,2021-10-29T03:43:57.000Z,plugx,2,peakmonsters,1,2021-10-30T03:43:57.000Z,DEC,7.844,DEC,7.844,7.844,,,,G4-169-EMXE3RSQHC,169,true,1,4
17387385,06db72cb71b83d39bd9c11a3259764d6da6bcdfd-22,renterlands,1,44.950,500,17387385,8fe632f7fb0908779d4855218ebc537b11f3c66a,2021-10-29T03:43:57.000Z,plugx,2,peakmonsters,1,2021-10-30T03:43:57.000Z,DEC,44.950,DEC,44.950,44.950,,,,G4-178-LYGF5USD8W,178,true,1,4
11207748,d4d96809248aef8a5e1f3b2936c24d6677293f4c-114,smalp,1,14.950,500,11207748,9fe29e6674bc40cb03edc50f53565cd7980b7300,2021-10-24T15:46:57.000Z,plugx,2,peakmonsters,1,2021-10-25T15:46:57.000Z,DEC,19.950,DEC,19.950,19.950,,,,G3-91-TS7P6JH9O0,91,true,200,3
10297522,ec39cf0ca8840e1fe78caae2576eda5e3c7b14ce-0,bang1,1,15.000,500,10297522,0d68eec3bcceee26bc033c9cff8f58f78220d24c,2021-10-24T15:46:06.000Z,plugx,2,peakmonsters,1,2021-10-25T15:46:06.000Z,DEC,15.000,DEC,15.000,15.000,,,,C0-18-19H8FCCJE8,18,false,300,0
10230907,42e49c20de98b2a944ecac5bb644386c148d4582-13,imperij4427,1,7.500,500,10230907,2d3b57fdf400a41e13b10d99e7a7a00272bb7746,2021-10-24T15:45:54.000Z,plugx,2,peakmonsters,1,2021-10-25T15:45:54.000Z,DEC,9.000,DEC,9.000,9.000,,,,C4-293-T9DLCX3ETC,293,false,1,4
9938380,85109fb002cc3042bfe2649a4d521e9ba5a8fa7e-11,toocurious,1,44.000,500,9938380,372383539d4f104d0c4e333f415a54b6d96e6a74,2021-10-24T15:45:48.000Z,plugx,2,peakmonsters,1,2021-10-25T15:45:48.000Z,DEC,44.000,DEC,44.000,44.000,,,,G4-178-S8MOLZVNOW,178,true,1,4
10172365,06ee736352d1df0333551931f52df22a40d76c81-5,lucky-cards,1,29.000,500,10172365,372383539d4f104d0c4e333f415a54b6d96e6a74,2021-10-24T15:45:48.000Z,plugx,2,peakmonsters,1,2021-10-25T15:45:48.000Z,DEC,29.000,DEC,29.000,29.000,,,,G3-131-0TUSS3E5CG,131,true,400,3
17194804,21423dfbd8436e5dbaff30ef56cc444d16492d5a-13,enminers-vault,1,5.099,500,17194804,372383539d4f104d0c4e333f415a54b6d96e6a74,2021-10-24T15:45:48.000Z,plugx,2,peakmonsters,1,2021-10-25T15:45:48.000Z,DEC,5.099,DEC,5.099,5.099,,,,G4-171-94NJHDGC9C,171,true,1,4
11531928,13eb125e1c73f926313c17cb83b800304b144ea5-9,monstergames,1,8.661,500,11531928,372383539d4f104d0c4e333f415a54b6d96e6a74,2021-10-24T15:45:48.000Z,plugx,2,peakmonsters,1,2021-10-25T15:45:48.000Z,DEC,8.661,DEC,8.661,8.661,,,,G1-12-XID3CI1U00,12,true,200,1
11396662,fd2bddd5af605d3dcc645722e868d652d8511684-11,sm-deck,1,13.827,500,11396662,372383539d4f104d0c4e333f415a54b6d96e6a74,2021-10-24T15:45:48.000Z,plugx,2,peakmonsters,1,2021-10-25T15:45:48.000Z,DEC,13.827,DEC,13.827,13.827,,,,G1-14-VPEY0TEWTC,14,true,200,1
16046042,5712a25013179295313dfb5191655ba120c7d23b-0,bang1,1,50.000,500,16046042,d1aefb10c9a16c9a80dddfba112ed7516de66ea3,2021-10-17T22:14:57.000Z,plugx,2,peakmonsters,1,2021-10-18T22:14:57.000Z,DEC,50.000,DEC,50.000,50.000,,,,G3-131-XTSJ8FF5CW,131,true,400,3
10638447,c2a01bb6b117a4b8a11bb3b763eb11169154055b-0,kauffdiggity,1,9.850,500,10638447,298ce3a17e34dac80beddf7fd901bfdf3f673b8b,2021-10-17T22:14:36.000Z,plugx,2,peakmonsters,1,2021-10-18T22:14:36.000Z,DEC,9.850,DEC,9.850,9.850,,,,C-5Y3PKVQ6Q8,18,false,400,0
16512541,7e8d19a91656637027b25fb81c4e5ce51a3b19fc-70,rerix,1,7.900,500,16512541,b14ee50950e1817445ab991b1cab48a633caae95,2021-10-17T22:14:12.000Z,plugx,2,peakmonsters,1,2021-10-18T22:14:12.000Z,DEC,7.900,DEC,7.900,7.900,,,,C4-293-RFL3QJ5XOG,293,false,1,4
11828847,5225733e6d372289c09369b5acd2e53ff9276c9f-0,drooshka,1,9.744,500,11828847,eba07052bce66791216ce297908da216f9e75514,2021-10-17T22:14:00.000Z,plugx,2,peakmonsters,1,2021-10-18T22:14:00.000Z,DEC,9.744,DEC,9.744,9.744,,,,G3-103-VGYVQRQCOW,103,true,200,3
9325917,ed01b43d4dc2a0c046d26f12e80a7a23d580b240-0,davemccoy,1,5.112,500,9325917,eba07052bce66791216ce297908da216f9e75514,2021-10-17T22:14:00.000Z,plugx,2,peakmonsters,1,2021-10-18T22:14:00.000Z,DEC,5.112,DEC,5.112,5.112,,,,G1-14-V74RMLOIIO,14,true,200,1
14578788,075aa8f41cbc66a789e4c8c56f1aed0a89c2f71a-0,bitpizza,1,5.500,500,14578788,dc44d584dde15f7ec65181bccaec63e4f2826c9f,2021-10-12T11:21:54.000Z,plugx,2,peakmonsters,1,2021-10-13T11:21:54.000Z,DEC,5.500,DEC,5.500,5.500,,,,C3-131-SJQYHUOOXS,131,false,0,3
15495527,5fc11f7f9425f80ef45febcdc88610f7394f60c4-0,mulletwang,1,18.000,500,15495527,e50260e743ccaf9d9ee6b0c94ca375f997508113,2021-10-12T11:21:39.000Z,plugx,2,peakmonsters,1,2021-10-13T11:21:39.000Z,DEC,18.000,DEC,18.000,18.000,,,,G1-14-H9PDFPNG74,14,true,200,1
15866083,7c9f9025de291db24b404ba55eb6bfe85703094d-5,fighter4-freedom,1,8.000,500,15866083,e50260e743ccaf9d9ee6b0c94ca375f997508113,2021-10-12T11:21:39.000Z,plugx,2,peakmonsters,1,2021-10-13T11:21:39.000Z,DEC,8.000,DEC,8.000,8.000,,,,G4-169-AYXFJTVS34,169,true,1,4
10496998,94595508240de4e656a58a589fd54d3bf3a13301-0,cyguy,1,12.450,500,10496998,e50260e743ccaf9d9ee6b0c94ca375f997508113,2021-10-12T11:21:39.000Z,plugx,2,peakmonsters,1,2021-10-13T11:21:39.000Z,DEC,12.450,DEC,12.450,12.450,,,,G3-103-PO9N60NKZK,103,true,200,3
11531920,13eb125e1c73f926313c17cb83b800304b144ea5-1,monstergames,1,8.661,500,11531920,e50260e743ccaf9d9ee6b0c94ca375f997508113,2021-10-12T11:21:39.000Z,plugx,2,peakmonsters,1,2021-10-13T11:21:39.000Z,DEC,8.661,DEC,8.661,8.661,,,,G1-12-DCIEQMEYJ4,12,true,200,1
15612712,ee37b5673150053f736a94d586f1d5f913b1c02c-0,dadicus,1,49.500,500,15612712,e50260e743ccaf9d9ee6b0c94ca375f997508113,2021-10-12T11:21:39.000Z,plugx,2,peakmonsters,1,2021-10-13T11:21:39.000Z,DEC,49.500,DEC,49.500,49.500,,,,G4-178-IEY2WYXVE8,178,true,1,4
10689930,54acfd38b6f753e75550e8ad39a245442b242209-2,foggybottom,1,15.060,500,10689930,5ee619f32a6a9b5a74b2302cf7fce6f6e5829eab,2021-10-07T13:35:24.000Z,plugx,2,peakmonsters,1,2021-10-08T13:35:24.000Z,DEC,15.060,DEC,15.060,15.060,,,,G3-91-XERYTULRQO,91,true,200,3
12081682,6e00b7e1c63158fd4ef530799ce45bb238c66481-2,gfriend96,1,11.792,500,12081682,0ae4cd050f899746d7af123663f66f0936f8dc0f,2021-10-07T13:34:42.000Z,plugx,2,peakmonsters,1,2021-10-08T13:34:42.000Z,DEC,11.792,DEC,11.792,11.792,,,,G3-103-6WR6IK4MYO,103,true,200,3
10718204,4d4581b9e28cb6f0819f6611c0db1964d18b9507-0,popsiclezone,1,8.500,500,10718204,0ae4cd050f899746d7af123663f66f0936f8dc0f,2021-10-07T13:34:42.000Z,plugx,2,peakmonsters,1,2021-10-08T13:34:42.000Z,DEC,8.500,DEC,8.500,8.500,,,,G4-169-PORDOBF6J4,169,true,1,4
12110583,b200a0c3669afd40818e0b5e9679a4c9d25566da-0,chandpur,1,15.750,500,12110583,0ae4cd050f899746d7af123663f66f0936f8dc0f,2021-10-07T13:34:42.000Z,plugx,2,peakmonsters,1,2021-10-08T13:34:42.000Z,DEC,15.750,DEC,15.750,15.750,,,,G1-14-HSKTMJU0R4,14,true,200,1
11074223,cfa5c38b2887beb559d2431c66f1d5fe8f89b2c2-2,lucky-cards,1,29.000,500,11074223,0ae4cd050f899746d7af123663f66f0936f8dc0f,2021-10-07T13:34:42.000Z,plugx,2,peakmonsters,1,2021-10-08T13:34:42.000Z,DEC,29.000,DEC,29.000,29.000,,,,G1-18-R0I0CLDRGG,18,true,400,1
14207819,5dfa47ac74f13a166db35db63b88812612a58e6d-0,bushwickvisual,1,2.000,500,14207819,0ae4cd050f899746d7af123663f66f0936f8dc0f,2021-10-07T13:34:42.000Z,plugx,2,peakmonsters,1,2021-10-08T13:34:42.000Z,DEC,2.000,DEC,2.000,2.000,,,,G4-171-N8OWXASH7K,171,true,1,4
10320702,808868ef996e9e2c352a6e9b6614332faeb897f0-113,toocurious,1,4.481,500,10320702,0ae4cd050f899746d7af123663f66f0936f8dc0f,2021-10-07T13:34:42.000Z,plugx,2,peakmonsters,1,2021-10-08T13:34:42.000Z,DEC,4.481,DEC,4.481,4.481,,,,G-UV2IHD9SEO,12,true,250,0
12117356,34934b3791dbd108f939152c5d9916ab6cc46582-0,fatjimmy,1,14.000,500,12117356,77933b123b8fd48531f08570528b4f1c1718d107,2021-10-02T23:53:18.000Z,plugx,2,peakmonsters,1,2021-10-03T23:53:18.000Z,DEC,14.000,DEC,14.000,14.000,,,,G4-178-784WOW4VE8,178,true,1,4
9893816,d2768948db1e1866ba8682251178c0992278511a-6,masterthematrix,1,7.900,500,9893816,77933b123b8fd48531f08570528b4f1c1718d107,2021-10-02T23:53:18.000Z,plugx,2,peakmonsters,1,2021-10-03T23:53:18.000Z,DEC,7.900,DEC,7.900,7.900,,,,G3-103-XD9COQ11CW,103,true,200,3
10409527,67a179aa9632650c8187153853aa4ca276c9363e-117,redparra,1,0.960,500,10409527,77933b123b8fd48531f08570528b4f1c1718d107,2021-10-02T23:53:18.000Z,plugx,2,peakmonsters,1,2021-10-03T23:53:18.000Z,DEC,0.960,DEC,0.960,0.960,,,,G4-171-ZDOHLEPOXS,171,true,1,4