﻿id,sell_trx_id,seller,num_cards,buy_price,fee_percent,market_item_id,rental_tx,rental_date,renter,status,market_account,rental_days,next_rental_payment,payment_currency,payment_amount,escrow_currency,escrow_amount,paid_amount,cancel_tx,cancel_player,cancel_date,card_id,card_detail_id,gold,xp,edition
11761162,a9af617171bcf3c7ed77a1a721537ae53421546a-7,teammonsters,1,27.950,500,11761162,a1110d238f6d53c2ffebfecbe869104679fc4d5c,2021-10-31T23:36:51.000Z,kelihos,2,peakmonsters,1,2021-11-01T23:36:51.000Z,DEC,27.950,DEC,27.950,27.950,,,,G3-91-TZYWYDDHPC,91,true,200,3
17470120,1701e8066b7a4a1501fcf3230a31649fa6d77af2-23,imperij4427,1,6.000,500,17470120,38a8995bb96fc2cf7d2d4ca5b0bcd5f5a0e106ff,2021-10-31T23:36:42.000Z,kelihos,2,peakmonsters,1,2021-11-01T23:36:42.000Z,DEC,6.000,DEC,6.000,6.000,,,,G4-169-V23AJ8T7K0,169,true,1,4
18104292,c723c1bb960d69034939609e530b39826bc3c749-35,olleo,1,29.950,500,18104292,564dc23743c223bd17930ed28b57d0828f57f31d,2021-10-31T23:36:06.000Z,kelihos,2,peakmonsters,1,2021-11-01T23:36:06.000Z,DEC,29.950,DEC,29.950,29.950,,,,G1-14-JRHMQN1UPS,14,true,200,1
10201292,68f11b1102d958b14244d547603edc53dd36bd0d-0,cal1,1,15.000,500,10201292,43a20425680f578c96c14ba9bfd0ccc9a888b66a,2021-10-31T23:35:39.000Z,kelihos,2,peakmonsters,1,2021-11-01T23:35:39.000Z,DEC,15.000,DEC,15.000,15.000,,,,C-1HPBZ20P2O,18,false,300,0
16139832,6f2c6a5a68cefad500bacd930bddf33aa4e4c107-16,fighter4-freedom,1,5.300,500,16139832,fd91531572b535c7a9249bb2ef9e931f1dff58bc,2021-10-31T23:34:51.000Z,kelihos,2,peakmonsters,1,2021-11-01T23:34:51.000Z,DEC,5.300,DEC,5.300,5.300,,,,C3-131-E5Z6FAX18W,131,false,0,3
13773438,df2f765c6389f7199cbccede356e122c2afb57bb-0,khazbot,1,35.000,500,13773438,598526391bbd079f7f171b57ef18e037ad1d378c,2021-10-31T23:34:36.000Z,kelihos,2,peakmonsters,1,2021-11-01T23:34:36.000Z,DEC,35.000,DEC,35.000,35.000,,,,G4-293-6XL25P7934,293,true,1,4
16203521,884c8001c544bcae75ec4781d0d62014094ad8aa-7,niallon11,1,4.140,500,16203521,598526391bbd079f7f171b57ef18e037ad1d378c,2021-10-31T23:34:36.000Z,kelihos,2,peakmonsters,1,2021-11-01T23:34:36.000Z,DEC,4.140,DEC,4.140,4.140,,,,G1-12-HRUWPEDTZ4,12,true,200,1
10745504,deac1b982d213d2a24e7ff70a29718af4145cbdd-107,thevil,1,30.008,500,10745504,598526391bbd079f7f171b57ef18e037ad1d378c,2021-10-31T23:34:36.000Z,kelihos,2,peakmonsters,1,2021-11-01T23:34:36.000Z,DEC,30.008,DEC,30.008,30.008,,,,G3-103-0HQ9M0CKGW,103,true,200,3
11204441,aed4846f34f3af36121e5c798a296d3f9fc39c6d-22,smalp,1,111.900,500,11204441,32aa0563f4a9f767eb35a02d26724821114b5ae9,2021-10-30T03:55:03.000Z,kelihos,2,splinterlands,1,2021-10-31T03:55:03.000Z,DEC,111.900,DEC,111.900,111.900,,,,G3-85-1EPWQ02K00,85,true,1600,3
15582856,143e79e2c6f78d2226daf9805aa3347ee0c45b29-2,fighter4-freedom,1,29.000,500,15582856,f148a4e6d6b47e88ee1231c1a6a53cf668c3970d,2021-10-30T03:40:00.000Z,kelihos,2,splinterlands,1,2021-10-31T03:40:00.000Z,DEC,29.000,DEC,29.000,29.000,,,,G3-131-HGS2GU9N7K,131,true,400,3
17410856,5068f255c77a90d862334b23f20ef335aafdb36f-0,blindinglight,1,16.577,500,17410856,170a4eaf2f824a8c24538c76957fab5aeffb04e7,2021-10-26T06:56:15.000Z,kelihos,2,peakmonsters,1,2021-10-27T06:56:15.000Z,DEC,16.577,DEC,16.577,16.577,,,,G3-91-V9DR58BSPS,91,true,200,3
13956481,2c6e6d141e230918428846e6e601fbb3a3da6a44-0,onefatindian,1,16.500,500,13956481,95a64b361971a2a7459ce7cacdc154c97fa50c33,2021-10-26T06:55:45.000Z,kelihos,2,peakmonsters,1,2021-10-27T06:55:45.000Z,DEC,16.500,DEC,16.500,16.500,,,,G-DSNDBJO000,14,true,250,0
11314143,c2e5752f69e975b228f1bb1298cd7efbe83a1859-0,picciridda,1,10.100,500,11314143,aed76fec3424748c3c51a5c442970d13026c3371,2021-10-26T06:55:24.000Z,kelihos,2,peakmonsters,1,2021-10-27T06:55:24.000Z,DEC,10.100,DEC,10.100,10.100,,,,G3-103-FFM092OGM8,103,true,200,3
17252794,a0f4efaaeef5e01c31681d08da6941ff80e7bed8-23,grosh,1,14.950,500,17252794,1e9b69fe94ea8e61b9555facff671744c3c1f8fc,2021-10-26T06:55:00.000Z,kelihos,2,peakmonsters,1,2021-10-27T06:55:00.000Z,DEC,14.950,DEC,14.950,14.950,,,,C-RAU5IW86XC,18,false,300,0
16236152,95f1b4e667ceb84cf8e56f9adb8b08538378abc9-2,otage,1,6.550,500,16236152,5e13a77273157226cf19a809ba39e003527ad4f4,2021-10-26T06:54:51.000Z,kelihos,2,peakmonsters,1,2021-10-27T06:54:51.000Z,DEC,7.100,DEC,7.100,7.100,,,,C-20U6QTX4OG,18,false,100,0
17509234,2bcd8410694ea47026ff66ab9905a8309f474b0c-97,renterlands,1,1.500,500,17509234,5e13a77273157226cf19a809ba39e003527ad4f4,2021-10-26T06:54:51.000Z,kelihos,2,peakmonsters,1,2021-10-27T06:54:51.000Z,DEC,1.500,DEC,1.500,1.500,,,,C-YE5E2NKC34,12,false,60,0
17224631,40acc8241c9f279639c6d570a5fae78bfc6c3198-60,renterlands,1,44.949,500,17224631,808c3e569213cc7566a5f6f62418ec5ff36c8adc,2021-10-26T06:54:33.000Z,kelihos,2,peakmonsters,1,2021-10-27T06:54:33.000Z,DEC,44.949,DEC,44.949,44.949,,,,G4-178-T0URJUXV40,178,true,1,4
15850912,fc6154a2f756b6b3366086c32664595e8a15a92f-5,goldninja,1,29.850,500,15850912,808c3e569213cc7566a5f6f62418ec5ff36c8adc,2021-10-26T06:54:33.000Z,kelihos,2,peakmonsters,1,2021-10-27T06:54:33.000Z,DEC,29.850,DEC,29.850,29.850,,,,G3-131-HVHVXGSZCW,131,true,400,3
17012236,577da50bccba254a060aaec9539cb760dc86f34b-24,aaros,1,2.000,500,17012236,808c3e569213cc7566a5f6f62418ec5ff36c8adc,2021-10-26T06:54:33.000Z,kelihos,2,peakmonsters,1,2021-10-27T06:54:33.000Z,DEC,4.500,DEC,4.500,4.500,,,,G4-171-FUSOH53JVK,171,true,1,4
15717300,cea05185733dfa982cff5a04b3f0f38507eae431-103,faceb,1,14.950,500,15717300,8dea382c050b365682ec2239fe4aa1b3b7ad2184,2021-10-21T20:28:51.000Z,kelihos,2,peakmonsters,1,2021-10-22T20:28:51.000Z,DEC,14.950,DEC,14.950,14.950,,,,G3-91-M8D5CEK4CG,91,true,200,3
12043534,4c4346fbae4b737c8915bd4c615bf12f6049f0c9-6,nathansenn,1,11.950,500,12043534,e6f900b166f68422727a9c8d099f3fbb8356e3e0,2021-10-21T20:27:12.000Z,kelihos,2,peakmonsters,1,2021-10-22T20:27:12.000Z,DEC,11.950,DEC,11.950,11.950,,,,C0-18-IQS78CEA80,18,false,100,0
17195998,28091d36c25d98a401ea3b5c3e9b29968910c8e8-24,sunnsurf,1,7.450,500,17195998,042024a0e3ad7df568650315bace23106124ba45,2021-10-21T20:26:57.000Z,kelihos,2,peakmonsters,1,2021-10-22T20:26:57.000Z,DEC,7.450,DEC,7.450,7.450,,,,C4-293-B13FM0YMI8,293,false,1,4
10682561,551723a6084ed1e44ed03419407a2ee0bd1d9728-0,vaca2,1,30.000,500,10682561,71bc6c4d99bd249f1dd3c01847ac0d5ed946ddce,2021-10-21T20:26:45.000Z,kelihos,2,peakmonsters,1,2021-10-22T20:26:45.000Z,DEC,30.000,DEC,30.000,30.000,,,,G3-103-F9Y3DARADC,103,true,200,3
11646459,3e8de2dd0d21c9b4be7080dd7b58cdf2ea13da07-1,teammonsters,1,29.900,500,11646459,71bc6c4d99bd249f1dd3c01847ac0d5ed946ddce,2021-10-21T20:26:45.000Z,kelihos,2,peakmonsters,1,2021-10-22T20:26:45.000Z,DEC,29.900,DEC,29.900,29.900,,,,G3-131-I1MY57YLKG,131,true,400,3
17195285,0aefd9971f6b7fefa9e038b8279031e38c094146-9,sunnsurf,1,5.049,500,17195285,71bc6c4d99bd249f1dd3c01847ac0d5ed946ddce,2021-10-21T20:26:45.000Z,kelihos,2,peakmonsters,1,2021-10-22T20:26:45.000Z,DEC,5.049,DEC,5.049,5.049,,,,G4-171-ST21BH6AHC,171,true,1,4
17190723,94662feb272be7d688b1262c068a7de8ac865036-134,enminers-vault,1,7.950,500,17190723,71bc6c4d99bd249f1dd3c01847ac0d5ed946ddce,2021-10-21T20:26:45.000Z,kelihos,2,peakmonsters,1,2021-10-22T20:26:45.000Z,DEC,7.950,DEC,7.950,7.950,,,,G4-169-YYX2Z3QPC0,169,true,1,4
16186769,bdc4f75c6626d4f44cc78c375af17f87b033c971-0,imno,1,31.940,500,16186769,71bc6c4d99bd249f1dd3c01847ac0d5ed946ddce,2021-10-21T20:26:45.000Z,kelihos,2,peakmonsters,1,2021-10-22T20:26:45.000Z,DEC,31.940,DEC,31.940,31.940,,,,G4-178-ZDQ948PIHC,178,true,1,4
9307087,10d80b9f8f3e00b739576a2226d56fd6111900d7-16,smalp,1,10.822,500,9307087,3ac1fbaba73dd0d996eb2b36a9910267f9d56194,2021-10-15T12:45:39.000Z,kelihos,2,splinterlands,1,2021-10-16T12:45:39.000Z,DEC,10.822,DEC,10.822,10.822,,,,C0-36-4QV5G087KG,36,false,760,0
15172188,42b6ca10fbe720c5c2d2d7a5262bde5ac6936abb-34,legendarycanary,1,31.950,500,15172188,e95a44e380010953749196e606d522c39fc52872,2021-10-15T10:49:18.000Z,kelihos,2,splinterlands,1,2021-10-16T10:49:18.000Z,DEC,31.950,DEC,31.950,31.950,,,,G3-216-CUD38UBDJK,216,true,400,3
15864973,7439da2746de1b99796e0bb1f2a56cee458f566a-31,fighter4-freedom,1,15.000,500,15864973,4ad29497028b8fea6fa06ccbfc8c26690b0b597e,2021-10-15T10:13:18.000Z,kelihos,2,splinterlands,1,2021-10-16T10:13:18.000Z,DEC,15.000,DEC,15.000,15.000,,,,G2-120-QLUNITCPOW,120,true,200,2
15058628,9b53961a47b611c3d9b72d6ae4c83cc8995e469f-92,legendarycanary,1,14.900,500,15058628,2d39b819e89f248c7ac0dc1a121b396e68ba5a79,2021-10-11T09:37:06.000Z,kelihos,2,peakmonsters,1,2021-10-12T09:37:06.000Z,DEC,14.900,DEC,14.900,14.900,,,,G3-91-KSGQ3UC4OW,91,true,200,3
15417471,561f636a00e8a52f6a715954966e7b701809efa0-30,legendarycanary,1,4.790,500,15417471,98d8f7753d82e8c76f6ac4f17a29e09d8b65bdbf,2021-10-11T09:36:27.000Z,kelihos,2,peakmonsters,1,2021-10-12T09:36:27.000Z,DEC,4.790,DEC,4.790,4.790,,,,G1-12-J5Y5YV0CS0,12,true,200,1
12299918,1b22244808c1f7ee68c187f051466d0798199ed7-0,farm1,1,12.000,500,12299918,98d8f7753d82e8c76f6ac4f17a29e09d8b65bdbf,2021-10-11T09:36:27.000Z,kelihos,2,peakmonsters,1,2021-10-12T09:36:27.000Z,DEC,12.000,DEC,12.000,12.000,,,,G3-103-363LJGFBO0,103,true,200,3
10109871,620938c971e4f713de893f4ee4c36362c9fa482a-4,monsterveritas,1,27.949,500,10109871,45c8e280f687f73ccf70aa6295987168e3bef979,2021-10-05T10:21:54.000Z,kelihos,2,peakmonsters,1,2021-10-06T10:21:54.000Z,DEC,27.949,DEC,27.949,27.949,,,,G3-131-D11WQKI91C,131,true,400,3
12494202,11ba20950b5f685d249d07784ec1248f564f5079-133,trip7s,1,4.212,500,12494202,7a71e0c7c3d177caafba0232503dbda92f4d394e,2021-10-05T10:21:42.000Z,kelihos,2,peakmonsters,1,2021-10-06T10:21:42.000Z,DEC,4.212,DEC,4.212,4.212,,,,G1-12-76PHCPWM68,12,true,200,1
12524746,a2b1843aa21e6f49c48cb916ca2b3508795034f6-0,bitcoinportugal,1,11.800,500,12524746,7a71e0c7c3d177caafba0232503dbda92f4d394e,2021-10-05T10:21:42.000Z,kelihos,2,peakmonsters,1,2021-10-06T10:21:42.000Z,DEC,11.800,DEC,11.800,11.800,,,,G3-103-HOKQVZH4XC,103,true,200,3
9909465,a45801a5a13e0a2ca70f1842126ca3df1b37cef4-103,samsemilia7,1,2.650,500,9909465,2332a205720c2ae57546045d86434c91dfea739a,2021-10-05T10:21:12.000Z,kelihos,2,peakmonsters,1,2021-10-06T10:21:12.000Z,DEC,2.650,DEC,2.650,2.650,,,,G4-171-UNEBQMWJ00,171,true,1,4
10295563,1ed25ce36ecde51bab515a6607c5c1d1d336dceb-0,gigel3,1,20.000,500,10295563,2332a205720c2ae57546045d86434c91dfea739a,2021-10-05T10:21:12.000Z,kelihos,2,peakmonsters,1,2021-10-06T10:21:12.000Z,DEC,20.000,DEC,20.000,20.000,,,,G1-18-Q6JDZ8J7TS,18,true,400,1