﻿id,sell_trx_id,seller,num_cards,buy_price,fee_percent,market_item_id,rental_tx,rental_date,renter,status,market_account,rental_days,next_rental_payment,payment_currency,payment_amount,escrow_currency,escrow_amount,paid_amount,cancel_tx,cancel_player,cancel_date,card_id,card_detail_id,gold,xp,edition
17355473,8b8d0242a155390fe16c549652424c965b088022-12,blindinglight,1,19.999,500,17355473,a320ace462871b4ce80f5c9a81f7403e43ec8baf,2021-10-31T16:36:06.000Z,brontok,2,peakmonsters,1,2021-11-01T16:36:06.000Z,DEC,19.999,DEC,19.999,19.999,,,,G3-91-E5CO4IFKCW,91,true,200,3
10905224,f6997283b964df2a8c7f191fe838f41f49af6e09-0,grosh,1,7.450,500,10905224,f99445f72aac17871b054c4589b36428a2c6e896,2021-10-31T16:35:36.000Z,brontok,2,peakmonsters,1,2021-11-01T16:35:36.000Z,DEC,7.450,DEC,7.450,7.450,,,,C-0D8HISK0J4,18,false,100,0
17261961,c9c6223defea2e6435c9a389ddc374565333eebf-0,sirdemian,1,7.700,500,17261961,0f3fcca532b7892da5aa155c5e1e2abd6f717624,2021-10-31T16:35:27.000Z,brontok,2,peakmonsters,1,2021-11-01T16:35:27.000Z,DEC,7.700,DEC,7.700,7.700,,,,C4-293-O1HA31BPYO,293,false,1,4
11159912,ad629524f9a15ba97136ddcdcf9750141266af63-15,blindinglight,1,3.884,500,11159912,df8467cec250993d186aa915c660819b3c17c721,2021-10-31T16:35:21.000Z,brontok,2,peakmonsters,1,2021-11-01T16:35:21.000Z,DEC,3.884,DEC,3.884,3.884,,,,C3-131-ZDD8DFUX80,131,false,0,3
18365994,f79009685fd3567f7cc44ad6357a8dfb79be24eb-1,frkiana,1,5.774,500,18365994,4b9e4c0566229805e27291b14afe947c74577f61,2021-10-31T16:35:09.000Z,brontok,2,peakmonsters,1,2021-11-01T16:35:09.000Z,DEC,5.774,DEC,5.774,5.774,,,,G4-169-42B6TD566O,169,true,1,4
18393451,ac688182bb0684f2b1aeccacdda72af64a4c1646-0,cryptoznewb,1,40.000,500,18393451,4b9e4c0566229805e27291b14afe947c74577f61,2021-10-31T16:35:09.000Z,brontok,2,peakmonsters,1,2021-11-01T16:35:09.000Z,DEC,40.000,DEC,40.000,40.000,,,,G4-178-DSBZAFYU28,178,true,1,4
10035952,d2bf8284e0bc9f7dbdd9bf8bcfaa87b1b479c205-0,stepbie,1,2.800,500,10035952,4b9e4c0566229805e27291b14afe947c74577f61,2021-10-31T16:35:09.000Z,brontok,2,peakmonsters,1,2021-11-01T16:35:09.000Z,DEC,2.800,DEC,2.800,2.800,,,,G1-12-0H9UM8KFE8,12,true,400,1
14619389,e7b86c510e2dd01548cd77f92c70cd78586f5833-25,asgarth,1,15.000,500,14619389,4b9e4c0566229805e27291b14afe947c74577f61,2021-10-31T16:35:09.000Z,brontok,2,peakmonsters,1,2021-11-01T16:35:09.000Z,DEC,15.000,DEC,15.000,15.000,,,,G0-14-YXIREY6PHS,14,true,250,0
13593368,e1cb654d933815c6cf279e20b048b0b233d8ce5a-0,allani545,1,10.000,500,13593368,4b9e4c0566229805e27291b14afe947c74577f61,2021-10-31T16:35:09.000Z,brontok,2,peakmonsters,1,2021-11-01T16:35:09.000Z,DEC,10.000,DEC,10.000,10.000,,,,G3-103-VP8PO2AMGG,103,true,200,3
15524171,a8caa5c2eb5cd44ad88e00b2750d84b3c35e1f73-42,aatrox,1,56.778,500,15524171,c64374fd1cd2bf1baecac0046b159498cf4a59c9,2021-10-30T04:36:03.000Z,brontok,2,splinterlands,1,2021-10-31T04:36:03.000Z,DEC,56.778,DEC,56.778,56.778,,,,C3-104-Q8OTZ6EV28,104,false,8550,3
11539358,3dd4492b63819da3cb04b2183a2a2dfc99e273f3-73,smalp,1,80.000,500,11539358,db4d249fb3edd5289a7ead22cc4de5cacaac95e2,2021-10-30T04:35:18.000Z,brontok,2,splinterlands,1,2021-10-31T04:35:18.000Z,DEC,80.000,DEC,80.000,80.000,,,,G-EIJXP5FQWG,45,true,1750,0
15448589,6a6732e44a99b6acbbd1e058b128d29ce66edd7d-1,lucky-cards,1,15.000,500,15448589,e220bb658f905b516c0207d5b85a9241e351b28d,2021-10-30T04:34:12.000Z,brontok,2,splinterlands,1,2021-10-31T04:34:12.000Z,DEC,15.000,DEC,15.000,15.000,,,,G0-2-096AKEI8DC,2,true,250,0
11378268,30a7b0ac305c4a71fa67485ddab4694f120fda24-8,fighter4-freedom,1,7.000,500,11378268,ab487cfe3e98de3afb57829b15097ac2969d57ab,2021-10-30T04:33:30.000Z,brontok,2,splinterlands,1,2021-10-31T04:33:30.000Z,DEC,7.000,DEC,7.000,7.000,,,,C3-244-NM6OQRJ4DC,244,false,1,3
17165479,c7f04d35c9d6fd1891b8ab2ecbeacbc37be40a43-107,slbgf,1,15.000,500,17165479,f3f7805f8a67f91e64cbea2bca6e6fe2cf0f1b4b,2021-10-30T04:32:54.000Z,brontok,2,splinterlands,1,2021-10-31T04:32:54.000Z,DEC,15.000,DEC,15.000,15.000,,,,G1-47-2I8CDOY9K0,47,true,400,1
15490979,a20632fac1b93e24890ab29782963b5b21c43b3a-0,molins,1,47.590,500,15490979,989b51a935a0ddbfc334d224b54721b2b92d169f,2021-10-19T13:56:39.000Z,brontok,2,peakmonsters,1,2021-10-20T13:56:39.000Z,DEC,47.740,DEC,47.740,47.740,,,,C3-344-FV13JZ76HS,344,false,115,3
15198081,446ebbb36412a90f785b74a35f160ee9588c5b60-0,shoemanchu,1,114.800,500,15198081,a283863ad033c09de26d184ef10989200a01e918,2021-10-19T03:55:21.000Z,brontok,2,peakmonsters,1,2021-10-20T03:55:21.000Z,DEC,114.800,DEC,114.800,114.800,,,,C4-239-CQHNJWF7I8,239,false,11,4
9460852,1f427cdfeeb80c8e501f9705c32715b33fb75028-97,smalp,1,44.134,500,9460852,bd60e205a3f16f7560130038314b2bc5ab9b44c9,2021-10-19T03:55:15.000Z,brontok,2,peakmonsters,1,2021-10-20T03:55:15.000Z,DEC,44.134,DEC,44.134,44.134,,,,C4-155-L7B4B1B874,155,false,11,4
11204299,1f1328e5047149affa123f1fa114f090a924336b-54,smalp,1,57.412,500,11204299,bfe0d3a657938657d88670fdd31eebcf28637c3f,2021-10-19T03:55:06.000Z,brontok,2,peakmonsters,1,2021-10-20T03:55:06.000Z,DEC,57.412,DEC,57.412,57.412,,,,C-ZMFNJ5B5SG,44,false,7000,0
16603613,9de8cd41a387546643691ed50bd34960e99027ef-23,masterthematrix,1,96.950,500,16603613,99b25180e292dac4b105f1519e917e104edfa493,2021-10-19T03:54:54.000Z,brontok,2,peakmonsters,1,2021-10-20T03:54:54.000Z,DEC,96.950,DEC,96.950,96.950,,,,C3-216-30553T6PCW,216,false,8550,3
10467398,68cd9957284256eb50be236e770f1702bdbefd9a-33,aatrox,1,88.000,500,10467398,d176b4086ff5ba7f9ffca2533e222fe266daf106,2021-10-19T02:57:00.000Z,brontok,2,peakmonsters,1,2021-10-20T02:57:00.000Z,DEC,88.000,DEC,88.000,88.000,,,,G3-96-89QE3VL2W0,96,true,7600,3
9311842,9e17bb3141a37152abdce89ee7133ed709c20d65-9,steem-eng,1,33.201,500,9311842,2b1a1b2260c22d4095f5656a2add4a1ed1064062,2021-10-19T02:46:36.000Z,brontok,2,peakmonsters,1,2021-10-20T02:46:36.000Z,DEC,33.201,DEC,33.201,33.201,,,,C1-12-VNXQN3GEC0,12,false,7560,1
13624056,223f311ef6f7e0654da1168946dd937e7c54086e-0,rege1,1,18.000,500,13624056,8c13bb347240d066bbf97d8265a58a3c1610fb00,2021-10-19T02:39:57.000Z,brontok,2,peakmonsters,1,2021-10-20T02:39:57.000Z,DEC,18.000,DEC,18.000,18.000,,,,C3-227-368ZNHWSG0,227,false,400,3
12228002,9959f37dbaf95ef75d2bde110dde4ef076ccc99c-1,teammonsters,1,19.900,500,12228002,d30a39f2866f2988ae651e5f1e609ae46491f870,2021-10-19T01:53:27.000Z,brontok,2,peakmonsters,1,2021-10-20T01:53:27.000Z,DEC,19.900,DEC,19.900,19.900,,,,C3-94-NQEP74GM0W,94,false,8550,3
11943753,a3b805381ee7377413a1b79557518140e8b7defb-0,bariagan,1,30.000,500,11943753,4b2a9e8034606b363aa4f1991f7227cfe685263c,2021-10-19T01:53:18.000Z,brontok,2,peakmonsters,1,2021-10-20T01:53:18.000Z,DEC,30.000,DEC,30.000,30.000,,,,C3-133-5NZC4DOG5C,133,false,8700,3
14082274,acad709e306ab4277301d11c8a2de923467efdae-47,toocurious,1,29.890,500,14082274,4b2a9e8034606b363aa4f1991f7227cfe685263c,2021-10-19T01:53:18.000Z,brontok,2,peakmonsters,1,2021-10-20T01:53:18.000Z,DEC,29.890,DEC,29.890,29.890,,,,C4-161-GR94CDBAQ8,161,false,115,4
10891089,2a5096f5a77b711ba3676072cd5b9a8c620a1212-8,pbj214,1,149.950,500,10891089,d9a2ccd59f51b06dbfbcd5050d05f1adc56885b1,2021-10-19T01:21:57.000Z,brontok,2,peakmonsters,1,2021-10-20T01:21:57.000Z,DEC,149.950,DEC,149.950,149.950,,,,C4-186-JHTOQUIFHC,186,false,46,4
15294640,1cf9fa76f02742171b73dae400ff16d496f29c95-0,taxationtheft,1,120.000,500,15294640,cd6a04af425701c6d8846bc987e3498476d093ce,2021-10-19T01:19:06.000Z,brontok,2,peakmonsters,1,2021-10-20T01:19:06.000Z,DEC,120.000,DEC,120.000,120.000,,,,G4-148-4PY8MQD3PS,148,true,38,4
15446597,fd2b02068fc64a090be6629e3805199354f20e54-5,lucky-cards,1,45.000,500,15446597,6df01d6006a314ad37e6039d02b873c78cdce565,2021-10-19T01:13:51.000Z,brontok,2,peakmonsters,1,2021-10-20T01:13:51.000Z,DEC,45.000,DEC,45.000,45.000,,,,C-MN4I4QXTU8,39,false,8500,0
15213459,08a6f9fe9a632a5964f5704fa97340b3b9fc5ed4-0,d-pend,1,64.890,500,15213459,996b1b8b8334a014b8376b552bfa5006e44e16de,2021-10-19T01:03:15.000Z,brontok,2,peakmonsters,1,2021-10-20T01:03:15.000Z,DEC,64.890,DEC,64.890,64.890,,,,C-ROFPCGEZB4,35,false,7560,0
16603514,e3b3ff2128d4c0330186fd0119d38f5ae50f660a-66,masterthematrix,1,80.950,500,16603514,12dd04139856f823c1a6b3b1633f90b94f6c1929,2021-10-19T01:01:12.000Z,brontok,2,peakmonsters,1,2021-10-20T01:01:12.000Z,DEC,80.950,DEC,80.950,80.950,,,,C4-152-5J9PS6MRN4,152,false,115,4
9403834,b1d90bfae8ea6eb132a4cd6b3ee2ad12a5205158-0,fatjimmy,1,64.000,500,9403834,24ca962fb699b704c90665e9eedf1914c25d1089,2021-10-19T01:00:51.000Z,brontok,2,peakmonsters,1,2021-10-20T01:00:51.000Z,DEC,64.000,DEC,64.000,64.000,,,,C1-38-3RWTUN19KW,38,false,8500,1
9492511,5a6e006a2c82ef608df847f0a13eeef099a0322e-121,steem-eng,1,29.032,500,9492511,561ea37adf2536d70c8f8fca6aaf40d1b92e7db9,2021-10-19T00:56:48.000Z,brontok,2,peakmonsters,1,2021-10-20T00:56:48.000Z,DEC,29.032,DEC,29.032,29.032,,,,C4-196-3DSMKQA35C,196,false,115,4
14754769,12051f0da09fa6c7ef3c2112c9fb62f2ac636b4e-22,danfro,1,29.850,500,14754769,d7b3ae2370fb157da14317ea6ae373ce0562a55e,2021-10-19T00:56:36.000Z,brontok,2,peakmonsters,1,2021-10-20T00:56:36.000Z,DEC,29.850,DEC,29.850,29.850,,,,C1-64-FJ81XASQ3K,64,false,8550,1
10536911,0fb71b0d46b017542eacf28f17561854b69aec1a-46,aatrox,1,39.900,500,10536911,5f433b0eb65aa096e6a6e8831a32f69a07afa6ee,2021-10-19T00:53:00.000Z,brontok,2,peakmonsters,1,2021-10-20T00:53:00.000Z,DEC,39.900,DEC,39.900,39.900,,,,C4-185-Q0XULQZGSW,185,false,115,4
15529143,74375eb01ecfd45427110c6c9f4d7c48ee9be955-0,cannabiscup,1,49.000,500,15529143,be1b8d9ccc20b0d0d260d1ce8fcfd886dda14e1e,2021-10-19T00:51:42.000Z,brontok,2,peakmonsters,1,2021-10-20T00:51:42.000Z,DEC,70.000,DEC,70.000,70.000,,,,G5-272-029HU7EY2O,272,true,38,5
9460919,e61cd667379e948192037866bebb76b8954b6a71-31,smalp,1,37.217,500,9460919,e1cef9196c50e696451369f044e10810d243d01d,2021-10-19T00:50:18.000Z,brontok,2,peakmonsters,1,2021-10-20T00:50:18.000Z,DEC,37.217,DEC,37.217,37.217,,,,C4-201-TQ6CP2CPY8,201,false,11,4
10467397,68cd9957284256eb50be236e770f1702bdbefd9a-32,aatrox,1,88.000,500,10467397,dd2de71c86e68d665aed31a0737be1e515a3aedb,2021-10-19T00:45:30.000Z,brontok,2,peakmonsters,1,2021-10-20T00:45:30.000Z,DEC,88.000,DEC,88.000,88.000,,,,G3-91-CEBOF0MS7K,91,true,7600,3
16302419,94c49cde31c103c0f90efe43bc28dfb8a920ea25-3,erv4mate,1,0.470,500,16302419,387d80fc4d4ccccacaceeccd54feddcece7fd8c3,2021-10-14T20:28:09.000Z,brontok,2,peakmonsters,1,2021-10-15T20:28:09.000Z,DEC,0.470,DEC,0.470,0.470,,,,C3-247-A723F5LPU8,247,false,1,3
9308064,2ee5fc7866f4e25fa14f4a942fbf82eaa15d5ac5-0,smalp,1,199.750,500,9308064,ca10b7f496a46c6a54559fcf1141d481a4b87974,2021-10-14T20:13:33.000Z,brontok,2,splinterlands,1,2021-10-15T20:13:33.000Z,DEC,199.750,DEC,199.750,199.750,,,,C1-109-4QZUNRAKV4,109,false,7500,1
9308069,2ee5fc7866f4e25fa14f4a942fbf82eaa15d5ac5-5,smalp,1,199.900,500,9308069,d018ba933ff112e73b80e93fd18d93962168734e,2021-10-14T20:12:57.000Z,brontok,2,splinterlands,1,2021-10-15T20:12:57.000Z,DEC,199.900,DEC,199.900,199.900,,,,C1-109-LCKN47EN34,109,false,7500,1
10616593,e0f050624314214a7d25c0793561959632ee6f74-14,jeffjagoe,1,14.950,500,10616593,3e814108abc091984a86a71ec54adbe94be7545c,2021-10-14T12:58:45.000Z,brontok,2,peakmonsters,1,2021-10-15T12:58:45.000Z,DEC,14.950,DEC,14.950,14.950,,,,C-KMVQSLLVDS,18,false,300,0
15556869,8434dac66a37f9b87a0bf07b6229c3e02e61c540-0,renterlands,1,11.800,500,15556869,3e814108abc091984a86a71ec54adbe94be7545c,2021-10-14T12:58:45.000Z,brontok,2,peakmonsters,1,2021-10-15T12:58:45.000Z,DEC,11.800,DEC,11.800,11.800,,,,C0-14-7C3NUANWNK,14,false,60,0
15909376,43d825243c8a4252eb9e45b83f2f717bbd0bfc2c-73,moriarty95,1,5.150,500,15909376,016e1ab99ddac04cb9986e14cd0765735fcc8b7a,2021-10-14T12:58:09.000Z,brontok,2,peakmonsters,1,2021-10-15T12:58:09.000Z,DEC,5.150,DEC,5.150,5.150,,,,G4-171-00K4HFNSS0,171,true,1,4
10188511,974c1499b44efdcc4cdba4e3a1cc099c656a04b5-0,bitcoinportugal,1,13.850,500,10188511,88e9674e8835bb60e086aea3f18a65e411c111f4,2021-10-14T12:47:03.000Z,brontok,2,splinterlands,1,2021-10-15T12:47:03.000Z,DEC,13.850,DEC,13.850,13.850,,,,G3-103-SY001NBHOG,103,true,200,3
10989590,3fb55c6910e11ae2ba1f79571314fafd21d43e0d-8,deezrentals,1,7.400,500,10989590,2d4fc34a50eb70e93b08d2becdf34f559b761320,2021-10-14T12:46:18.000Z,brontok,2,splinterlands,1,2021-10-15T12:46:18.000Z,DEC,12.846,DEC,12.846,12.846,,,,C4-293-TYH7TO3034,293,false,1,4
15909973,71e63f5151ec917998112d139967de08280bac54-69,moriarty95,1,49.700,500,15909973,9305a5efe1efa239049f9dbd9cdcc39f8c0e0704,2021-10-14T12:45:51.000Z,brontok,2,splinterlands,1,2021-10-15T12:45:51.000Z,DEC,49.700,DEC,49.700,49.700,,,,G4-178-YMYSHO6ETC,178,true,1,4
11445323,3151da25dd70849ce7a8edc3296995d58ae615b4-22,fighter4-freedom,1,19.000,500,11445323,3ff13b8c923cf5e34ec6299fc551ad46e358111e,2021-10-14T12:45:45.000Z,brontok,2,splinterlands,1,2021-10-15T12:45:45.000Z,DEC,19.000,DEC,19.000,19.000,,,,G3-91-YMGTON65YO,91,true,200,3
15509920,61d048b744ad7c98624ba4c5e0c23b29d7c39906-1,blindinglight,1,9.850,500,15509920,e9c27c587b89ea18e6072e37b6756b588176335b,2021-10-10T10:24:12.000Z,brontok,2,peakmonsters,1,2021-10-11T10:24:12.000Z,DEC,9.850,DEC,9.850,9.850,,,,C4-293-976GM9XMMO,293,false,1,4
10496998,94595508240de4e656a58a589fd54d3bf3a13301-0,cyguy,1,12.450,500,10496998,4174d69e493e020a1ec18f10718fc33b5a663653,2021-10-10T10:23:12.000Z,brontok,2,peakmonsters,1,2021-10-11T10:23:12.000Z,DEC,12.450,DEC,12.450,12.450,,,,G3-103-PO9N60NKZK,103,true,200,3
11584422,f71fbaf9b681778366eccea5deb734133b25ffac-0,bengiles,1,8.500,500,11584422,4174d69e493e020a1ec18f10718fc33b5a663653,2021-10-10T10:23:12.000Z,brontok,2,peakmonsters,1,2021-10-11T10:23:12.000Z,DEC,8.500,DEC,8.500,8.500,,,,G1-12-Y5XOZKSVQO,12,true,200,1