﻿id,sell_trx_id,seller,num_cards,buy_price,fee_percent,market_item_id,rental_tx,rental_date,renter,status,market_account,rental_days,next_rental_payment,payment_currency,payment_amount,escrow_currency,escrow_amount,paid_amount,cancel_tx,cancel_player,cancel_date,card_id,card_detail_id,gold,xp,edition
16617300,84fc11ed164a1070ec842052dd2d29600078b0dc-84,steemitromney,1,39.900,500,16617300,26c5099f9daf2e47bb2affd9f1156688dc94e763,2021-11-02T10:27:39.000Z,nivdort,1,peakmonsters,1,2021-11-03T10:27:39.000Z,DEC,39.900,DEC,39.900,39.900,,,,G0-18-HS1N85GGCW,18,true,500,0
18579523,1e3d5384a68b505d490d623c81d1d2aedccdc030-11,avestan,1,22.000,500,18579523,76d64901da9765c6c450c37bf9bf4a33c647f479,2021-11-02T10:26:45.000Z,nivdort,1,peakmonsters,1,2021-11-03T10:26:45.000Z,DEC,22.000,DEC,22.000,22.000,,,,G-L2Z3HDOLAO,14,true,250,0
18080262,f9ca5c54ea25135c8997e85db82ee1213e8acc96-25,eins1elf,1,4.950,500,18080262,28593972b1fa6ee9d32bab9aafa95422489ae860,2021-11-02T10:26:18.000Z,nivdort,1,peakmonsters,1,2021-11-03T10:26:18.000Z,DEC,4.950,DEC,4.950,4.950,,,,C-VGWJJ7AWOG,12,false,60,0
14514925,9b36fbb7b5fd97fc10f39212e21852493ca654d8-27,americaman,1,5.890,500,14514925,60d00f4ddb94cd999786d9502abd28c1cfc11437,2021-11-02T09:45:27.000Z,nivdort,1,splinterlands,1,2021-11-03T09:45:27.000Z,DEC,5.890,DEC,5.890,5.890,,,,C3-131-5P4XWEA7TC,131,false,0,3
16167771,3c86a274695bd77ffef4c8e832a218f20c76d00c-7,fighter4-freedom,1,10.000,500,16167771,e37982ff554d8791a9522a6ea662455bf2a538e5,2021-11-02T09:45:15.000Z,nivdort,1,splinterlands,1,2021-11-03T09:45:15.000Z,DEC,10.000,DEC,10.000,10.000,,,,C4-293-3TSF3SG1HS,293,false,1,4
14330010,a0412814849aff74bc086e65fe1b8ed3ce9abcce-137,vugtis,1,49.800,500,14330010,f6df2f76f7fbb4a7855aa49d24bb530b8f2b7baa,2021-11-02T09:43:27.000Z,nivdort,1,splinterlands,1,2021-11-03T09:43:27.000Z,DEC,49.800,DEC,49.800,49.800,,,,G4-178-YQLKZDGCGW,178,true,1,4
14873386,e6aaf02846ab0c3cf664ce73a9de0f2c3d41f4a0-108,mountainjewel,1,14.940,500,14873386,ea3377169752231eebec905a22c11211e74d7fb5,2021-11-02T09:43:18.000Z,nivdort,1,splinterlands,1,2021-11-03T09:43:18.000Z,DEC,14.940,DEC,14.940,14.940,,,,G3-91-2YOT91BX2O,91,true,200,3
10188409,2af5698df6f10c10cbe349eb2a568ebb093f2165-0,bitcoinportugal,1,12.990,500,10188409,8e55ee8f330d5c3b2dea038ff6c6be862c9600dc,2021-11-02T09:43:03.000Z,nivdort,1,splinterlands,1,2021-11-03T09:43:03.000Z,DEC,12.990,DEC,12.990,12.990,,,,G3-103-I3J797DKAO,103,true,200,3
16092638,e4d42a7e6ee3b579f6b97e8864c0aef49c080416-14,sroies,1,4.830,500,16092638,4cedb044b6da61fdb39bf586a535fa7fda9248a2,2021-11-02T09:42:48.000Z,nivdort,1,splinterlands,1,2021-11-03T09:42:48.000Z,DEC,4.830,DEC,4.830,4.830,,,,G4-169-F1LG1WHPK0,169,true,1,4
11101550,071bf61ec780bc4308fdde6396db5b906b2225c7-3,lucky-cards,1,4.700,500,11101550,88c8827561c982f4677f3fe539f19df9d2bbb5fb,2021-11-02T09:42:27.000Z,nivdort,1,splinterlands,1,2021-11-03T09:42:27.000Z,DEC,4.700,DEC,4.700,4.700,,,,G1-12-SBVV3ACKSG,12,true,200,1
11120826,9602c50b38f5ed7d315c9517c48d2d42b9a382c2-5,lucky-cards,1,15.000,500,11120826,88ce07fc0ee0511849a85bea24a918536651fade,2021-10-30T07:28:57.000Z,nivdort,2,splinterlands,1,2021-10-31T07:28:57.000Z,DEC,15.000,DEC,15.000,15.000,,,,G4-196-DYEBZAPEYO,196,true,1,4
9306664,baf2439e2edcdcef6b9da8d940ab2592a33e386f-3,smalp,1,77.862,500,9306664,5b68ceb4e306990ef116838e18cd1794a7af352d,2021-10-30T07:26:51.000Z,nivdort,2,splinterlands,1,2021-10-31T07:26:51.000Z,DEC,77.862,DEC,77.862,77.862,,,,C-GIBDQNKUKW,17,false,8500,0
11040959,c33d7ef227f35a74d72e32490bc25db06a3b79a5-68,smalp,1,16.860,500,11040959,7c2de8064884c76e874c88ffae9979d75b878a60,2021-10-30T07:25:30.000Z,nivdort,2,splinterlands,1,2021-10-31T07:25:30.000Z,DEC,16.860,DEC,16.860,16.860,,,,C3-89-VPHBKYLV5S,89,false,0,3
14411862,61de5432f80b54376cc530050b7307e0cf967f63-0,platistoteles,1,0.200,500,14411862,9025e7dc4ad6830511dbfd25c65b722ced12d577,2021-10-25T23:07:12.000Z,nivdort,2,peakmonsters,1,2021-10-26T23:07:12.000Z,DEC,0.200,DEC,0.200,0.200,,,,C4-171-PCAMX379U8,171,false,1,4
17388196,08bb5bb81b95859ca919518b270933b22e0996d0-4,renterlands,1,9.950,500,17388196,e22533cfbde9682cb7049b1b0d5d748b0b941f59,2021-10-25T23:06:51.000Z,nivdort,2,peakmonsters,1,2021-10-26T23:06:51.000Z,DEC,9.950,DEC,9.950,9.950,,,,C0-14-ITZA3VHAN4,14,false,60,0
11117013,d3f3ae854c43c64d50da6804ac6272d1db9fb24b-0,silentsoularts,1,14.947,500,11117013,e22533cfbde9682cb7049b1b0d5d748b0b941f59,2021-10-25T23:06:51.000Z,nivdort,2,peakmonsters,1,2021-10-26T23:06:51.000Z,DEC,14.947,DEC,14.947,14.947,,,,C-8PBRPZZ3CW,18,false,300,0
14863206,b8857f585f221c8510fbaa5f676a7c56248c14ff-122,dharanir,1,6.567,500,14863206,6e040452fb6731e25f6b8a26f20775e98ad5b6e7,2021-10-25T23:06:39.000Z,nivdort,2,peakmonsters,1,2021-10-26T23:06:39.000Z,DEC,6.567,DEC,6.567,6.567,,,,C4-293-47YNOJV5S0,293,false,1,4
17655318,c1aa1ef47dfb457d3d2a205f77115c05d14c3f39-4,aatrox,1,14.750,500,17655318,8bacfd0eb46b95502db3b829ea3966cd053e5fc8,2021-10-25T23:06:27.000Z,nivdort,2,peakmonsters,1,2021-10-26T23:06:27.000Z,DEC,14.750,DEC,14.750,14.750,,,,G-YBVV7LQW7K,12,true,250,0
17657080,20c8bc98493d912a99319a449c1e08d539e29a3b-0,masteroftalents,1,8.000,500,17657080,8bacfd0eb46b95502db3b829ea3966cd053e5fc8,2021-10-25T23:06:27.000Z,nivdort,2,peakmonsters,1,2021-10-26T23:06:27.000Z,DEC,8.000,DEC,8.000,8.000,,,,G4-169-01BSBIC07K,169,true,1,4
15556679,3f21b4c5cefdc54f690fd5c99e2ef5fcf2cc123a-99,masterthematrix,1,11.800,500,15556679,8bacfd0eb46b95502db3b829ea3966cd053e5fc8,2021-10-25T23:06:27.000Z,nivdort,2,peakmonsters,1,2021-10-26T23:06:27.000Z,DEC,11.800,DEC,11.800,11.800,,,,G3-91-04M4L40FSG,91,true,200,3
11179742,4bef4805d53418b5f08d0a1ccde779b85594ce3d-4,blindinglight,1,3.949,500,11179742,475ce63c88eff6f7b15f1428ee597a8e747837d1,2021-10-20T15:30:39.000Z,nivdort,2,peakmonsters,1,2021-10-21T15:30:39.000Z,DEC,6.341,DEC,6.341,6.341,,,,C3-131-8E43D5749S,131,false,0,3
16936753,4330bbe29b2af32fdc8ac8935e39809824b9d8f5-3,bigbluebananas,1,0.833,500,16936753,325a14e2de26ce08177dcc5ca1dcbfadef78b611,2021-10-20T15:29:09.000Z,nivdort,2,peakmonsters,1,2021-10-21T15:29:09.000Z,DEC,0.833,DEC,0.833,0.833,,,,C3-91-WII3WXXVTC,91,false,0,3
11648333,02e65b40663e4014204ef259167ba2d6797106fb-2,teammonsters,1,27.077,500,11648333,0abf6ada3b305fd4245308bcb66b5a7adc6cbddb,2021-10-20T15:28:45.000Z,nivdort,2,peakmonsters,1,2021-10-21T15:28:45.000Z,DEC,27.077,DEC,27.077,27.077,,,,G3-91-IVEK3UNR28,91,true,200,3
15909396,43d825243c8a4252eb9e45b83f2f717bbd0bfc2c-93,moriarty95,1,5.150,500,15909396,2388993e5f4c78d5131ea6cf11361bec1c465aed,2021-10-20T15:28:18.000Z,nivdort,2,peakmonsters,1,2021-10-21T15:28:18.000Z,DEC,5.150,DEC,5.150,5.150,,,,G4-171-QY47GBJB4G,171,true,1,4
11561348,96de4158a715c3c31c0efb13bebdfd6e3e26724f-73,mylibrary,1,12.450,500,11561348,2aca0826b93417d1d0b26a3ba2491a7f55242c6a,2021-10-20T15:27:51.000Z,nivdort,2,peakmonsters,1,2021-10-21T15:27:51.000Z,DEC,12.450,DEC,12.450,12.450,,,,C-N51Z3URGVK,14,false,60,0
10654047,e8ec2f5c894145e6994fcd369289af0eff7e5d74-29,deezrentals,1,7.400,500,10654047,4ff314b1beb62e12aa4f545bbdf1783c7579ee91,2021-10-20T15:26:57.000Z,nivdort,2,peakmonsters,1,2021-10-21T15:26:57.000Z,DEC,9.798,DEC,9.798,9.798,,,,C4-293-O64OP9NQI8,293,false,1,4
16136499,344cb88f6546bb6d6de407be8af8c0d46834834a-20,abh12345,1,4.550,500,16136499,952f29cd50196e71b5ceab4aa1e994a0851d427a,2021-10-20T15:26:42.000Z,nivdort,2,peakmonsters,1,2021-10-21T15:26:42.000Z,DEC,8.150,DEC,8.150,8.150,,,,G4-169-9GR7IOBO34,169,true,1,4
10144837,1bfa9b94f0f20d3ae28c3a33546e51c90a761036-0,bitcoinportugal,1,14.490,500,10144837,952f29cd50196e71b5ceab4aa1e994a0851d427a,2021-10-20T15:26:42.000Z,nivdort,2,peakmonsters,1,2021-10-21T15:26:42.000Z,DEC,14.490,DEC,14.490,14.490,,,,G3-103-DY9AHDKHSG,103,true,200,3
15209904,4d0bee22f219f160a4632a34e2cd3dcbe043f46a-139,corpusland,1,49.750,500,15209904,952f29cd50196e71b5ceab4aa1e994a0851d427a,2021-10-20T15:26:42.000Z,nivdort,2,peakmonsters,1,2021-10-21T15:26:42.000Z,DEC,49.750,DEC,49.750,49.750,,,,G4-178-NVOKSJZ834,178,true,1,4
11042478,f5f71893c1408140e752251ebc4ef8786a692242-1,lucky-cards,1,29.000,500,11042478,952f29cd50196e71b5ceab4aa1e994a0851d427a,2021-10-20T15:26:42.000Z,nivdort,2,peakmonsters,1,2021-10-21T15:26:42.000Z,DEC,29.000,DEC,29.000,29.000,,,,G1-18-EJWJIX0HZK,18,true,400,1
10367504,b0364f1b4d4c5da3d0950e9ebe4a53e51e09ef79-2,aatrox,1,52.836,500,10367504,b43c8c5b2c1f20e08112cfbc7a9bce2498640d71,2021-10-15T10:25:24.000Z,nivdort,2,splinterlands,1,2021-10-16T10:25:24.000Z,DEC,52.836,DEC,52.836,52.836,,,,G-7US3RE32KG,50,true,500,0
14437773,233752e14f47e265d8e7ee413ee17f79c9c3f8d5-22,deezrentals,1,19.440,500,14437773,63ce9b14bc8a11dda230b206afac8334db4f8888,2021-10-13T06:41:48.000Z,nivdort,2,peakmonsters,1,2021-10-14T06:41:48.000Z,DEC,19.440,DEC,19.440,19.440,,,,G3-91-ZD2ISB4G0G,91,true,200,3
15905532,8d2f8dad82b82d44186840c432d117d6be4c7f05-90,moriarty95,1,10.950,500,15905532,97b135fe896782003571bdf123549c22a5f9dfa5,2021-10-13T06:41:24.000Z,nivdort,2,peakmonsters,1,2021-10-14T06:41:24.000Z,DEC,11.940,DEC,11.940,11.940,,,,C4-293-ID67E7ZC34,293,false,1,4
15866144,59c0877e444f56875f4c7258836ebe7c3353552e-11,fighter4-freedom,1,5.500,500,15866144,67cece15e66c432d517c8a3f9b5eda92c450271a,2021-10-13T06:40:24.000Z,nivdort,2,peakmonsters,1,2021-10-14T06:40:24.000Z,DEC,5.500,DEC,5.500,5.500,,,,G4-171-8TLRTFM3PS,171,true,1,4
13567637,c343b4235c1fefea789a1ae4e20b1a00a8bfe48d-0,papigman,1,10.000,500,13567637,67cece15e66c432d517c8a3f9b5eda92c450271a,2021-10-13T06:40:24.000Z,nivdort,2,peakmonsters,1,2021-10-14T06:40:24.000Z,DEC,10.000,DEC,10.000,10.000,,,,G4-169-U1OO0X7W5S,169,true,1,4
10332224,f2b73d821099eea1817899b07e75f221c1489845-4,fighter4-freedom,1,17.000,500,10332224,67cece15e66c432d517c8a3f9b5eda92c450271a,2021-10-13T06:40:24.000Z,nivdort,2,peakmonsters,1,2021-10-14T06:40:24.000Z,DEC,17.000,DEC,17.000,17.000,,,,G1-14-KVD7XXWJIO,14,true,200,1
11392397,382e778ec9a7a63b1b4ec5dc2415216da9b2b97c-0,fighter4-freedom,1,17.000,500,11392397,67cece15e66c432d517c8a3f9b5eda92c450271a,2021-10-13T06:40:24.000Z,nivdort,2,peakmonsters,1,2021-10-14T06:40:24.000Z,DEC,17.000,DEC,17.000,17.000,,,,G-CVMSE4QIAO,12,true,250,0
15885134,40eebf180899e0903f1183605a14fd54ed4651ed-0,codebull,1,11.000,500,15885134,67cece15e66c432d517c8a3f9b5eda92c450271a,2021-10-13T06:40:24.000Z,nivdort,2,peakmonsters,1,2021-10-14T06:40:24.000Z,DEC,11.000,DEC,11.000,11.000,,,,G3-103-1DVUD4RZ34,103,true,200,3
10426915,6a55c4153f173bc398dd96f85fa1589f547d399f-4,cyguy,1,5.950,500,10426915,ff5d4401165273698f6eb3e7bb0af9b3c564ea7a,2021-10-08T17:57:12.000Z,nivdort,2,peakmonsters,1,2021-10-09T17:57:12.000Z,DEC,5.950,DEC,5.950,5.950,,,,G1-12-ZJPUC720OG,12,true,200,1
11683811,1de513affe507125a0136bb9b2feb0e294bb9aaa-62,toocurious,1,11.940,500,11683811,aa4289a57de5890d182c5529935d4341b0aec6df,2021-10-08T17:56:51.000Z,nivdort,2,peakmonsters,1,2021-10-09T17:56:51.000Z,DEC,11.940,DEC,11.940,11.940,,,,G3-91-SFXR13BQ5S,91,true,200,3
9309107,41184f79ef454fd3edea428e3be15320f9cb630c-55,smalp,1,24.386,500,9309107,fd39599c30fd8dc4b06cff0d388811b0ff5babac,2021-10-08T17:56:00.000Z,nivdort,2,peakmonsters,1,2021-10-09T17:56:00.000Z,DEC,24.386,DEC,24.386,24.386,,,,G1-18-HBCRYA83JK,18,true,800,1
12480963,8ad7415e04b4b128c0c6aa002e45f79ac5412444-0,bitcoinportugal,1,11.690,500,12480963,fd39599c30fd8dc4b06cff0d388811b0ff5babac,2021-10-08T17:56:00.000Z,nivdort,2,peakmonsters,1,2021-10-09T17:56:00.000Z,DEC,11.690,DEC,11.690,11.690,,,,G3-103-LYG2OYYPPS,103,true,200,3
11228542,fd4d8c2a162aa82e69f69a3b8cb9eb54f4df1dee-0,splintercards,1,16.000,500,11228542,fd39599c30fd8dc4b06cff0d388811b0ff5babac,2021-10-08T17:56:00.000Z,nivdort,2,peakmonsters,1,2021-10-09T17:56:00.000Z,DEC,16.000,DEC,16.000,16.000,,,,G3-131-V0A6CBUNG0,131,true,400,3
15556711,3f21b4c5cefdc54f690fd5c99e2ef5fcf2cc123a-131,masterthematrix,1,2.306,500,15556711,fd39599c30fd8dc4b06cff0d388811b0ff5babac,2021-10-08T17:56:00.000Z,nivdort,2,peakmonsters,1,2021-10-09T17:56:00.000Z,DEC,2.306,DEC,2.306,2.306,,,,G4-171-OJK6APIB5S,171,true,1,4
14329993,a0412814849aff74bc086e65fe1b8ed3ce9abcce-120,vugtis,1,49.800,500,14329993,fd39599c30fd8dc4b06cff0d388811b0ff5babac,2021-10-08T17:56:00.000Z,nivdort,2,peakmonsters,1,2021-10-09T17:56:00.000Z,DEC,49.800,DEC,49.800,49.800,,,,G4-178-0G79412OSW,178,true,1,4