﻿id,sell_trx_id,seller,num_cards,buy_price,fee_percent,market_item_id,rental_tx,rental_date,renter,status,market_account,rental_days,next_rental_payment,payment_currency,payment_amount,escrow_currency,escrow_amount,paid_amount,cancel_tx,cancel_player,cancel_date,card_id,card_detail_id,gold,xp,edition
17224663,40acc8241c9f279639c6d570a5fae78bfc6c3198-92,renterlands,1,18.800,500,17224663,c40aca6b90b1c00c3e3e06fec79f21f1e5607e69,2021-10-30T09:33:54.000Z,rimecud,2,splinterlands,1,2021-10-31T09:33:54.000Z,DEC,18.800,DEC,18.800,18.800,,,,G4-224-NJ56PR18GW,224,true,1,4
9495000,b17d12793e498c7a29ea97c09c4465c2011ceb54-45,smalp,1,33.124,500,9495000,48040c5ed30ef86c5c4e897d19f765aa8d705550,2021-10-30T09:31:48.000Z,rimecud,2,splinterlands,1,2021-10-31T09:31:48.000Z,DEC,33.124,DEC,33.124,33.124,,,,G3-131-PWKU0DPKWG,131,true,400,3
17168356,9c721b6e541b0b353a51069f213144ea190cf36d-30,slbrf,1,18.000,500,17168356,bda494265a0d6eedb7d51dae5e375293f7413b30,2021-10-30T09:31:03.000Z,rimecud,2,splinterlands,1,2021-10-31T09:31:03.000Z,DEC,18.000,DEC,18.000,18.000,,,,C1-20-G82CBHTLZK,20,false,875,1
15282090,2ab7b4a2bbae4527e940b3601915e1113873e2a4-23,legendarycanary,1,9.178,500,15282090,f31f9496fdd0cfa69349c37bbc26d8b2829dcdb4,2021-10-30T09:30:15.000Z,rimecud,2,splinterlands,1,2021-10-31T09:30:15.000Z,DEC,9.178,DEC,9.178,9.178,,,,G3-284-GG0M98N2O0,284,true,2,3
15767098,40f6d086e3940b661dc9dd5c666b4c1ba306626d-3,lucky-cards,1,45.000,500,15767098,11eba04869239055cfc07d4274ac2158b037f592,2021-10-30T06:26:48.000Z,rimecud,2,splinterlands,1,2021-10-31T06:26:48.000Z,DEC,45.000,DEC,45.000,45.000,,,,C4-153-6RA943LJM8,153,false,22,4
11340010,f32e527d74050aba3379a795510a6e590db1be8b-0,fighter4-freedom,1,24.000,500,11340010,0396107d4781fe67bd2a7f0865714204b5ffc4d0,2021-10-30T06:26:24.000Z,rimecud,2,splinterlands,1,2021-10-31T06:26:24.000Z,DEC,24.000,DEC,24.000,24.000,,,,G1-37-7ZRSCMSQ34,37,true,800,1
11255816,7b17fe764a77f8ec4133bbef7fc12077732b5794-0,foggybottom,1,16.628,500,11255816,b06f6526b55543ca2215faa998286c766d9f8852,2021-10-29T08:29:24.000Z,rimecud,2,peakmonsters,1,2021-10-30T08:29:24.000Z,DEC,16.628,DEC,16.628,16.628,,,,G3-91-O0K54DEDA8,91,true,200,3
10394036,0d0b04661f68069513f0cc9be7f3b9f5ac8eb8bb-0,yarikuzo,1,13.000,500,10394036,606e9e000a937b97fe45b27b5aaf2097f70c10aa,2021-10-29T08:29:12.000Z,rimecud,2,peakmonsters,1,2021-10-30T08:29:12.000Z,DEC,13.000,DEC,13.000,13.000,,,,G3-103-30LZVMP034,103,true,200,3
11217477,bff3e77133d2371e7e76f372f139e7740ec4014e-36,janoshik,1,7.914,500,11217477,4202752747a24fafde17bebae5d38d2efe3a0ef0,2021-10-29T08:28:51.000Z,rimecud,2,peakmonsters,1,2021-10-30T08:28:51.000Z,DEC,7.914,DEC,7.914,7.914,,,,C4-293-DE14H942OW,293,false,1,4
9494982,b17d12793e498c7a29ea97c09c4465c2011ceb54-27,smalp,1,33.124,500,9494982,62a073b4b56267d67a1b11844777a5f922cde958,2021-10-29T08:28:06.000Z,rimecud,2,peakmonsters,1,2021-10-30T08:28:06.000Z,DEC,33.124,DEC,33.124,33.124,,,,G3-131-BSD6HPXIPC,131,true,400,3
17573537,7c9f88cf14a3952f2b3056c8828f6b321e254685-0,kryptomario,1,9.990,500,17573537,690f8190692f44a32265d2d76c6034bf07fc3af0,2021-10-29T08:27:54.000Z,rimecud,2,peakmonsters,1,2021-10-30T08:27:54.000Z,DEC,9.990,DEC,9.990,9.990,,,,C-82THG55IDC,14,false,200,0
17252794,a0f4efaaeef5e01c31681d08da6941ff80e7bed8-23,grosh,1,14.950,500,17252794,690f8190692f44a32265d2d76c6034bf07fc3af0,2021-10-29T08:27:54.000Z,rimecud,2,peakmonsters,1,2021-10-30T08:27:54.000Z,DEC,14.950,DEC,14.950,14.950,,,,C-RAU5IW86XC,18,false,300,0
17231389,02ec7b64325823f935bec97c4baf0d34e135a133-81,enminers-vault,1,9.799,500,17231389,690f8190692f44a32265d2d76c6034bf07fc3af0,2021-10-29T08:27:54.000Z,rimecud,2,peakmonsters,1,2021-10-30T08:27:54.000Z,DEC,9.799,DEC,9.799,9.799,,,,C-0T6SG55ZXC,12,false,60,0
12136119,8d05e470cb7a0bfbc5a400268b936b5183f14cfa-86,clove71,1,16.578,500,12136119,2cc4534a0e7ed06fc334e08303bf8f3ef3e5d211,2021-10-24T02:23:45.000Z,rimecud,2,peakmonsters,1,2021-10-25T02:23:45.000Z,DEC,16.578,DEC,16.578,16.578,,,,G3-91-5GQWQPLLG0,91,true,200,3
11253599,d23467bbb7f37c6d9cde7ff35ee3badc14049323-6,grosh,1,23.500,500,11253599,ea1d268906b1a8116f667dec9dceb1542a83db2b,2021-10-24T02:23:36.000Z,rimecud,2,peakmonsters,1,2021-10-25T02:23:36.000Z,DEC,23.500,DEC,23.500,23.500,,,,C-IXB6GJMNHS,18,false,400,0
10160429,7ad15255faf973c95094dbba90741e3f2791ee4b-5,apprentice001,1,7.964,500,10160429,72a6548d9ae816e863b5f8e25b0760e446bd55e0,2021-10-24T02:22:57.000Z,rimecud,2,peakmonsters,1,2021-10-25T02:22:57.000Z,DEC,7.964,DEC,7.964,7.964,,,,C4-293-9ZVPEOHWMO,293,false,1,4
17437794,c85bf254c0b846df92b81eba3dc18aa1eee6379b-19,taraki,1,3.848,500,17437794,9d7814bee99717080fca3c936e14c72cdb8ea25a,2021-10-24T02:22:48.000Z,rimecud,2,peakmonsters,1,2021-10-25T02:22:48.000Z,DEC,3.848,DEC,3.848,3.848,,,,C3-131-HGZ8R7X0GW,131,false,0,3
17321762,78d8c9fce3adcd31c951d5fd87c528486e109d0a-1,didyourmom,1,7.844,500,17321762,c40ebbe91d431142170fa5422890d7448967b312,2021-10-24T02:22:39.000Z,rimecud,2,peakmonsters,1,2021-10-25T02:22:39.000Z,DEC,7.844,DEC,7.844,7.844,,,,G4-169-ZGN241TD5S,169,true,1,4
13839361,70b0655be9a564dd3886c9f19bb6c1edfa0e04f1-0,dksart,1,9.890,500,13839361,c40ebbe91d431142170fa5422890d7448967b312,2021-10-24T02:22:39.000Z,rimecud,2,peakmonsters,1,2021-10-25T02:22:39.000Z,DEC,9.890,DEC,9.890,9.890,,,,G3-103-MO03PHG500,103,true,200,3
15417710,0d83d3aabcb95e7ae9c714e03e26425571d8a0ee-38,legendarycanary,1,2.950,500,15417710,c40ebbe91d431142170fa5422890d7448967b312,2021-10-24T02:22:39.000Z,rimecud,2,peakmonsters,1,2021-10-25T02:22:39.000Z,DEC,2.950,DEC,2.950,2.950,,,,G4-171-A4BDWPWI8G,171,true,1,4
13964089,8f74b6ee3cb432b15d5de61b9af8bcb0e409253b-34,jarvie,1,24.900,500,13964089,70284f9fe38dfef19f19bdd3f64544b1d5677773,2021-10-17T22:48:39.000Z,rimecud,2,peakmonsters,1,2021-10-18T22:48:39.000Z,DEC,24.900,DEC,24.900,24.900,,,,G3-131-A7LVLQ8S68,131,true,400,3
15930299,c1bcb67ec7484d2dd5c2e7951c0d41dacbf0962d-0,alphacentauero,1,4.550,500,15930299,7f5aa419a94b77806e974758a3d026f394a19153,2021-10-17T22:38:54.000Z,rimecud,2,peakmonsters,1,2021-10-18T22:38:54.000Z,DEC,4.550,DEC,4.550,4.550,,,,G4-171-YEDSS8KTBK,171,true,1,4
15500994,992a6aef5e0054e5fe86baa398f127cd9fa13595-23,lucky-cards,1,15.000,500,15500994,7f5aa419a94b77806e974758a3d026f394a19153,2021-10-17T22:38:54.000Z,rimecud,2,peakmonsters,1,2021-10-18T22:38:54.000Z,DEC,15.000,DEC,15.000,15.000,,,,G1-14-YM9ZJBV3TC,14,true,200,1
16203524,884c8001c544bcae75ec4781d0d62014094ad8aa-10,niallon11,1,4.140,500,16203524,7f5aa419a94b77806e974758a3d026f394a19153,2021-10-17T22:38:54.000Z,rimecud,2,peakmonsters,1,2021-10-18T22:38:54.000Z,DEC,4.140,DEC,4.140,4.140,,,,G1-12-PXTW9I11FK,12,true,200,1
15864582,d11a8fa5e25ecf24d3bc46b5cd7dccc5dfa80973-0,fighter4-freedom,1,22.000,500,15864582,c77e8d7833ce202584462f22200b9d885475f796,2021-10-12T11:40:54.000Z,rimecud,2,peakmonsters,1,2021-10-13T11:40:54.000Z,DEC,22.000,DEC,22.000,22.000,,,,G3-91-CLIVW7R35C,91,true,200,3
11424562,d8c835974efee4a4fb88ad6fa8fd30af6e276ddf-0,d-pend,1,18.980,500,11424562,c77e8d7833ce202584462f22200b9d885475f796,2021-10-12T11:40:54.000Z,rimecud,2,peakmonsters,1,2021-10-13T11:40:54.000Z,DEC,18.980,DEC,18.980,18.980,,,,G1-14-VVO8JZ19AO,14,true,200,1
14330003,a0412814849aff74bc086e65fe1b8ed3ce9abcce-130,vugtis,1,49.800,500,14330003,775d8bb8a1a0ec9b64d674ed8b789e01cf552f4e,2021-10-06T16:12:57.000Z,rimecud,2,peakmonsters,1,2021-10-07T16:12:57.000Z,DEC,49.800,DEC,49.800,49.800,,,,G4-178-F0H1YCMNZ4,178,true,1,4
10332223,f2b73d821099eea1817899b07e75f221c1489845-3,fighter4-freedom,1,17.000,500,10332223,f06b1859001a6c75cce42d46e9af17ca388c36c7,2021-10-06T16:12:42.000Z,rimecud,2,peakmonsters,1,2021-10-07T16:12:42.000Z,DEC,17.000,DEC,17.000,17.000,,,,G1-14-I6XIK909NK,14,true,200,1
12531891,7d4b9d26aa9bd53c1bb7b7c97e3788a5988da7ad-0,bitcoinportugal,1,11.800,500,12531891,cf6ba0476c40b939b84cefdef1a00b3427fe39d0,2021-10-06T16:12:33.000Z,rimecud,2,peakmonsters,1,2021-10-07T16:12:33.000Z,DEC,11.800,DEC,11.800,11.800,,,,G3-103-F53KKC9HAO,103,true,200,3
11053974,d9170590bad26ee679ebc09e4f173d7350ea720a-5,lucky-cards,1,25.000,500,11053974,bd2211b31ace7ea6564aa876db5e88f296b25e42,2021-10-06T16:12:24.000Z,rimecud,2,peakmonsters,1,2021-10-07T16:12:24.000Z,DEC,25.000,DEC,25.000,25.000,,,,G1-18-TV7KHLYC5C,18,true,400,1
11204665,42395291f0caca2e1eadae5994385a0fc8f065cf-84,smalp,1,2.450,500,11204665,e0b757a716be36cf70e8e1480278a0805a4f1a17,2021-10-06T16:12:12.000Z,rimecud,2,peakmonsters,1,2021-10-07T16:12:12.000Z,DEC,2.450,DEC,2.450,2.450,,,,G4-171-Y4BLGZ9M1C,171,true,1,4
10410926,34df68ffcbbf34f4397cd5e4697eb8393cf61758-4,cyguy,1,4.799,500,10410926,e0b757a716be36cf70e8e1480278a0805a4f1a17,2021-10-06T16:12:12.000Z,rimecud,2,peakmonsters,1,2021-10-07T16:12:12.000Z,DEC,4.799,DEC,4.799,4.799,,,,G1-12-WLMTQGKB4W,12,true,200,1
11683802,1de513affe507125a0136bb9b2feb0e294bb9aaa-53,toocurious,1,11.940,500,11683802,b8f90ac23b7354ca5f59372e2be5b1e7cb1a9870,2021-10-06T16:10:54.000Z,rimecud,2,peakmonsters,1,2021-10-07T16:10:54.000Z,DEC,11.940,DEC,11.940,11.940,,,,G3-91-2V3N7RC4DC,91,true,200,3
11200020,9cb3a380dda765939f34bcfc215979d52fe44b93-3,rareraptor,1,6.440,500,11200020,bf2d108c59ded2e57baa6394887eb11a28e53367,2021-10-06T16:10:27.000Z,rimecud,2,peakmonsters,1,2021-10-07T16:10:27.000Z,DEC,6.440,DEC,6.440,6.440,,,,C4-293-0JSV09UI74,293,false,1,4