﻿id,sell_trx_id,seller,num_cards,buy_price,fee_percent,market_item_id,rental_tx,rental_date,renter,status,market_account,rental_days,next_rental_payment,payment_currency,payment_amount,escrow_currency,escrow_amount,paid_amount,cancel_tx,cancel_player,cancel_date,card_id,card_detail_id,gold,xp,edition
15337091,b41ec5d3765e95cbb33e1c10dc66ee4e800aa9aa-0,renterlands,1,12.400,500,15337091,51c25d30373c426778b8630acd3a8f48a724f4f8,2021-11-01T13:48:51.000Z,bedep,2,peakmonsters,1,2021-11-02T13:48:51.000Z,DEC,12.400,DEC,12.400,12.400,,,,C0-14-0WE58SB8GW,14,false,60,0
17470102,1701e8066b7a4a1501fcf3230a31649fa6d77af2-5,imperij4427,1,6.000,500,17470102,de06a1dcc3d229b2642900f8de9162ee287f2752,2021-11-01T13:48:33.000Z,bedep,2,peakmonsters,1,2021-11-02T13:48:33.000Z,DEC,6.000,DEC,6.000,6.000,,,,G4-169-WK48YLS31S,169,true,1,4
12262606,b681012a7db289d49012d59694be4bb6c09e851d-47,battlemaster,1,3.182,500,12262606,22d832eb096f1a82455fd81d687af3f5a8a7f3ab,2021-11-01T13:48:00.000Z,bedep,2,peakmonsters,1,2021-11-02T13:48:00.000Z,DEC,3.182,DEC,3.182,3.182,,,,C3-131-UNYIT4K4HS,131,false,0,3
10203965,d3bbe743b372cf3782f1ac00ad4f2967cdf6cc8c-5,goldninja,1,2.950,500,10203965,c39c8acf490b31506fe73cc13b074c0ec61b1119,2021-11-01T13:47:36.000Z,bedep,2,peakmonsters,1,2021-11-02T13:47:36.000Z,DEC,2.950,DEC,2.950,2.950,,,,C3-103-3M8VY0NSJK,103,false,60,3
11696855,1de7089065c7b1bdfed07bc41f2206697c1895c1-0,drakotek,1,89.900,500,11696855,6cf6ca7b002d92b9bed2edffd506d9f09bc18624,2021-11-01T13:46:36.000Z,bedep,2,peakmonsters,1,2021-11-02T13:46:36.000Z,DEC,89.900,DEC,89.900,89.900,,,,G4-178-O5YF9B0HGG,178,true,1,4
17252793,a0f4efaaeef5e01c31681d08da6941ff80e7bed8-22,grosh,1,14.950,500,17252793,7c2c462ad5e8ef4060daf30695785d32993f0f4a,2021-11-01T13:43:06.000Z,bedep,2,peakmonsters,1,2021-11-02T13:43:06.000Z,DEC,14.950,DEC,14.950,14.950,,,,C-FRCQC62BZ4,18,false,300,0
9836699,1df23763553d8c895b9e2a64ceec813e2b1e2093-11,fighter4-freedom,1,18.000,500,9836699,1ecd5ea4e9738b9b901713b339d32054df17109c,2021-11-01T13:42:30.000Z,bedep,2,peakmonsters,1,2021-11-02T13:42:30.000Z,DEC,18.000,DEC,18.000,18.000,,,,G3-91-G2J5TET90G,91,true,200,3
18373778,0a2d606fbd5aa9f358df247326fe4ac3b2070ba7-0,dymaster,1,9.880,500,18373778,41bd3546d66f078868eff3193b7136714590120b,2021-11-01T13:41:57.000Z,bedep,2,peakmonsters,1,2021-11-02T13:41:57.000Z,DEC,9.880,DEC,9.880,9.880,,,,G0-12-RI21ZETCDS,12,true,250,0
9494964,b17d12793e498c7a29ea97c09c4465c2011ceb54-9,smalp,1,33.124,500,9494964,c5298c7564e27f3d18ed29e377ef2f0e213a21a8,2021-10-30T09:01:42.000Z,bedep,2,splinterlands,1,2021-10-31T09:01:42.000Z,DEC,33.124,DEC,33.124,33.124,,,,G3-131-5C08L6V8KG,131,true,400,3
17167390,559712cbb1b061cd1509d6219e505a3ddebd759c-82,slbrf,1,72.450,500,17167390,37fd2ab999d85d649b7d5236490ab09898a1558c,2021-10-30T08:59:30.000Z,bedep,2,splinterlands,1,2021-10-31T08:59:30.000Z,DEC,72.450,DEC,72.450,72.450,,,,C1-8-IPIR41K5KG,8,false,8550,1
11392404,14a471130d4a8770b9d930e1c20e2c9640a9515d-1,fighter4-freedom,1,42.000,500,11392404,2a6245018dfceeaa98dea6cbfbc72aa795ce1da7,2021-10-30T02:08:57.000Z,bedep,2,splinterlands,1,2021-10-31T02:08:57.000Z,DEC,42.000,DEC,42.000,42.000,,,,G-ZXUOJZK58G,14,true,250,0
15862281,7a7908f054495bd628fa7afab2fbdb5a25b08388-0,fighter4-freedom,1,35.000,500,15862281,df037e52fec81038e31baaeaa92c07df7b5a2aab,2021-10-30T02:08:03.000Z,bedep,2,splinterlands,1,2021-10-31T02:08:03.000Z,DEC,35.000,DEC,35.000,35.000,,,,G1-13-JZAQ0ACRC0,13,true,800,1
10342867,f14df09630a22d840c27d92ee343e4f0deec5e7b-1,fighter4-freedom,1,30.000,500,10342867,c00881961a4369179e950b4326638862f9845984,2021-10-30T02:05:51.000Z,bedep,2,splinterlands,1,2021-10-31T02:05:51.000Z,DEC,30.000,DEC,30.000,30.000,,,,G-UP5S09NYY8,4,true,250,0
11442556,1ad5c4fae1c15977c0e611f0ac09392414473062-2,fighter4-freedom,1,30.000,500,11442556,b02e5f54f9afacef11606b833b77de5fd0b18db1,2021-10-30T02:05:27.000Z,bedep,2,splinterlands,1,2021-10-31T02:05:27.000Z,DEC,30.000,DEC,30.000,30.000,,,,G-86Y2YH01FK,4,true,250,0
17179166,9c7b84252388eb0a59e85a9b6e020b8628476a3d-6,renterlands,1,4.950,500,17179166,0a5f6054afea899a95dafcba72ff8834e40e4079,2021-10-26T23:15:45.000Z,bedep,2,peakmonsters,1,2021-10-27T23:15:45.000Z,DEC,4.950,DEC,4.950,4.950,,,,C-JG3GXYOTA8,12,false,60,0
15556683,3f21b4c5cefdc54f690fd5c99e2ef5fcf2cc123a-103,masterthematrix,1,11.800,500,15556683,41d62a724561eb50bc794facec2d7254e7507f59,2021-10-26T23:15:15.000Z,bedep,2,peakmonsters,1,2021-10-27T23:15:15.000Z,DEC,11.800,DEC,11.800,11.800,,,,G3-91-9P8WS7JU68,91,true,200,3
12606599,b9078dfabaa1dc5d2d366f4d6a5b58d64376d015-0,hatoto,1,24.838,500,12606599,c7120afa54e77b0c0297fce492834c3310f2b80e,2021-10-26T23:15:09.000Z,bedep,2,peakmonsters,1,2021-10-27T23:15:09.000Z,DEC,24.838,DEC,24.838,24.838,,,,G3-131-GOHLRLLZ1S,131,true,400,3
12663382,b65d3c888b4df0f70c41e18ac4e63a490c051211-0,imno,1,6.648,500,12663382,42e58504ac8dbc8432647ecc73c2bec74e62cbf9,2021-10-26T23:14:30.000Z,bedep,2,peakmonsters,1,2021-10-27T23:14:30.000Z,DEC,6.648,DEC,6.648,6.648,,,,C0-18-U3QZ6YC0WW,18,false,100,0
10632678,e7dfc87f1830f962d5a21e3550aace79313d6065-0,jeremycrow,1,13.000,500,10632678,439005559ae261d760a0c95ad9abff21635fc8e5,2021-10-26T23:14:24.000Z,bedep,2,peakmonsters,1,2021-10-27T23:14:24.000Z,DEC,13.000,DEC,13.000,13.000,,,,G3-103-64QC3TPODS,103,true,400,3
11039209,58c34dd01b7487e4a2d10a0f54468ab9ee4e98ec-0,digital-fortress,1,12.943,500,11039209,439005559ae261d760a0c95ad9abff21635fc8e5,2021-10-26T23:14:24.000Z,bedep,2,peakmonsters,1,2021-10-27T23:14:24.000Z,DEC,12.943,DEC,12.943,12.943,,,,G1-14-KCU3V0MMJ4,14,true,200,1
17058142,5859a42f4eed8ee00b16d3ddb5c1399d04cda8ce-29,ty2nicerva,1,0.980,500,17058142,439005559ae261d760a0c95ad9abff21635fc8e5,2021-10-26T23:14:24.000Z,bedep,2,peakmonsters,1,2021-10-27T23:14:24.000Z,DEC,8.050,DEC,8.050,8.050,,,,G4-169-IUM9ORPXCG,169,true,1,4
16305652,9b51df51b55e6d1d56c517f7d8348da63f5f5256-0,trifenix,1,38.950,500,16305652,a66744f5e05e20395a140aa1e939eb7cfb7aceb1,2021-10-21T13:48:03.000Z,bedep,2,peakmonsters,1,2021-10-22T13:48:03.000Z,DEC,49.650,DEC,49.650,49.650,,,,G4-178-Y0MC30FHN4,178,true,1,4
10539966,92aca323788f71696deceb241dfb4c2c5aca6a75-0,czechglobalhosts,1,3.000,500,10539966,4bbc1d7cdbd70431eb3f0810fe469df81c0a417c,2021-10-21T13:47:21.000Z,bedep,2,peakmonsters,1,2021-10-22T13:47:21.000Z,DEC,3.000,DEC,3.000,3.000,,,,C-KA1R2M5VNK,18,false,0,0
16221202,8822d4cdd498077619bb82baaa24126eafcfdb23-4,imno,1,8.790,500,16221202,be1fbf5cf0d041f395d7282506ee61f4f1b67566,2021-10-21T13:47:03.000Z,bedep,2,peakmonsters,1,2021-10-22T13:47:03.000Z,DEC,9.000,DEC,9.000,9.000,,,,C4-293-K0S1XPZ44W,293,false,1,4
16926771,210aebc80a5dd59c2e6f62313cded7c1099590f2-14,alphachicken,1,3.847,500,16926771,be1fbf5cf0d041f395d7282506ee61f4f1b67566,2021-10-21T13:47:03.000Z,bedep,2,peakmonsters,1,2021-10-22T13:47:03.000Z,DEC,5.739,DEC,5.739,5.739,,,,C3-131-ZX78YOEPY8,131,false,0,3
11463487,94093b3840f8a3a69175875405152486177ebee9-2,monstergames,1,8.182,500,11463487,80d5281e908fc2598de9894b052ef6180b0780be,2021-10-21T13:46:39.000Z,bedep,2,peakmonsters,1,2021-10-22T13:46:39.000Z,DEC,8.182,DEC,8.182,8.182,,,,G1-12-DFFBFZP52O,12,true,200,1
15495527,5fc11f7f9425f80ef45febcdc88610f7394f60c4-0,mulletwang,1,18.000,500,15495527,80d5281e908fc2598de9894b052ef6180b0780be,2021-10-21T13:46:39.000Z,bedep,2,peakmonsters,1,2021-10-22T13:46:39.000Z,DEC,18.000,DEC,18.000,18.000,,,,G1-14-H9PDFPNG74,14,true,200,1
9880753,8a3f6e755d3d7fe0ad2f425d4d9a0f938b5710e2-0,kstop1,1,7.095,500,9880753,80d5281e908fc2598de9894b052ef6180b0780be,2021-10-21T13:46:39.000Z,bedep,2,peakmonsters,1,2021-10-22T13:46:39.000Z,DEC,7.095,DEC,7.095,7.095,,,,G3-91-RA3CB0RF8W,91,true,200,3
14574634,7fdba3f5512e336dea935e8453166f78cc7a9b3d-0,ora-et-labora,1,9.450,500,14574634,80d5281e908fc2598de9894b052ef6180b0780be,2021-10-21T13:46:39.000Z,bedep,2,peakmonsters,1,2021-10-22T13:46:39.000Z,DEC,9.450,DEC,9.450,9.450,,,,G3-103-1LIFTE0D34,103,true,200,3
17162004,944a1ff205350c5051b202bab264093dfb769d54-0,channelmagnetic,1,8.000,500,17162004,80d5281e908fc2598de9894b052ef6180b0780be,2021-10-21T13:46:39.000Z,bedep,2,peakmonsters,1,2021-10-22T13:46:39.000Z,DEC,8.000,DEC,8.000,8.000,,,,G4-169-W0KHZKKKCW,169,true,1,4
9308143,b57adb0460f786acc7234a50b3a9d880e2a24e6d-40,smalp,1,179.850,500,9308143,2511eb254ff3cc2b4ff983698e0d13d8ff14d957,2021-10-14T20:16:21.000Z,bedep,2,splinterlands,1,2021-10-15T20:16:21.000Z,DEC,179.850,DEC,179.850,179.850,,,,C1-113-I1TRY0P1WW,113,false,7500,1
11193031,cae0172cbfa8fc6beb2aa41519199a1cdf0b9aa0-0,r0nd0n,1,4.900,500,11193031,8c03e620f13eef38253b801f54fd699844598867,2021-10-14T12:18:12.000Z,bedep,2,splinterlands,1,2021-10-15T12:18:12.000Z,DEC,4.900,DEC,4.900,4.900,,,,C-29S9O9FW00,12,false,160,0
11245034,40bf843789894a78778c39ec81de4e6230fe1a35-0,bitcoinportugal,1,19.900,500,11245034,0cb544edd60d9c3153bcc033ee78d8e734bbced8,2021-10-14T12:17:33.000Z,bedep,2,splinterlands,1,2021-10-15T12:17:33.000Z,DEC,19.900,DEC,19.900,19.900,,,,G3-91-87A7MNA3SW,91,true,200,3
10332220,f2b73d821099eea1817899b07e75f221c1489845-0,fighter4-freedom,1,18.000,500,10332220,33b3aa5ae31e3349ed1f111398044ad596d5e847,2021-10-14T12:17:27.000Z,bedep,2,splinterlands,1,2021-10-15T12:17:27.000Z,DEC,18.000,DEC,18.000,18.000,,,,G1-14-EVSEXJV9R4,14,true,200,1
15777837,9ff0e8198cb3b54e47748e39ca2474408d8bb680-0,codebull,1,6.000,500,15777837,613f29768e41c00f96fa8550ea0285dca2d87a21,2021-10-14T12:16:42.000Z,bedep,2,splinterlands,1,2021-10-15T12:16:42.000Z,DEC,6.000,DEC,6.000,6.000,,,,G4-171-A64DLTG3MO,171,true,1,4
14330010,a0412814849aff74bc086e65fe1b8ed3ce9abcce-137,vugtis,1,49.800,500,14330010,5052e13468a74bb648afc2ad8f00764321a16f58,2021-10-14T12:14:33.000Z,bedep,2,splinterlands,1,2021-10-15T12:14:33.000Z,DEC,49.800,DEC,49.800,49.800,,,,G4-178-YQLKZDGCGW,178,true,1,4
10644314,8ad0c9dddd6c191df42b68b8554d4e8d4b304b2c-6,fighter4-freedom,1,19.000,500,10644314,78c6bcc01bd56dd288b77129336413bbe52c311c,2021-10-14T12:14:27.000Z,bedep,2,splinterlands,1,2021-10-15T12:14:27.000Z,DEC,19.000,DEC,19.000,19.000,,,,G3-91-ET56WZHIXS,91,true,200,3
10332226,f2b73d821099eea1817899b07e75f221c1489845-6,fighter4-freedom,1,18.000,500,10332226,c3b4031837ebcca829824e27e4daa85251dcfdb7,2021-10-14T12:14:21.000Z,bedep,2,splinterlands,1,2021-10-15T12:14:21.000Z,DEC,18.000,DEC,18.000,18.000,,,,G1-14-QP98798TFK,14,true,200,1
12216226,ceed98f3bacf5e271b4c2eac668c94d275108b53-0,bitcoinportugal,1,12.440,500,12216226,17b537d32ef9a978fcf0b934dbb1d229b99eaf91,2021-10-14T12:13:51.000Z,bedep,2,splinterlands,1,2021-10-15T12:13:51.000Z,DEC,12.440,DEC,12.440,12.440,,,,G3-103-YQ5RCYCDJ4,103,true,200,3
15866091,7c9f9025de291db24b404ba55eb6bfe85703094d-13,fighter4-freedom,1,8.000,500,15866091,98c8ad5bcf40ffec913b41a24c71e77536d077e6,2021-10-14T12:13:36.000Z,bedep,2,splinterlands,1,2021-10-15T12:13:36.000Z,DEC,8.000,DEC,8.000,8.000,,,,G4-169-FZ595FTS8G,169,true,1,4
14330010,a0412814849aff74bc086e65fe1b8ed3ce9abcce-137,vugtis,1,49.800,500,14330010,2e19c17e8b4d4645b1076b0e1e6cbd24117c7261,2021-10-10T23:30:03.000Z,bedep,2,peakmonsters,1,2021-10-11T23:30:03.000Z,DEC,49.800,DEC,49.800,49.800,,,,G4-178-YQLKZDGCGW,178,true,1,4
15573449,94c4f1b9e7db6ed76b4814108c84d55bcc7e61b1-6,lucky-cards,1,12.700,500,15573449,2e19c17e8b4d4645b1076b0e1e6cbd24117c7261,2021-10-10T23:30:03.000Z,bedep,2,peakmonsters,1,2021-10-11T23:30:03.000Z,DEC,12.700,DEC,12.700,12.700,,,,G3-91-ZGKU8NSCBK,91,true,200,3
11152412,b5637085e6a2de1c6eed38575c31a40c08f1b2ae-0,cryptoriddler,1,13.830,500,11152412,2e19c17e8b4d4645b1076b0e1e6cbd24117c7261,2021-10-10T23:30:03.000Z,bedep,2,peakmonsters,1,2021-10-11T23:30:03.000Z,DEC,13.830,DEC,13.830,13.830,,,,G3-103-VWIWP9OI1C,103,true,200,3
12232366,ccb62b0fc609fb4de05ec3821e152c021751cb05-11,rce,1,15.650,500,12232366,2e19c17e8b4d4645b1076b0e1e6cbd24117c7261,2021-10-10T23:30:03.000Z,bedep,2,peakmonsters,1,2021-10-11T23:30:03.000Z,DEC,15.650,DEC,15.650,15.650,,,,G1-14-NZED70PQLC,14,true,200,1
15777828,4615a771b9348c68d31febf54f4728e034c5d36c-0,codebull,1,6.000,500,15777828,2e19c17e8b4d4645b1076b0e1e6cbd24117c7261,2021-10-10T23:30:03.000Z,bedep,2,peakmonsters,1,2021-10-11T23:30:03.000Z,DEC,6.000,DEC,6.000,6.000,,,,G4-171-6YET6R2S00,171,true,1,4
11548100,43f06651e8729a636ea680b34a10d2843ea843b2-4,davemccoy,1,7.217,500,11548100,2e19c17e8b4d4645b1076b0e1e6cbd24117c7261,2021-10-10T23:30:03.000Z,bedep,2,peakmonsters,1,2021-10-11T23:30:03.000Z,DEC,7.217,DEC,7.217,7.217,,,,G1-12-O69W2J4B74,12,true,200,1
11312695,73eed3fccc569a016d9f0e10618476a33c2bd535-1,goldninja,1,24.950,500,11312695,2e19c17e8b4d4645b1076b0e1e6cbd24117c7261,2021-10-10T23:30:03.000Z,bedep,2,peakmonsters,1,2021-10-11T23:30:03.000Z,DEC,24.950,DEC,24.950,24.950,,,,G3-131-W8LIY8T48G,131,true,400,3
11260104,b4387c8d8f59726df186888fa2a34b828c31e13f-0,d-pend,1,18.990,500,11260104,6c45c8d79cc0b044fd5007da7249d54ad380101c,2021-10-06T10:55:09.000Z,bedep,2,peakmonsters,1,2021-10-07T10:55:09.000Z,DEC,18.990,DEC,18.990,18.990,,,,G1-14-13ALP720OG,14,true,200,1
10030507,8a67915d6cb623fb5632645e2028f288b93a7b4a-1,mulletwang,1,11.000,500,10030507,ac1dc7a911bb51b428344b7bac8c11e2494262d2,2021-10-06T10:54:57.000Z,bedep,2,peakmonsters,1,2021-10-07T10:54:57.000Z,DEC,11.000,DEC,11.000,11.000,,,,G3-103-YPUZTLNOZ4,103,true,200,3
10443966,eec419a5eb0e50070c74dfa6382a0c860df13920-0,cyguy,1,4.748,500,10443966,5aa75df6fc8e3f4579bd39b7694b4e996adf4869,2021-10-06T10:54:48.000Z,bedep,2,peakmonsters,1,2021-10-07T10:54:48.000Z,DEC,4.748,DEC,4.748,4.748,,,,G1-12-ARVTREA6KG,12,true,200,1