﻿id,sell_trx_id,seller,num_cards,buy_price,fee_percent,market_item_id,rental_tx,rental_date,renter,status,market_account,rental_days,next_rental_payment,payment_currency,payment_amount,escrow_currency,escrow_amount,paid_amount,cancel_tx,cancel_player,cancel_date,card_id,card_detail_id,gold,xp,edition
15452082,2ecdedbcf1e913c0581cb61abfea6ac7cbeae865-3,lucky-cards,1,110.000,500,15452082,65314a9f42f95445c2a7db43776160a7fb979bbb,2021-10-30T07:57:27.000Z,boleto,2,splinterlands,1,2021-10-31T07:57:27.000Z,DEC,110.000,DEC,110.000,110.000,,,,G1-71-GNBA04RZ4W,71,true,800,1
15452644,0c15c00b9025f1a5d742fc139c0689ff2bc24c3c-3,lucky-cards,1,29.000,500,15452644,040da16504b67529630dee98bb41207e308949d7,2021-10-30T07:56:06.000Z,boleto,2,splinterlands,1,2021-10-31T07:56:06.000Z,DEC,29.000,DEC,29.000,29.000,,,,G1-27-6XNCPV1E5S,27,true,400,1
11507618,9d04c78ef8898bad959f4de2278e4925d3a44a87-27,forealife,1,0.100,500,11507618,0d3dca3fd2e5716a739455083769ad3ef61a341e,2021-10-28T06:49:42.000Z,boleto,2,peakmonsters,1,2021-10-29T06:49:42.000Z,DEC,0.100,DEC,0.100,0.100,,,,C4-171-F93NTLEX4G,171,false,1,4
17896649,6927adbce51e5666e4202e46e5ba120c399b604c-1,beescards,1,13.965,500,17896649,ef5a8088afa0c5b74db5fc866cd08b1f16f003b5,2021-10-28T06:49:27.000Z,boleto,2,peakmonsters,1,2021-10-29T06:49:27.000Z,DEC,13.965,DEC,13.965,13.965,,,,G1-12-ZFNAYFI480,12,true,200,1
10246872,715edc400aa4aa2f4950aedd18954ff1f3ae36f8-0,cryptocopy,1,7.500,500,10246872,8e61391ba441d183aee2f55f2049d765ad84050c,2021-10-28T06:48:57.000Z,boleto,2,peakmonsters,1,2021-10-29T06:48:57.000Z,DEC,7.500,DEC,7.500,7.500,,,,C-EC4AVU9YCG,18,false,100,0
17009264,271b17ca888df27474d76c14ec553090fc823f43-5,dec-bazaar,1,4.500,500,17009264,6682fcf8133ca5288091673132bc94b6f0523924,2021-10-28T06:48:48.000Z,boleto,2,peakmonsters,1,2021-10-29T06:48:48.000Z,DEC,4.500,DEC,4.500,4.500,,,,C3-131-YBITX7IE9S,131,false,0,3
12497347,063949393a5a817c16c0b5aac3db044b86252339-138,clove71,1,2.352,500,12497347,a4b88e19eed2e5b8b23e0d23f75855f58506cf5c,2021-10-28T06:48:30.000Z,boleto,2,peakmonsters,1,2021-10-29T06:48:30.000Z,DEC,2.352,DEC,2.352,2.352,,,,G4-169-3KEAVM7P80,169,true,1,4
17439115,d804d483bb69cc81950ecd865561e79b841beacc-1,olleo,1,14.850,500,17439115,a4b88e19eed2e5b8b23e0d23f75855f58506cf5c,2021-10-28T06:48:30.000Z,boleto,2,peakmonsters,1,2021-10-29T06:48:30.000Z,DEC,14.850,DEC,14.850,14.850,,,,G1-14-V2IYS6YV9S,14,true,200,1
11023927,99bb77c01219f4904656fe5764c35ebe5ea5c8f0-0,cryptofrancois,1,13.830,500,11023927,a4b88e19eed2e5b8b23e0d23f75855f58506cf5c,2021-10-28T06:48:30.000Z,boleto,2,peakmonsters,1,2021-10-29T06:48:30.000Z,DEC,13.830,DEC,13.830,13.830,,,,G3-103-2O9LYBJQ34,103,true,200,3
9986398,3c0974fd488d30cdae07db17cb06e38ce01ddb24-7,demon402,1,9.964,500,9986398,a4b88e19eed2e5b8b23e0d23f75855f58506cf5c,2021-10-28T06:48:30.000Z,boleto,2,peakmonsters,1,2021-10-29T06:48:30.000Z,DEC,9.964,DEC,9.964,9.964,,,,G3-91-YGLYQO7YGW,91,true,200,3
15298097,d285538093199e19d53e28e94344c3db3178945d-0,sanjeev021,1,18.990,500,15298097,f3176672e1ee451ec8e6956f875b14a3139efcea,2021-10-23T13:39:39.000Z,boleto,2,peakmonsters,1,2021-10-24T13:39:39.000Z,DEC,18.990,DEC,18.990,18.990,,,,G3-91-UM0Y2HK7F4,91,true,200,3
15866100,7c9f9025de291db24b404ba55eb6bfe85703094d-22,fighter4-freedom,1,8.000,500,15866100,e404999ccd9a3c3399e506272c3955a96ec4c939,2021-10-23T13:39:03.000Z,boleto,2,peakmonsters,1,2021-10-24T13:39:03.000Z,DEC,8.000,DEC,8.000,8.000,,,,G4-169-YU0G5HI5M8,169,true,1,4
15419283,cc166c07017a666b283aa79e2bbaca1208448237-9,grillon-furieux,1,5.690,500,15419283,87d5f9180d89cb0231fc34ca5cf9dcc32fce4fb4,2021-10-23T13:38:27.000Z,boleto,2,peakmonsters,1,2021-10-24T13:38:27.000Z,DEC,5.690,DEC,5.690,5.690,,,,C3-131-L2ACBMURTS,131,false,0,3
11396661,fd2bddd5af605d3dcc645722e868d652d8511684-10,sm-deck,1,13.827,500,11396661,952e8975f46260116fc8afa398e1f573a6c19060,2021-10-23T13:38:18.000Z,boleto,2,peakmonsters,1,2021-10-24T13:38:18.000Z,DEC,13.827,DEC,13.827,13.827,,,,G1-14-JASKOG06BK,14,true,200,1
11468215,7daa5e05cce6fd5ae756ae6eca0296534895fcf6-4,monstergames,1,8.166,500,11468215,952e8975f46260116fc8afa398e1f573a6c19060,2021-10-23T13:38:18.000Z,boleto,2,peakmonsters,1,2021-10-24T13:38:18.000Z,DEC,8.166,DEC,8.166,8.166,,,,G1-12-U6PFRWCNLC,12,true,200,1
15619831,2b2a9dd7806a4b88e4c0ded723bd77b43c25ee92-13,wargames,1,44.900,500,15619831,952e8975f46260116fc8afa398e1f573a6c19060,2021-10-23T13:38:18.000Z,boleto,2,peakmonsters,1,2021-10-24T13:38:18.000Z,DEC,44.900,DEC,44.900,44.900,,,,G4-178-DHBHPG5BPS,178,true,1,4
12501485,017741ee46d7f5e244d2d08b11f949a50b5130c9-0,bitcoinportugal,1,11.840,500,12501485,952e8975f46260116fc8afa398e1f573a6c19060,2021-10-23T13:38:18.000Z,boleto,2,peakmonsters,1,2021-10-24T13:38:18.000Z,DEC,11.840,DEC,11.840,11.840,,,,G3-103-BZ03ZE89DC,103,true,200,3
16013539,9ebd5ac816796a6f9f5e5d9427a3d2a39bca7539-107,invest0x23,1,5.100,500,16013539,952e8975f46260116fc8afa398e1f573a6c19060,2021-10-23T13:38:18.000Z,boleto,2,peakmonsters,1,2021-10-24T13:38:18.000Z,DEC,5.100,DEC,5.100,5.100,,,,G4-171-NAH6OB3P1S,171,true,1,4
16248320,1d4a22aae17fb9a3b3d738cec7ee37f162c6e94b-1,doloknight,1,8.800,500,16248320,281c3f80ada965923d314bcfbdd99c158bbb1b6b,2021-10-20T06:00:30.000Z,boleto,2,peakmonsters,1,2021-10-21T06:00:30.000Z,DEC,8.800,DEC,8.800,8.800,,,,C4-293-1CLGP374XC,293,false,1,4
11048227,9dc7256f283cf698def149eaf28e8a4e5ee22464-3,ojamajo,1,10.000,500,11048227,b88e0b1d81dbb04afb68c3fb5c7959f499461b54,2021-10-20T05:59:57.000Z,boleto,2,peakmonsters,1,2021-10-21T05:59:57.000Z,DEC,10.000,DEC,10.000,10.000,,,,C-T753AXE7N4,18,false,100,0
15554520,9f94957079701405a837d7a1113ff02983909fd3-0,danfro,1,15.900,500,15554520,d4c2511c6ee7f702b413568f12cb8a8b23ebb198,2021-10-20T05:59:42.000Z,boleto,2,peakmonsters,1,2021-10-21T05:59:42.000Z,DEC,15.900,DEC,15.900,15.900,,,,G1-14-KM8HUAP9KW,14,true,200,1
10010614,e6e72edf2cf03570f875ab3a2e3106652eb18955-2,pladozero,1,14.047,500,10010614,6d2f542b5adfcf7c1796c3267d3d17a621480219,2021-10-20T05:58:39.000Z,boleto,2,peakmonsters,1,2021-10-21T05:58:39.000Z,DEC,14.047,DEC,14.047,14.047,,,,G3-91-TU0KZBXJ28,91,true,200,3
9386907,25b8ab88baf82d4f8a2d87e8d1596e3530bf26d0-34,monstergames,1,1.505,500,9386907,6d2f542b5adfcf7c1796c3267d3d17a621480219,2021-10-20T05:58:39.000Z,boleto,2,peakmonsters,1,2021-10-21T05:58:39.000Z,DEC,1.505,DEC,1.505,1.505,,,,G4-171-JHEC9YG0WG,171,true,2,4
10571192,153cb631c7bd8709327bdd31fa03eca96894e537-0,ezzy,1,3.900,500,10571192,6d2f542b5adfcf7c1796c3267d3d17a621480219,2021-10-20T05:58:39.000Z,boleto,2,peakmonsters,1,2021-10-21T05:58:39.000Z,DEC,3.900,DEC,3.900,3.900,,,,G4-169-VXXT0N75CW,169,true,1,4
17008995,9f3fed5266fe0fd0c3f6a2b00167030e3b48426f-18,aaros,1,29.000,500,17008995,6d2f542b5adfcf7c1796c3267d3d17a621480219,2021-10-20T05:58:39.000Z,boleto,2,peakmonsters,1,2021-10-21T05:58:39.000Z,DEC,29.000,DEC,29.000,29.000,,,,G4-178-PD7AJW3M6O,178,true,1,4
10536477,3c43580d994d345028f932334e2fb0e3daf0eb67-0,sembioz,1,13.900,500,10536477,6d2f542b5adfcf7c1796c3267d3d17a621480219,2021-10-20T05:58:39.000Z,boleto,2,peakmonsters,1,2021-10-21T05:58:39.000Z,DEC,13.900,DEC,13.900,13.900,,,,G3-103-1J3CDA994G,103,true,200,3
15559923,fb76c2337e50328e89d13e52f9033d16aff8e2fa-0,evo69,1,14.790,500,15559923,6d2f542b5adfcf7c1796c3267d3d17a621480219,2021-10-20T05:58:39.000Z,boleto,2,peakmonsters,1,2021-10-21T05:58:39.000Z,DEC,14.790,DEC,14.790,14.790,,,,G1-12-017LB5FZA8,12,true,400,1
14801455,166e63068a004c47b62f3314557c84a270fa7dcb-20,earthsplinters,1,40.000,500,14801455,477d6efe4a0ddb3a952a5c124d2eb9b699bab588,2021-10-15T10:40:00.000Z,boleto,2,splinterlands,1,2021-10-16T10:40:00.000Z,DEC,40.000,DEC,40.000,40.000,,,,C3-91-JXISGCFII8,91,false,7560,3
15803769,a44cbc104311bad690480624c4f951506f590e0f-27,sirdemian,1,49.750,500,15803769,7246c17767bf1a96ffda9b087ead0e3829c111ec,2021-10-12T15:05:18.000Z,boleto,2,peakmonsters,1,2021-10-13T15:05:18.000Z,DEC,49.750,DEC,49.750,49.750,,,,G4-178-XX9RNN4ZWW,178,true,1,4
10154078,77272c96270b770ce5199541e2188c1f8340fa96-11,monsterveritas,1,29.824,500,10154078,7246c17767bf1a96ffda9b087ead0e3829c111ec,2021-10-12T15:05:18.000Z,boleto,2,peakmonsters,1,2021-10-13T15:05:18.000Z,DEC,29.824,DEC,29.824,29.824,,,,G3-131-RWWC76D0TC,131,true,400,3
15717579,482077d28619cd91d6b5da782ccb6929aae729d2-17,faceb,1,9.740,500,15717579,7246c17767bf1a96ffda9b087ead0e3829c111ec,2021-10-12T15:05:18.000Z,boleto,2,peakmonsters,1,2021-10-13T15:05:18.000Z,DEC,9.740,DEC,9.740,9.740,,,,G3-103-Q97YQ3P0B4,103,true,200,3
15142850,3491e6b06603250653e7b07f697438c474cc0c73-19,goldninja,1,2.950,500,15142850,7246c17767bf1a96ffda9b087ead0e3829c111ec,2021-10-12T15:05:18.000Z,boleto,2,peakmonsters,1,2021-10-13T15:05:18.000Z,DEC,2.950,DEC,2.950,2.950,,,,G4-169-38P3RWEGJK,169,true,1,4
11193728,f6df61c31289b1b74bfbe629553a74a13724b7e9-0,db-cooper,1,2.500,500,11193728,7246c17767bf1a96ffda9b087ead0e3829c111ec,2021-10-12T15:05:18.000Z,boleto,2,peakmonsters,1,2021-10-13T15:05:18.000Z,DEC,2.500,DEC,2.500,2.500,,,,G4-171-IFRK7HY44G,171,true,1,4
11079174,305939bc32b796124cf27de279adefe4c4b598bc-1,digital-fortress,1,9.994,500,11079174,7246c17767bf1a96ffda9b087ead0e3829c111ec,2021-10-12T15:05:18.000Z,boleto,2,peakmonsters,1,2021-10-13T15:05:18.000Z,DEC,9.994,DEC,9.994,9.994,,,,G3-91-OQJZ4NGYKG,91,true,200,3
15017311,271c910a15f58ef969fd5029d8d615cc612f8da8-107,rce,1,5.900,500,15017311,4e64a774a3b0bde0a9c3b4c63ea59a7896f7ec93,2021-10-07T23:49:27.000Z,boleto,2,peakmonsters,1,2021-10-08T23:49:27.000Z,DEC,9.900,DEC,9.900,9.900,,,,C4-293-7SGDTJ7MQ8,293,false,1,4
15473340,d5a7f37013cec7f0f8f655869bcdafd98074e38f-0,braaiboy,1,16.528,500,15473340,59b83bb87bce5ead31df7a6c6eb5965b3d218540,2021-10-07T23:49:18.000Z,boleto,2,peakmonsters,1,2021-10-08T23:49:18.000Z,DEC,16.528,DEC,16.528,16.528,,,,G3-91-062PD7THGG,91,true,200,3
11668297,2e3450318eb65be70679601d1327f3c45d1e4bc8-0,monster.farmer,1,9.900,500,11668297,59b83bb87bce5ead31df7a6c6eb5965b3d218540,2021-10-07T23:49:18.000Z,boleto,2,peakmonsters,1,2021-10-08T23:49:18.000Z,DEC,9.900,DEC,9.900,9.900,,,,G3-103-46UGYVOJPS,103,true,200,3
11073988,718104626b2410032d54c58c4831c165e0f9df5a-1,lucky-cards,1,4.700,500,11073988,59b83bb87bce5ead31df7a6c6eb5965b3d218540,2021-10-07T23:49:18.000Z,boleto,2,peakmonsters,1,2021-10-08T23:49:18.000Z,DEC,4.700,DEC,4.700,4.700,,,,G1-12-45SU3KUO00,12,true,200,1
11055612,a8e8577ee208e22ae92d910a33c9b986513edc17-0,cryptococcus,1,24.900,500,11055612,59b83bb87bce5ead31df7a6c6eb5965b3d218540,2021-10-07T23:49:18.000Z,boleto,2,peakmonsters,1,2021-10-08T23:49:18.000Z,DEC,24.900,DEC,24.900,24.900,,,,G1-18-0B0OHSUROG,18,true,400,1