﻿id,sell_trx_id,seller,num_cards,buy_price,fee_percent,market_item_id,rental_tx,rental_date,renter,status,market_account,rental_days,next_rental_payment,payment_currency,payment_amount,escrow_currency,escrow_amount,paid_amount,cancel_tx,cancel_player,cancel_date,card_id,card_detail_id,gold,xp,edition
15926792,3e014d518e7fc4278b2eece3e2062b087fb77df3-6,lucky-cards,1,75.000,500,15926792,55516b878f1409be78046d5a558aa02a57964307,2021-10-30T03:13:03.000Z,wannacry,2,splinterlands,1,2021-10-31T03:13:03.000Z,DEC,75.000,DEC,75.000,75.000,,,,G5-276-HSS45ACX6O,276,true,1,5
10831345,015a6f08ca08099a8e1fc126263a20fe415f4590-38,reggaemuffin,1,23.814,500,10831345,6d9aeb6106517bfe7a8086bc3ae540cd63813f8c,2021-10-27T00:48:18.000Z,wannacry,2,peakmonsters,1,2021-10-28T00:48:18.000Z,DEC,23.814,DEC,23.814,23.814,,,,G-UK5C4SZ2OG,14,true,250,0
14330006,a0412814849aff74bc086e65fe1b8ed3ce9abcce-133,vugtis,1,49.800,500,14330006,516b5ae0a101b8b14d4ce76b85819a480d44d982,2021-10-27T00:47:54.000Z,wannacry,2,peakmonsters,1,2021-10-28T00:47:54.000Z,DEC,49.800,DEC,49.800,49.800,,,,G4-178-R8XOIE6FB4,178,true,1,4
12041985,c05138bdb1a62005eff937db9cb77d23ff6e0857-33,ayogom,1,14.550,500,12041985,0d7b9e6cc9f6651303da1a5e635253660b95b59b,2021-10-27T00:47:30.000Z,wannacry,2,peakmonsters,1,2021-10-28T00:47:30.000Z,DEC,14.550,DEC,14.550,14.550,,,,G3-103-DXO9AJPMK0,103,true,200,3
10652359,d4d657c9f83e6b6c57e41fd4ec4e7746ec8e8738-6,teammonsters,1,30.000,500,10652359,4d8bfeeaff50057973a4b499843ff3c171d1d1c3,2021-10-27T00:47:18.000Z,wannacry,2,peakmonsters,1,2021-10-28T00:47:18.000Z,DEC,30.000,DEC,30.000,30.000,,,,G3-131-TCJC1FEWZK,131,true,400,3
13065915,e96cdc2a416deb0b911b54598d75a208ac08c8e8-0,dirty-absol,1,12.800,500,13065915,4d8bfeeaff50057973a4b499843ff3c171d1d1c3,2021-10-27T00:47:18.000Z,wannacry,2,peakmonsters,1,2021-10-28T00:47:18.000Z,DEC,12.800,DEC,12.800,12.800,,,,G3-91-WCABWYPH40,91,true,200,3
10298564,855ea67579aab9b4bfbfbaf139c916615086d38f-4,rdkmedia,1,0.189,500,10298564,995af6e2fdf359f4a021950ed10f9aa0a4a4a7bb,2021-10-27T00:47:06.000Z,wannacry,2,peakmonsters,1,2021-10-28T00:47:06.000Z,DEC,0.189,DEC,0.189,0.189,,,,C4-171-OR9LLUZOTC,171,false,1,4
17312572,291b4554c0ef3089ef8a06017749324e2784a1b2-3,enminers-vault,1,7.350,500,17312572,94d18436cd2770c3fef379646c5a72f2ad286653,2021-10-27T00:46:54.000Z,wannacry,2,peakmonsters,1,2021-10-28T00:46:54.000Z,DEC,7.350,DEC,7.350,7.350,,,,C4-293-AWLF0R3GO0,293,false,1,4
15032351,3a91f90535b9af20ad3374b56272d9ca343bfc51-0,velourex.rentals,1,4.950,500,15032351,eb13e9560a184d04eb5ec58fddf802f7e4272dc3,2021-10-27T00:46:42.000Z,wannacry,2,peakmonsters,1,2021-10-28T00:46:42.000Z,DEC,4.950,DEC,4.950,4.950,,,,C0-12-NOP7QQLM34,12,false,360,0
17252792,a0f4efaaeef5e01c31681d08da6941ff80e7bed8-21,grosh,1,14.950,500,17252792,28f095229d5e75427530d4437f0c87ea0acb6667,2021-10-22T10:02:21.000Z,wannacry,2,peakmonsters,1,2021-10-23T10:02:21.000Z,DEC,14.950,DEC,14.950,14.950,,,,C-A58891VDGG,18,false,300,0
15061256,bcfba0e4b751618a2a35fd1a8a4fbec2d2e74ea9-6,legendarycanary,1,14.900,500,15061256,559d5ab785c1b6a7ba1f45e15c55052d2e01dcd5,2021-10-22T10:01:27.000Z,wannacry,2,peakmonsters,1,2021-10-23T10:01:27.000Z,DEC,14.900,DEC,14.900,14.900,,,,G3-91-9AY13QEJEO,91,true,200,3
12135763,17f2e936a82cb46a110898bd2d081d3a63696318-11,clove71,1,16.900,500,12135763,559d5ab785c1b6a7ba1f45e15c55052d2e01dcd5,2021-10-22T10:01:27.000Z,wannacry,2,peakmonsters,1,2021-10-23T10:01:27.000Z,DEC,16.900,DEC,16.900,16.900,,,,G1-14-IU3ZNQCCSW,14,true,200,1
14444352,5f343f2cb8631ccbd63ec78b0455aa58262350ba-0,imno,1,9.650,500,14444352,39a69336db7f313b79085f7ee3f1002441abae30,2021-10-16T17:40:33.000Z,wannacry,2,peakmonsters,1,2021-10-17T17:40:33.000Z,DEC,9.650,DEC,9.650,9.650,,,,C3-131-1IPZY9U400,131,false,300,3
15909393,43d825243c8a4252eb9e45b83f2f717bbd0bfc2c-90,moriarty95,1,5.150,500,15909393,594e0a4f6b211b0c34d552f4cc9bb384a0ec6cbb,2021-10-16T17:24:45.000Z,wannacry,2,peakmonsters,1,2021-10-17T17:24:45.000Z,DEC,5.150,DEC,5.150,5.150,,,,G4-171-P88PNVJGQO,171,true,1,4
16248367,1d4a22aae17fb9a3b3d738cec7ee37f162c6e94b-48,doloknight,1,8.950,500,16248367,fb130763fbc164c162187ec8922a5550dabc75ce,2021-10-16T17:24:06.000Z,wannacry,2,peakmonsters,1,2021-10-17T17:24:06.000Z,DEC,8.950,DEC,8.950,8.950,,,,C4-293-YG79AOHXAO,293,false,1,4
10496467,6a5513fd748bfd2670a40a7e386213e99c7076bc-4,aatrox,1,4.200,500,10496467,8a985d09086444a82f222a2f6ba93d30b45d37d5,2021-10-16T17:23:54.000Z,wannacry,2,peakmonsters,1,2021-10-17T17:23:54.000Z,DEC,4.200,DEC,4.200,4.200,,,,G1-12-CZAPQSTHN4,12,true,200,1
15803767,a44cbc104311bad690480624c4f951506f590e0f-25,sirdemian,1,1.959,500,15803767,8a985d09086444a82f222a2f6ba93d30b45d37d5,2021-10-16T17:23:54.000Z,wannacry,2,peakmonsters,1,2021-10-17T17:23:54.000Z,DEC,8.220,DEC,8.220,8.220,,,,G4-169-B2Y1IZLP68,169,true,1,4
12427412,b369ca9bf85b4b048feee71d1b818296a6dce4ff-0,farm3,1,15.000,500,12427412,8a985d09086444a82f222a2f6ba93d30b45d37d5,2021-10-16T17:23:54.000Z,wannacry,2,peakmonsters,1,2021-10-17T17:23:54.000Z,DEC,15.000,DEC,15.000,15.000,,,,G1-14-Y4W4QD37FK,14,true,200,1
16255095,43b89bfff5386ee19f9779de66b0346945bdaf70-3,lucky-cards,1,35.000,500,16255095,8a985d09086444a82f222a2f6ba93d30b45d37d5,2021-10-16T17:23:54.000Z,wannacry,2,peakmonsters,1,2021-10-17T17:23:54.000Z,DEC,35.000,DEC,35.000,35.000,,,,G1-18-SY8REZ93SG,18,true,400,1
15803813,29a3c9d3456a6673b93d89041da90bbd56c4617d-6,lucky-cards,1,12.000,500,15803813,8a985d09086444a82f222a2f6ba93d30b45d37d5,2021-10-16T17:23:54.000Z,wannacry,2,peakmonsters,1,2021-10-17T17:23:54.000Z,DEC,12.000,DEC,12.000,12.000,,,,G3-103-ZRVHQZTNWG,103,true,200,3
15595377,55e13c9201442d9772cd12fd679a532f5cbbd57c-9,legendarycanary,1,39.950,500,15595377,cfadbab9a052cf7346ca016e95d8c61044a4fa4c,2021-10-15T12:46:30.000Z,wannacry,2,splinterlands,1,2021-10-16T12:46:30.000Z,DEC,39.950,DEC,39.950,39.950,,,,G4-180-8N2N2IBISW,180,true,9,4
9306735,7cffbc0888604a225ebe9c35cf798cc4696796db-40,smalp,1,10.197,500,9306735,f0e0571df42090467ae2eab8d48fbd80795b07da,2021-10-15T08:29:03.000Z,wannacry,2,splinterlands,1,2021-10-16T08:29:03.000Z,DEC,10.197,DEC,10.197,10.197,,,,C1-20-EJC63SK6A8,20,false,875,1
11180920,1ce0c3cd209b8f22a73af01858fd22092a23e605-0,foggybottom,1,0.376,500,11180920,4017aee0877e7d7160ee8aed773899a90fe784cd,2021-10-14T05:01:21.000Z,wannacry,2,peakmonsters,1,2021-10-15T05:01:21.000Z,DEC,0.376,DEC,0.376,0.376,,,,C1-16-L8CCKQI3LS,16,false,0,1
10760914,894ed0ffe6f6385cb52d5fb4a1bca7f9f49fd2b3-0,popsiclezone,1,9.000,500,10760914,a3d642a2d2aee7b15c0d71a7000eef9db2b78419,2021-10-11T13:13:21.000Z,wannacry,2,peakmonsters,1,2021-10-12T13:13:21.000Z,DEC,9.000,DEC,9.000,9.000,,,,G4-169-E07TFVRDPS,169,true,1,4
12128392,d2a59ff7fd1161bcef82170a709fe16fb6e6cf81-139,rce,1,13.950,500,12128392,5b69ef97779a9447aeb1019262fb89dcd0f97fd7,2021-10-11T13:11:42.000Z,wannacry,2,peakmonsters,1,2021-10-12T13:11:42.000Z,DEC,13.950,DEC,13.950,13.950,,,,G4-178-UK4Q87K2HC,178,true,1,4
11536270,b67f113f7da2e5dd14a76d1847d029a6a2e8a6ba-10,azircon,1,3.500,500,11536270,5b69ef97779a9447aeb1019262fb89dcd0f97fd7,2021-10-11T13:11:42.000Z,wannacry,2,peakmonsters,1,2021-10-12T13:11:42.000Z,DEC,3.500,DEC,3.500,3.500,,,,G4-171-H9KZYDLUW0,171,true,1,4
15092518,425669980d67e6f43119410d17c6dfc41e3f1226-0,cal1,1,13.000,500,15092518,5b69ef97779a9447aeb1019262fb89dcd0f97fd7,2021-10-11T13:11:42.000Z,wannacry,2,peakmonsters,1,2021-10-12T13:11:42.000Z,DEC,13.000,DEC,13.000,13.000,,,,G1-14-D8FBU4U4WW,14,true,200,1
14936165,6c4d8ffb534006e9f7744186e47b3da64627a288-96,exyle,1,12.405,500,14936165,5b69ef97779a9447aeb1019262fb89dcd0f97fd7,2021-10-11T13:11:42.000Z,wannacry,2,peakmonsters,1,2021-10-12T13:11:42.000Z,DEC,12.405,DEC,12.405,12.405,,,,G-9A3G3D0V6O,12,true,250,0
14437774,233752e14f47e265d8e7ee413ee17f79c9c3f8d5-23,deezrentals,1,9.950,500,14437774,5b69ef97779a9447aeb1019262fb89dcd0f97fd7,2021-10-11T13:11:42.000Z,wannacry,2,peakmonsters,1,2021-10-12T13:11:42.000Z,DEC,9.950,DEC,9.950,9.950,,,,G3-91-ZWHBM7WWWG,91,true,200,3
9909466,a45801a5a13e0a2ca70f1842126ca3df1b37cef4-104,samsemilia7,1,7.950,500,9909466,ee03d027d5be0e865e64fdad8a06a5e3cf16105c,2021-10-05T15:44:57.000Z,wannacry,2,peakmonsters,1,2021-10-06T15:44:57.000Z,DEC,7.950,DEC,7.950,7.950,,,,G4-178-IQH8E5XHKW,178,true,1,4
11376719,c02fc08057f226df1921e7ba81f5c5c4e3a66830-0,picciridda2,1,11.890,500,11376719,ee03d027d5be0e865e64fdad8a06a5e3cf16105c,2021-10-05T15:44:57.000Z,wannacry,2,peakmonsters,1,2021-10-06T15:44:57.000Z,DEC,11.890,DEC,11.890,11.890,,,,G3-91-MHEU1W02TC,91,true,200,3
11633582,7800cd8020019366c43e48c197c81e18a8936778-53,bitcoinsig,1,5.100,500,11633582,34e9c2cf908284c892aab0fae9774519c0ccea45,2021-10-05T15:44:51.000Z,wannacry,2,peakmonsters,1,2021-10-06T15:44:51.000Z,DEC,6.100,DEC,6.100,6.100,,,,G4-171-ZRN79W16V4,171,true,1,4
10863860,f7eb9fe70597b741b4bce469f82dc1013309541d-0,cryptococcus,1,4.550,500,10863860,34e9c2cf908284c892aab0fae9774519c0ccea45,2021-10-05T15:44:51.000Z,wannacry,2,peakmonsters,1,2021-10-06T15:44:51.000Z,DEC,4.550,DEC,4.550,4.550,,,,G1-12-B63NHYRAW0,12,true,200,1
11946892,b5eb8b85eed850ec34e537b555dadcea97fe0096-7,vettev,1,6.637,500,11946892,0eb5f9f16b75055ea6721bc44599c31feeea18fb,2021-10-05T15:44:21.000Z,wannacry,2,peakmonsters,1,2021-10-06T15:44:21.000Z,DEC,6.637,DEC,6.637,6.637,,,,C4-293-MVAADDALBK,293,false,1,4
10332223,f2b73d821099eea1817899b07e75f221c1489845-3,fighter4-freedom,1,17.000,500,10332223,2c3bd2037cf3122658c5b68b75ca373ea84b2ac0,2021-10-05T15:43:57.000Z,wannacry,2,peakmonsters,1,2021-10-06T15:43:57.000Z,DEC,17.000,DEC,17.000,17.000,,,,G1-14-I6XIK909NK,14,true,200,1
11207789,8241c8e8b4c7491d105c0254ceaab981b9a9a28b-14,smalp,1,34.950,500,11207789,bc36d2b40d3e76e97e41f282025f085d1e8464b0,2021-10-05T15:43:42.000Z,wannacry,2,peakmonsters,1,2021-10-06T15:43:42.000Z,DEC,34.950,DEC,34.950,34.950,,,,G1-18-66JWLCD0PS,18,true,400,1
10091928,a356b653b9fecfd5cff1aad704d0148c5fe9563a-1,monsterveritas,1,30.948,500,10091928,bc36d2b40d3e76e97e41f282025f085d1e8464b0,2021-10-05T15:43:42.000Z,wannacry,2,peakmonsters,1,2021-10-06T15:43:42.000Z,DEC,30.948,DEC,30.948,30.948,,,,G3-131-ZJ687QH1OW,131,true,400,3