﻿id,sell_trx_id,seller,num_cards,buy_price,fee_percent,market_item_id,rental_tx,rental_date,renter,status,market_account,rental_days,next_rental_payment,payment_currency,payment_amount,escrow_currency,escrow_amount,paid_amount,cancel_tx,cancel_player,cancel_date,card_id,card_detail_id,gold,xp,edition
16215016,8a4de6792ce0230c3460a00aa1b3a4399746ed11-1,victor-alexander,1,40.000,500,16215016,481a74e84a299ae6c368f56bd45c968415bebcea,2021-11-02T13:48:57.000Z,furofuuki,1,peakmonsters,1,2021-11-03T13:48:57.000Z,DEC,40.000,DEC,40.000,40.000,,,,G-ZQUJ3N0JK0,14,true,250,0
11253599,d23467bbb7f37c6d9cde7ff35ee3badc14049323-6,grosh,1,23.500,500,11253599,b7792bdb128bf4dbb336c41b386559fcaed61691,2021-11-02T13:48:27.000Z,furofuuki,1,peakmonsters,1,2021-11-03T13:48:27.000Z,DEC,23.500,DEC,23.500,23.500,,,,C-IXB6GJMNHS,18,false,400,0
17432440,2fdbba61c98f413835c3cb471a1c18777db47bc9-30,americaman,1,4.880,500,17432440,969d3380f11b011471b957c4e03358f99da912d6,2021-11-02T13:46:45.000Z,furofuuki,1,splinterlands,1,2021-11-03T13:46:45.000Z,DEC,4.880,DEC,4.880,4.880,,,,C3-131-VRMTERV3TC,131,false,0,3
16167792,d402b9f85423aebd4689963f88390e3b920c9120-8,fighter4-freedom,1,9.000,500,16167792,8bbc88a6a1f4938529c682e797b8342905a5df67,2021-11-02T13:46:30.000Z,furofuuki,1,splinterlands,1,2021-11-03T13:46:30.000Z,DEC,9.000,DEC,9.000,9.000,,,,C4-293-AO56XVF7M8,293,false,1,4
14329998,a0412814849aff74bc086e65fe1b8ed3ce9abcce-125,vugtis,1,49.800,500,14329998,cf1af473179d2b9874e1a7ebd13756e37fcd8f9c,2021-11-02T13:44:15.000Z,furofuuki,1,splinterlands,1,2021-11-03T13:44:15.000Z,DEC,49.800,DEC,49.800,49.800,,,,G4-178-7HKXP4RZ8G,178,true,1,4
10644312,8ad0c9dddd6c191df42b68b8554d4e8d4b304b2c-4,fighter4-freedom,1,18.000,500,10644312,5200d653610c00d939f730fc16478cd852d670c0,2021-11-02T13:44:06.000Z,furofuuki,1,splinterlands,1,2021-11-03T13:44:06.000Z,DEC,18.000,DEC,18.000,18.000,,,,G3-91-DZRZ9HO21C,91,true,200,3
12480980,b2e4830f601ddf0949fb7dcb2685144a11ad1589-0,bitcoinportugal,1,11.690,500,12480980,36ce625564f7f68305c726dac3ebbf8c0a0c084e,2021-11-02T13:43:12.000Z,furofuuki,1,splinterlands,1,2021-11-03T13:43:12.000Z,DEC,11.690,DEC,11.690,11.690,,,,G3-103-L6SFQ6BBM8,103,true,200,3
12426488,3b5bd5d8d2ddea104e1facc55a493123d809d301-1,calvinishobbes,1,1.000,500,12426488,e7d4b32bcfbbbfefe1a49792c894d1f061cf17cc,2021-11-02T13:42:57.000Z,furofuuki,1,splinterlands,1,2021-11-03T13:42:57.000Z,DEC,1.000,DEC,1.000,1.000,,,,G4-169-DSB2UXYP2O,169,true,1,4
11531927,13eb125e1c73f926313c17cb83b800304b144ea5-8,monstergames,1,8.661,500,11531927,5822ab0d89e7739c1a79a14c15a9f9b760e98d58,2021-11-02T13:42:51.000Z,furofuuki,1,splinterlands,1,2021-11-03T13:42:51.000Z,DEC,8.661,DEC,8.661,8.661,,,,G1-12-URRIPHRKN4,12,true,200,1
9307456,e45d61b3615bcfe3e361bab9f580dfde121f84e7-80,smalp,1,24.544,500,9307456,cfd0ccd9089f0e98309f18a9fac8a52a7147778b,2021-10-30T08:58:27.000Z,furofuuki,2,splinterlands,1,2021-10-31T08:58:27.000Z,DEC,24.544,DEC,24.544,24.544,,,,C-U9YLFXRX5S,47,false,1560,0
9494979,b17d12793e498c7a29ea97c09c4465c2011ceb54-24,smalp,1,33.124,500,9494979,86345067ddf4cd424ed2433bff3fe8acd3c52d89,2021-10-30T08:55:36.000Z,furofuuki,2,splinterlands,1,2021-10-31T08:55:36.000Z,DEC,33.124,DEC,33.124,33.124,,,,G3-131-AD5Y2TXYN4,131,true,400,3
9653705,11f98e8b5d4a70a4acf7c9fe62c1c070c7b7fa52-0,fighter4-freedom,1,180.000,500,9653705,9bb26f48ddb2f2a8c4f05c63049faf66619d3677,2021-10-30T02:03:09.000Z,furofuuki,2,splinterlands,1,2021-10-31T02:03:09.000Z,DEC,180.000,DEC,180.000,180.000,,,,C1-16-23K79I5XLC,16,false,13050,1
17596915,396a930dcf40b2ae99d4b21f2338aeaa84a8f272-0,dag661,1,8.790,500,17596915,ba4b1c7bcf207b1d5895f125f655d8a91fa77131,2021-10-26T12:04:06.000Z,furofuuki,2,peakmonsters,1,2021-10-27T12:04:06.000Z,DEC,8.790,DEC,8.790,8.790,,,,C4-293-ZHI2YSBSCW,293,false,1,4
11469237,6c7c3fdf8029a23563d37b4f7bef428d2f7428cc-0,thekittygirl,1,6.700,500,11469237,19cbf6ed810cb73d2cd36576fa20410fea294523,2021-10-26T12:03:36.000Z,furofuuki,2,peakmonsters,1,2021-10-27T12:03:36.000Z,DEC,6.700,DEC,6.700,6.700,,,,C-Q8VBKTPFTS,18,false,200,0
17713888,e3884b708a9c683e049270c22db3d49614502330-40,schneegecko,1,2.353,500,17713888,3b83cae4e0a8abbc46c9fd7a93f50f0ffc910117,2021-10-26T12:03:18.000Z,furofuuki,2,peakmonsters,1,2021-10-27T12:03:18.000Z,DEC,7.100,DEC,7.100,7.100,,,,G4-171-I0VV2IZZFK,171,true,1,4
16003662,6c95c28a4a00ccea6e0ce6e49a03f5836f61101e-0,bang0,1,18.000,500,16003662,3b83cae4e0a8abbc46c9fd7a93f50f0ffc910117,2021-10-26T12:03:18.000Z,furofuuki,2,peakmonsters,1,2021-10-27T12:03:18.000Z,DEC,18.000,DEC,18.000,18.000,,,,G3-91-8V781Z29QO,91,true,200,3
9596362,991f48a2a5df7a84a0590e515f6c26a8949ea61f-82,aatrox,1,10.658,500,9596362,3b83cae4e0a8abbc46c9fd7a93f50f0ffc910117,2021-10-26T12:03:18.000Z,furofuuki,2,peakmonsters,1,2021-10-27T12:03:18.000Z,DEC,10.658,DEC,10.658,10.658,,,,G1-12-0YW651NQF4,12,true,800,1
12171193,8180e2368d007b70ff72969ad6c4b5b715fe737b-7,cryptictruth,1,17.750,500,12171193,eb9a7561ee45c0497e4b1d0d51e59fc096f87d12,2021-10-21T10:08:21.000Z,furofuuki,2,peakmonsters,1,2021-10-22T10:08:21.000Z,DEC,17.750,DEC,17.750,17.750,,,,G3-91-FTZ1F9ZD5C,91,true,200,3
10282671,be3f3724db4ebea80f2fe649fca8b9fd74efeb09-0,mawit07,1,7.000,500,10282671,8d78c5b499169982946a979723ca2761c6168c53,2021-10-21T10:07:42.000Z,furofuuki,2,peakmonsters,1,2021-10-22T10:07:42.000Z,DEC,7.000,DEC,7.000,7.000,,,,C-FSFUIBC2VK,18,false,300,0
16211059,fff0862018ce2fbd3419d0f3da76bacfc648b499-0,irishgirlcrypto,1,32.674,500,16211059,3c0c7f040f302cd089bd9cd5880dfcedb545029b,2021-10-21T10:06:00.000Z,furofuuki,2,peakmonsters,1,2021-10-22T10:06:00.000Z,DEC,32.674,DEC,32.674,32.674,,,,G4-178-O7DOAMZTSW,178,true,1,4
15866148,59c0877e444f56875f4c7258836ebe7c3353552e-15,fighter4-freedom,1,5.500,500,15866148,05d25f3441438b0afa5f15566a28e75edf5b507a,2021-10-21T10:05:15.000Z,furofuuki,2,peakmonsters,1,2021-10-22T10:05:15.000Z,DEC,5.500,DEC,5.500,5.500,,,,G4-171-G4ANS76HW0,171,true,1,4
10417882,34929dfcbdf55b7338be33b5789362d27665e7de-36,niallon11,1,4.954,500,10417882,7b06a2422daf6a9a0f9cac1cb61d6780da8e863d,2021-10-21T10:04:57.000Z,furofuuki,2,peakmonsters,1,2021-10-22T10:04:57.000Z,DEC,4.954,DEC,4.954,4.954,,,,C3-131-OY6086E874,131,false,0,3
11548103,43f06651e8729a636ea680b34a10d2843ea843b2-7,davemccoy,1,7.217,500,11548103,9bc5f7da0b5791f44f986706a5bfa59a053d0490,2021-10-21T10:04:09.000Z,furofuuki,2,peakmonsters,1,2021-10-22T10:04:09.000Z,DEC,7.217,DEC,7.217,7.217,,,,G1-12-QLQP4PEJFK,12,true,200,1
9308068,2ee5fc7866f4e25fa14f4a942fbf82eaa15d5ac5-4,smalp,1,199.900,500,9308068,672ccf7f801738767738de1dbc4bbb4b7f379301,2021-10-14T20:11:24.000Z,furofuuki,2,splinterlands,1,2021-10-15T20:11:24.000Z,DEC,199.900,DEC,199.900,199.900,,,,C1-109-D5BVLR3OQ8,109,false,7500,1
16203516,884c8001c544bcae75ec4781d0d62014094ad8aa-2,niallon11,1,4.140,500,16203516,913b8c85b6a79067ef68a6f3b24107e6fe4d3d4d,2021-10-14T13:10:33.000Z,furofuuki,2,peakmonsters,1,2021-10-15T13:10:33.000Z,DEC,24.700,DEC,24.700,24.700,,,,G1-12-4W4JFMGM8W,12,true,200,1
10632891,0033a3855b97159c39a833f9216efa4d5c9b8694-39,smalp,1,3.949,500,10632891,ae51bbb83c53b7a8e42d0bbc6c6e9498cddad6a9,2021-10-14T13:10:06.000Z,furofuuki,2,peakmonsters,1,2021-10-15T13:10:06.000Z,DEC,5.950,DEC,5.950,5.950,,,,C3-131-JY8M7PV85C,131,false,0,3
11477966,bbeea77cdc2a0dade81f0a85dac949ca5a49dce0-4,ilovepoorpeople,1,20.329,500,11477966,61162bbe2969636a6fa2a0e76343b1d606e9420b,2021-10-14T13:09:42.000Z,furofuuki,2,peakmonsters,1,2021-10-15T13:09:42.000Z,DEC,20.329,DEC,20.329,20.329,,,,G1-14-V091D8FM1S,14,true,200,1
10332138,9c451ee94d7364efc6f97b51c4c8f22080a76a0e-15,thebluewin,1,3.650,500,10332138,0c46881b12153a6927e1c57ac2e4910c90e840df,2021-10-14T13:08:33.000Z,furofuuki,2,peakmonsters,1,2021-10-15T13:08:33.000Z,DEC,3.650,DEC,3.650,3.650,,,,G4-171-ZTBE9B7VOW,171,true,1,4
11290610,fcb3bf613a60c196fee60996ea2fe8ddacd82b5d-64,janoshik,1,14.900,500,11290610,f0709b470ed2c5a8906de3a14f384d4b7ba64a2c,2021-10-14T13:02:15.000Z,furofuuki,2,splinterlands,1,2021-10-15T13:02:15.000Z,DEC,14.900,DEC,14.900,14.900,,,,C4-293-TIOUE1OWVK,293,false,1,4
15909970,71e63f5151ec917998112d139967de08280bac54-66,moriarty95,1,49.700,500,15909970,7478ba59d6e7e6721eac6a7f9bd6f1c4b177c29a,2021-10-14T13:01:30.000Z,furofuuki,2,splinterlands,1,2021-10-15T13:01:30.000Z,DEC,49.700,DEC,49.700,49.700,,,,G4-178-DQ54PQCOK0,178,true,1,4
11046502,4d8033828f73b0b8c2a1297d4e7df82e58e775bc-0,welshstacker,1,13.500,500,11046502,beff868f716c6df026c7a1eefaf24be44e9d85de,2021-10-14T13:01:24.000Z,furofuuki,2,splinterlands,1,2021-10-15T13:01:24.000Z,DEC,13.500,DEC,13.500,13.500,,,,G3-103-MJI7MF1DDC,103,true,200,3
9494985,b17d12793e498c7a29ea97c09c4465c2011ceb54-30,smalp,1,31.341,500,9494985,5dd6355c9d1352a78707b0bcca60ef29f1450e29,2021-10-10T15:17:27.000Z,furofuuki,2,peakmonsters,1,2021-10-11T15:17:27.000Z,DEC,31.341,DEC,31.341,31.341,,,,G3-131-HQ338E8V00,131,true,400,3
11260108,b4387c8d8f59726df186888fa2a34b828c31e13f-4,d-pend,1,19.930,500,11260108,320bc917a59ce9f9d9193e8df5c4590c5e3df9bb,2021-10-10T15:17:18.000Z,furofuuki,2,peakmonsters,1,2021-10-11T15:17:18.000Z,DEC,19.930,DEC,19.930,19.930,,,,G1-14-ETRRJGFD4W,14,true,200,1
11379313,e9bc96eb98a4c7693f99cb5411c65701150ca688-1,davemccoy,1,12.739,500,11379313,ee89bc2f525549d4c1bec55a4e4e51810dc44d81,2021-10-10T15:16:33.000Z,furofuuki,2,peakmonsters,1,2021-10-11T15:16:33.000Z,DEC,12.739,DEC,12.739,12.739,,,,G3-103-HT2TMGOGC0,103,true,200,3
9424512,c601efa5f469ca6f3a15b2673ecc27cf10167c7a-3,goldninja,1,3.865,500,9424512,ca77062ad90db70a35d422f352a44d447e963ae3,2021-10-10T15:16:24.000Z,furofuuki,2,peakmonsters,1,2021-10-11T15:16:24.000Z,DEC,3.865,DEC,3.865,3.865,,,,G1-12-EM816D82E8,12,true,200,1
11396651,fd2bddd5af605d3dcc645722e868d652d8511684-0,sm-deck,1,4.597,500,11396651,879f4126085b946b6621ea237c59b38685e56564,2021-10-06T16:05:30.000Z,furofuuki,2,peakmonsters,1,2021-10-07T16:05:30.000Z,DEC,4.597,DEC,4.597,4.597,,,,G1-12-USU5CNWQY8,12,true,200,1
12041958,c05138bdb1a62005eff937db9cb77d23ff6e0857-6,ayogom,1,24.950,500,12041958,879f4126085b946b6621ea237c59b38685e56564,2021-10-06T16:05:30.000Z,furofuuki,2,peakmonsters,1,2021-10-07T16:05:30.000Z,DEC,24.950,DEC,24.950,24.950,,,,G1-18-6D6KUIED28,18,true,400,1
12531860,e83fb6768451472d0cb5b3a1028fffbb4fec1898-0,bitcoinportugal,1,11.800,500,12531860,879f4126085b946b6621ea237c59b38685e56564,2021-10-06T16:05:30.000Z,furofuuki,2,peakmonsters,1,2021-10-07T16:05:30.000Z,DEC,11.800,DEC,11.800,11.800,,,,G3-103-F6NWIP0234,103,true,200,3
10652562,3e12ca52679032371f71871d5938f8e763bdce19-2,teammonsters,1,30.000,500,10652562,879f4126085b946b6621ea237c59b38685e56564,2021-10-06T16:05:30.000Z,furofuuki,2,peakmonsters,1,2021-10-07T16:05:30.000Z,DEC,30.000,DEC,30.000,30.000,,,,G3-131-UC242CSVWW,131,true,400,3
14330004,a0412814849aff74bc086e65fe1b8ed3ce9abcce-131,vugtis,1,49.800,500,14330004,879f4126085b946b6621ea237c59b38685e56564,2021-10-06T16:05:30.000Z,furofuuki,2,peakmonsters,1,2021-10-07T16:05:30.000Z,DEC,49.800,DEC,49.800,49.800,,,,G4-178-MDV7V8OP6O,178,true,1,4
11078910,c1696edeb11bc59a421f753e899c409cb1eb1146-125,nateaguila,1,2.306,500,11078910,879f4126085b946b6621ea237c59b38685e56564,2021-10-06T16:05:30.000Z,furofuuki,2,peakmonsters,1,2021-10-07T16:05:30.000Z,DEC,2.306,DEC,2.306,2.306,,,,G4-171-UA0WYFYSUO,171,true,1,4
12006813,8d2121d18274f54881b50d896182b1eef1e99c41-2,rentcards,1,17.000,500,12006813,879f4126085b946b6621ea237c59b38685e56564,2021-10-06T16:05:30.000Z,furofuuki,2,peakmonsters,1,2021-10-07T16:05:30.000Z,DEC,17.000,DEC,17.000,17.000,,,,G1-14-XWGISUIAUO,14,true,200,1
11683808,1de513affe507125a0136bb9b2feb0e294bb9aaa-59,toocurious,1,11.940,500,11683808,879f4126085b946b6621ea237c59b38685e56564,2021-10-06T16:05:30.000Z,furofuuki,2,peakmonsters,1,2021-10-07T16:05:30.000Z,DEC,11.940,DEC,11.940,11.940,,,,G3-91-LLQ4LW6C2O,91,true,200,3