﻿id,sell_trx_id,seller,num_cards,buy_price,fee_percent,market_item_id,rental_tx,rental_date,renter,status,market_account,rental_days,next_rental_payment,payment_currency,payment_amount,escrow_currency,escrow_amount,paid_amount,cancel_tx,cancel_player,cancel_date,card_id,card_detail_id,gold,xp,edition
17167406,559712cbb1b061cd1509d6219e505a3ddebd759c-98,slbrf,1,15.750,500,17167406,e8c707483d35869ea4c1777917c58cdbc07430f4,2021-10-30T14:21:24.000Z,sohanad,2,splinterlands,1,2021-10-31T14:21:24.000Z,DEC,15.750,DEC,15.750,15.750,,,,C1-63-8XO31DDO7K,63,false,1560,1
17161300,4a461ec3e6e97d8a7e804c7c230a1682f9ce0885-0,fighter4-freedom,1,9.900,500,17161300,ae117ee8acd4f93e0aec20252f3e975eea1c7d27,2021-10-30T14:19:42.000Z,sohanad,2,splinterlands,1,2021-10-31T14:19:42.000Z,DEC,9.900,DEC,9.900,9.900,,,,C5-290-90G2WNKI40,290,false,1,5
9306565,3e16712043a38a5b8b4dc53bf91c41dbedc41050-22,smalp,1,5.188,500,9306565,e98a93a89a36d7f6aaa57c7c06c368a9dcd3550d,2021-10-30T14:17:48.000Z,sohanad,2,splinterlands,1,2021-10-31T14:17:48.000Z,DEC,5.188,DEC,5.188,5.188,,,,C0-13-Y3E9AVZL9S,13,false,760,0
10532517,88b28c3202dcebfde892c35f016abaae13601c63-76,lucky-cards,1,11.500,500,10532517,3056dc5959754c96eefc0ebd86eb6c5f3572ce17,2021-10-30T14:16:57.000Z,sohanad,2,splinterlands,1,2021-10-31T14:16:57.000Z,DEC,11.500,DEC,11.500,11.500,,,,C3-255-SJQY3PEUS0,255,false,1,3
14649301,fd21bf9afed001ca08c3f550617196778a942dbf-8,molins,1,34.600,500,14649301,1d913d048e7c3ed3dd845fad3774660f986a4f6d,2021-10-30T08:10:30.000Z,sohanad,2,splinterlands,1,2021-10-31T08:10:30.000Z,DEC,34.600,DEC,34.600,34.600,,,,C4-147-ARQKVCT228,147,false,300,4
17168366,9c721b6e541b0b353a51069f213144ea190cf36d-40,slbrf,1,18.000,500,17168366,ee183d3b695008b1d23b2727e36dce0351eddb9f,2021-10-30T08:09:54.000Z,sohanad,2,splinterlands,1,2021-10-31T08:09:54.000Z,DEC,18.000,DEC,18.000,18.000,,,,C1-20-V7CPFJKIU8,20,false,875,1
11237909,919347f9004cbe83d4f95209bbbb17b441d364bd-14,lucky-cards,1,15.000,500,11237909,6b7bb2611efcdfdb985daadd74ca47f1255960b9,2021-10-30T08:08:18.000Z,sohanad,2,splinterlands,1,2021-10-31T08:08:18.000Z,DEC,15.000,DEC,15.000,15.000,,,,G5-258-YYJ1GWNW40,258,true,1,5
15864816,eb046fee6519cc8b95087ababc6dbdfdbd00ba8a-12,fighter4-freedom,1,17.000,500,15864816,8001dd531996ded9f7a8cfc70e788496611f4d81,2021-10-30T08:07:54.000Z,sohanad,2,splinterlands,1,2021-10-31T08:07:54.000Z,DEC,17.000,DEC,17.000,17.000,,,,G2-118-LAM6YMIYO0,118,true,200,2
11204373,d594d3dd66e9494c1961b18322b10995c25202c6-22,smalp,1,20.950,500,11204373,0fc37ba728c65f00c3c557493a95f7779b396b8d,2021-10-30T08:07:27.000Z,sohanad,2,splinterlands,1,2021-10-31T08:07:27.000Z,DEC,20.950,DEC,20.950,20.950,,,,G1-2-OEK4UBBJN4,2,true,800,1
15337091,b41ec5d3765e95cbb33e1c10dc66ee4e800aa9aa-0,renterlands,1,12.400,500,15337091,5a860dd5e591ea7857ca7929bc812ce99283e1e2,2021-10-29T13:09:18.000Z,sohanad,2,peakmonsters,1,2021-10-30T13:09:18.000Z,DEC,12.400,DEC,12.400,12.400,,,,C0-14-0WE58SB8GW,14,false,60,0
15939902,26dde204491808e2436bcb89ff920ca304d89255-4,blindinglight,1,12.672,500,15939902,d3a4734949b08ae26fd059b2e6c9ba3a3e124791,2021-10-29T13:09:00.000Z,sohanad,2,peakmonsters,1,2021-10-30T13:09:00.000Z,DEC,12.672,DEC,12.672,12.672,,,,G3-103-QZL3DKBQBK,103,true,200,3
11253599,d23467bbb7f37c6d9cde7ff35ee3badc14049323-6,grosh,1,23.500,500,11253599,1a873fa876aa98f226c75d5a4e3dbac17dedda5f,2021-10-29T13:08:36.000Z,sohanad,2,peakmonsters,1,2021-10-30T13:08:36.000Z,DEC,23.500,DEC,23.500,23.500,,,,C-IXB6GJMNHS,18,false,400,0
17046211,dbc1cc428f9664c52cf6c9bbe9fbe6a23c956fe7-0,jeremycrow,1,8.800,500,17046211,4d3d5cb0443cd13edad685ddc9db2087ecb226e6,2021-10-29T13:08:21.000Z,sohanad,2,peakmonsters,1,2021-10-30T13:08:21.000Z,DEC,8.800,DEC,8.800,8.800,,,,C4-293-2T5O07LNNK,293,false,1,4
15694338,142819a4b2b0f7909f048489f3a3bd00e34bb6fd-5,blindinglight,1,4.898,500,15694338,f67650c221bd17c0edb1a4132bc77390440d4f92,2021-10-29T13:08:15.000Z,sohanad,2,peakmonsters,1,2021-10-30T13:08:15.000Z,DEC,4.898,DEC,4.898,4.898,,,,C3-131-0Y1XXD3K1S,131,false,0,3
12171193,8180e2368d007b70ff72969ad6c4b5b715fe737b-7,cryptictruth,1,17.750,500,12171193,04145dc1c91920dfc2c7e3340d71322e4702c84b,2021-10-29T13:08:06.000Z,sohanad,2,peakmonsters,1,2021-10-30T13:08:06.000Z,DEC,17.750,DEC,17.750,17.750,,,,G3-91-FTZ1F9ZD5C,91,true,200,3
17336826,5c40862e7cd5c1dfc6310659579e57fb166a1f4f-29,renterlands,1,19.450,500,17336826,473fc954f0222339d02c2704a919b1cc1e220dff,2021-10-25T07:56:18.000Z,sohanad,2,peakmonsters,1,2021-10-26T07:56:18.000Z,DEC,17.950,DEC,17.950,17.950,,,,C0-14-I7AZYNB04W,14,false,60,0
17581683,a8f550f7d61fd06591319a569a07750304ae82c2-21,let-the-leo,1,5.445,500,17581683,ef7cf92afbb5bf61328fe290162154f8adafc128,2021-10-25T07:55:30.000Z,sohanad,2,peakmonsters,1,2021-10-26T07:55:30.000Z,DEC,5.445,DEC,5.445,5.445,,,,G4-171-4F0B6I419S,171,true,1,4
10124176,8fdec264891b94bb9f4d800a9bc9ea0dd978f071-1,fighter4-freedom,1,34.000,500,10124176,516a8a05b0d3dce7321ded6e57cde44b4d17ad84,2021-10-25T07:54:57.000Z,sohanad,2,peakmonsters,1,2021-10-26T07:54:57.000Z,DEC,34.000,DEC,34.000,34.000,,,,G3-131-H05XPZ6TNK,131,true,400,3
16798423,e8f4dfd486d8e6ff21ebedd3864c9fe0c48ddad7-0,megalithic,1,19.800,500,16798423,516a8a05b0d3dce7321ded6e57cde44b4d17ad84,2021-10-25T07:54:57.000Z,sohanad,2,peakmonsters,1,2021-10-26T07:54:57.000Z,DEC,19.800,DEC,19.800,19.800,,,,G3-91-BW29UMF84G,91,true,200,3
16248043,e1ebdb5c8049fbea7ccdfb3fd33901fe913e0b16-128,doloknight,1,8.800,500,16248043,25a9593055c66a01297a2f270422eb7715357ca3,2021-10-25T07:54:39.000Z,sohanad,2,peakmonsters,1,2021-10-26T07:54:39.000Z,DEC,8.800,DEC,8.800,8.800,,,,C4-293-ECJTM7I6F4,293,false,1,4
17509235,2bcd8410694ea47026ff66ab9905a8309f474b0c-98,renterlands,1,1.500,500,17509235,23f99ece2d2ac1dc05c02466760f3735cda5166b,2021-10-25T07:54:27.000Z,sohanad,2,peakmonsters,1,2021-10-26T07:54:27.000Z,DEC,1.500,DEC,1.500,1.500,,,,C-K7J3FV2SFK,12,false,60,0
15693913,ba3dcb3e544412495d59d1a58570348a03e4f98a-0,softa,1,7.890,500,15693913,e02889f964f61d0ac2520095b53d5cf00a907e57,2021-10-25T07:54:09.000Z,sohanad,2,peakmonsters,1,2021-10-26T07:54:09.000Z,DEC,7.890,DEC,7.890,7.890,,,,G4-169-XU1MTKOO28,169,true,1,4
14891069,73cd420a0b5ba4f289902a9f49c97b78616a723b-0,cryptocopy,1,13.589,500,14891069,164dfa5d357455288832e36e5fdaa471e0a5e2bc,2021-10-20T01:06:42.000Z,sohanad,2,peakmonsters,1,2021-10-21T01:06:42.000Z,DEC,13.589,DEC,13.589,13.589,,,,C-0AQMCOGIWW,14,false,160,0
15866190,355ef27045948e5d1762e1edd53fd3845eb1253e-0,fighter4-freedom,1,50.000,500,15866190,d59e09b73f2448d4103f0695545b3f0a4f009c19,2021-10-20T01:06:03.000Z,sohanad,2,peakmonsters,1,2021-10-21T01:06:03.000Z,DEC,50.000,DEC,50.000,50.000,,,,G4-178-6ZGI4UIHZ4,178,true,1,4
12136130,8d05e470cb7a0bfbc5a400268b936b5183f14cfa-97,clove71,1,16.578,500,12136130,64e996e29522bd213acde9895f72f7564d136a59,2021-10-20T01:05:24.000Z,sohanad,2,peakmonsters,1,2021-10-21T01:05:24.000Z,DEC,16.578,DEC,16.578,16.578,,,,G3-91-G34BOZ158W,91,true,200,3
10831422,e9f7d20c198d6dbab4a56504896f2bf358ce06f9-2,reggaemuffin,1,14.950,500,10831422,dae32b1ac907aaced8c14f9e6943994b1b2ce301,2021-10-20T01:05:15.000Z,sohanad,2,peakmonsters,1,2021-10-21T01:05:15.000Z,DEC,14.950,DEC,14.950,14.950,,,,G1-12-PP1PLLAG34,12,true,200,1
15556594,3f21b4c5cefdc54f690fd5c99e2ef5fcf2cc123a-14,masterthematrix,1,11.750,500,15556594,3c2dd430919edaa3c8dafe8acc3077cef3ecd04e,2021-10-20T01:05:06.000Z,sohanad,2,peakmonsters,1,2021-10-21T01:05:06.000Z,DEC,11.750,DEC,11.750,11.750,,,,G3-103-6VMATZAANK,103,true,200,3
16234333,3a67bed85cdaee3406620e49dfae4204b1f5bd28-22,abh12345,1,4.750,500,16234333,fb808c1ad7447ed91e3af3cfb9742c0ce522b383,2021-10-20T01:05:00.000Z,sohanad,2,peakmonsters,1,2021-10-21T01:05:00.000Z,DEC,4.750,DEC,4.750,4.750,,,,G4-171-0DK6P359TS,171,true,1,4
11253599,d23467bbb7f37c6d9cde7ff35ee3badc14049323-6,grosh,1,23.500,500,11253599,3ff6d1a3247344ed87379e489b5518196c2a0150,2021-10-20T01:03:57.000Z,sohanad,2,peakmonsters,1,2021-10-21T01:03:57.000Z,DEC,23.500,DEC,23.500,23.500,,,,C-IXB6GJMNHS,18,false,400,0
15909003,36cca16afc37a6410857e7aa0aa3cc8c995c1e66-0,moon32walker,1,11.000,500,15909003,eb26ff1bedd986fbe9d9254bb9184498da29cf05,2021-10-20T01:03:33.000Z,sohanad,2,peakmonsters,1,2021-10-21T01:03:33.000Z,DEC,11.000,DEC,11.000,11.000,,,,C4-293-W00FXTOZ4G,293,false,1,4
9613886,4b822760929076795371a675ceb2965348d17766-9,smalp,1,97.023,500,9613886,06fb91eeac8161316686c25794f39f17a8b0d759,2021-10-15T14:17:48.000Z,sohanad,2,splinterlands,1,2021-10-16T14:17:48.000Z,DEC,97.023,DEC,97.023,97.023,,,,C3-98-70FIOHHGF4,98,false,7500,3
15046579,42c08f589955737a7967a066be5ea24f045a00ee-31,legendarycanary,1,27.750,500,15046579,de1da70a0ebc7be8768bd346c111fa73ce328053,2021-10-15T14:17:27.000Z,sohanad,2,splinterlands,1,2021-10-16T14:17:27.000Z,DEC,27.750,DEC,27.750,27.750,,,,C4-179-0H380KSTIO,179,false,222,4
10173273,49fe318887edba58660a52628a8dc8be42e269c1-19,fighter4-freedom,1,7.000,500,10173273,65f9cb2ed3f4d0f65e1ce9366c9402dcac438acb,2021-10-15T14:16:45.000Z,sohanad,2,splinterlands,1,2021-10-16T14:16:45.000Z,DEC,7.000,DEC,7.000,7.000,,,,C1-44-KW9EQQA134,44,false,0,1
11206008,f63a8444321b54e1627d356ed4b215e7a124dfe6-102,smalp,1,49.950,500,11206008,54eed0c685d7f2736da7a372fd02b0fe807609a4,2021-10-15T11:13:57.000Z,sohanad,2,splinterlands,1,2021-10-16T11:13:57.000Z,DEC,49.950,DEC,49.950,49.950,,,,C-RQ71749VTC,39,false,8500,0
14899456,9f6e0aae034f01c77c44bf38ae24db89ce7ee09c-66,jarvie,1,29.450,500,14899456,b2bf715e93ca081a62a1a30c7fd0518c6f7b59a4,2021-10-13T13:19:42.000Z,sohanad,2,peakmonsters,1,2021-10-14T13:19:42.000Z,DEC,29.450,DEC,29.450,29.450,,,,C-4IFCZRL2XS,18,false,700,0
14936165,6c4d8ffb534006e9f7744186e47b3da64627a288-96,exyle,1,12.405,500,14936165,5ac790f773c930019ad4c3e5e1bc08ce0fcc6a3e,2021-10-13T13:18:36.000Z,sohanad,2,peakmonsters,1,2021-10-14T13:18:36.000Z,DEC,12.405,DEC,12.405,12.405,,,,G-9A3G3D0V6O,12,true,250,0
9986659,7131a116a1d54d8e262eab4b683f3fdec4f49938-16,lucky-cards,1,9.900,500,9986659,5ac790f773c930019ad4c3e5e1bc08ce0fcc6a3e,2021-10-13T13:18:36.000Z,sohanad,2,peakmonsters,1,2021-10-14T13:18:36.000Z,DEC,9.900,DEC,9.900,9.900,,,,G3-91-7S1XLLWU34,91,true,200,3
15625990,561cf542b15587eeff64a349d549347298767af8-135,velourex,1,9.400,500,15625990,5ac790f773c930019ad4c3e5e1bc08ce0fcc6a3e,2021-10-13T13:18:36.000Z,sohanad,2,peakmonsters,1,2021-10-14T13:18:36.000Z,DEC,9.400,DEC,9.400,9.400,,,,G3-103-9FSI97XTGG,103,true,200,3
15092518,425669980d67e6f43119410d17c6dfc41e3f1226-0,cal1,1,13.000,500,15092518,5ac790f773c930019ad4c3e5e1bc08ce0fcc6a3e,2021-10-13T13:18:36.000Z,sohanad,2,peakmonsters,1,2021-10-14T13:18:36.000Z,DEC,13.000,DEC,13.000,13.000,,,,G1-14-D8FBU4U4WW,14,true,200,1
10556563,6820f38d20a9a5a0aa48ba7d28c64ddf42d520a6-0,vimukthi,1,4.700,500,10556563,5ac790f773c930019ad4c3e5e1bc08ce0fcc6a3e,2021-10-13T13:18:36.000Z,sohanad,2,peakmonsters,1,2021-10-14T13:18:36.000Z,DEC,4.700,DEC,4.700,4.700,,,,G4-169-ESPOE1U1OW,169,true,1,4
11062808,da14dd4df35c1dfcd03a320d13056796299d5cc3-1,lucky-cards,1,4.700,500,11062808,b05eeb5d55d16a4e7b947f142945e361ef70ebfa,2021-10-08T07:29:12.000Z,sohanad,2,peakmonsters,1,2021-10-09T07:29:12.000Z,DEC,4.700,DEC,4.700,4.700,,,,G1-12-QCRI1EV7C0,12,true,200,1
10383884,f0c62ba4fdb0849a2e85c60b7757d93d1bb9162f-0,splinterlander,1,9.890,500,10383884,b05eeb5d55d16a4e7b947f142945e361ef70ebfa,2021-10-08T07:29:12.000Z,sohanad,2,peakmonsters,1,2021-10-09T07:29:12.000Z,DEC,9.890,DEC,9.890,9.890,,,,G4-178-Z9RO5BT2TC,178,true,1,4
15501058,ea31f633b41b33a511fc810ded97c3c183b1df1c-1,lucky-cards,1,13.900,500,15501058,b05eeb5d55d16a4e7b947f142945e361ef70ebfa,2021-10-08T07:29:12.000Z,sohanad,2,peakmonsters,1,2021-10-09T07:29:12.000Z,DEC,13.900,DEC,13.900,13.900,,,,G1-14-II2GN8TJWG,14,true,200,1
11535244,f0c4ea6aa104688609404ebb9a92f9be4f21bf16-0,shaidon,1,11.644,500,11535244,b05eeb5d55d16a4e7b947f142945e361ef70ebfa,2021-10-08T07:29:12.000Z,sohanad,2,peakmonsters,1,2021-10-09T07:29:12.000Z,DEC,11.644,DEC,11.644,11.644,,,,G3-103-705X2ZXVW0,103,true,200,3