﻿id,sell_trx_id,seller,num_cards,buy_price,fee_percent,market_item_id,rental_tx,rental_date,renter,status,market_account,rental_days,next_rental_payment,payment_currency,payment_amount,escrow_currency,escrow_amount,paid_amount,cancel_tx,cancel_player,cancel_date,card_id,card_detail_id,gold,xp,edition
9494968,b17d12793e498c7a29ea97c09c4465c2011ceb54-13,smalp,1,31.341,500,9494968,da52603d573e076ad7353825f1cdf417483886d0,2021-10-30T05:22:36.000Z,mimikatz,2,splinterlands,1,2021-10-31T05:22:36.000Z,DEC,31.341,DEC,31.341,31.341,,,,G3-131-60W6Y5R24W,131,true,400,3
12136137,8d05e470cb7a0bfbc5a400268b936b5183f14cfa-104,clove71,1,16.578,500,12136137,a276fb8f328585fc8d2f7df86d27002e08bb5a8b,2021-10-29T07:53:06.000Z,mimikatz,2,peakmonsters,1,2021-10-30T07:53:06.000Z,DEC,16.578,DEC,16.578,16.578,,,,G3-91-KKUY5AZ8A8,91,true,200,3
11914193,76dfd7429aa58a93042a5b6252ac83dec5cd5bba-0,reimerlin,1,8.000,500,11914193,3c425f69d2bbcae9c6b397391db761a7b88c6587,2021-10-29T07:52:09.000Z,mimikatz,2,peakmonsters,1,2021-10-30T07:52:09.000Z,DEC,8.000,DEC,8.000,8.000,,,,C-1IFDDA9LA8,12,false,80,0
12663382,b65d3c888b4df0f70c41e18ac4e63a490c051211-0,imno,1,6.648,500,12663382,07ad75b6de0b62f88be3ec82f4de62d6c61a048d,2021-10-29T07:51:57.000Z,mimikatz,2,peakmonsters,1,2021-10-30T07:51:57.000Z,DEC,6.648,DEC,6.648,6.648,,,,C0-18-U3QZ6YC0WW,18,false,100,0
16296994,5593416daba76410070df2b59d81868ed634fff2-0,marselmar,1,40.000,500,16296994,8766d5db8f21f55a4a80efd7726034fed3da74b2,2021-10-29T07:51:51.000Z,mimikatz,2,peakmonsters,1,2021-10-30T07:51:51.000Z,DEC,40.000,DEC,40.000,40.000,,,,G4-178-AA2TQTBQ28,178,true,1,4
10582825,484f984d56564a97d776a2820d30e26f69c7c241-1,jlordc,1,3.950,500,10582825,8766d5db8f21f55a4a80efd7726034fed3da74b2,2021-10-29T07:51:51.000Z,mimikatz,2,peakmonsters,1,2021-10-30T07:51:51.000Z,DEC,3.950,DEC,3.950,3.950,,,,G4-169-7F4NUAFROW,169,true,1,4
12136051,8d05e470cb7a0bfbc5a400268b936b5183f14cfa-18,clove71,1,12.900,500,12136051,8766d5db8f21f55a4a80efd7726034fed3da74b2,2021-10-29T07:51:51.000Z,mimikatz,2,peakmonsters,1,2021-10-30T07:51:51.000Z,DEC,12.900,DEC,12.900,12.900,,,,G3-103-Z4NEPAXARK,103,true,200,3
10311337,abab5a2d80f7c88eda3b94e5ee636d38c09db4ac-0,farm5,1,15.000,500,10311337,8766d5db8f21f55a4a80efd7726034fed3da74b2,2021-10-29T07:51:51.000Z,mimikatz,2,peakmonsters,1,2021-10-30T07:51:51.000Z,DEC,15.000,DEC,15.000,15.000,,,,G1-14-KA8RHE6HW0,14,true,200,1
17336831,5c40862e7cd5c1dfc6310659579e57fb166a1f4f-34,renterlands,1,7.300,500,17336831,7824c185080ae1c351b8631924c08a5835d99868,2021-10-25T02:15:45.000Z,mimikatz,2,peakmonsters,1,2021-10-26T02:15:45.000Z,DEC,7.300,DEC,7.300,7.300,,,,C-ZSYYVLSTRK,18,false,100,0
17554814,548b7605f9878a1961c17dc408cb985a90c74269-4,olleo,1,11.600,500,17554814,c907770b35a8316879f5099c9d2921cc899c353a,2021-10-25T02:15:03.000Z,mimikatz,2,peakmonsters,1,2021-10-26T02:15:03.000Z,DEC,11.600,DEC,11.600,11.600,,,,G3-103-D1YSHDN4PC,103,true,200,3
12122525,e023bada20bd1a333dcb8988bb3663362db7fd4e-0,craigt,1,19.900,500,12122525,37717b2640df731961b47ff4edc009d45f5a1209,2021-10-17T00:57:45.000Z,mimikatz,2,peakmonsters,1,2021-10-18T00:57:45.000Z,DEC,19.900,DEC,19.900,19.900,,,,G3-91-X7WR8GWSE8,91,true,200,3
10149848,559bbff6b585203d096a80853ead7ff95f926ef5-0,hammers,1,7.990,500,10149848,ee171ee41715f341525e30598b2dec9ef448854c,2021-10-17T00:47:36.000Z,mimikatz,2,peakmonsters,1,2021-10-18T00:47:36.000Z,DEC,7.990,DEC,7.990,7.990,,,,C4-293-X4CWGC06U8,293,false,1,4
15803769,a44cbc104311bad690480624c4f951506f590e0f-27,sirdemian,1,49.750,500,15803769,e80491d4211355e114abd5f1be522a7d2347acd0,2021-10-17T00:47:27.000Z,mimikatz,2,peakmonsters,1,2021-10-18T00:47:27.000Z,DEC,49.750,DEC,49.750,49.750,,,,G4-178-XX9RNN4ZWW,178,true,1,4
13218131,7189a85c6d6c0a3ffe6af55c8681003a9d91dff6-4,monstergames,1,4.221,500,13218131,b0335f56ab37899562b19154ba6460304e997ba6,2021-10-17T00:46:03.000Z,mimikatz,2,peakmonsters,1,2021-10-18T00:46:03.000Z,DEC,4.221,DEC,4.221,4.221,,,,G1-12-R086Z2BI80,12,true,200,1
10718204,4d4581b9e28cb6f0819f6611c0db1964d18b9507-0,popsiclezone,1,8.500,500,10718204,b0335f56ab37899562b19154ba6460304e997ba6,2021-10-17T00:46:03.000Z,mimikatz,2,peakmonsters,1,2021-10-18T00:46:03.000Z,DEC,8.500,DEC,8.500,8.500,,,,G4-169-PORDOBF6J4,169,true,1,4
10426263,6c94a49150279acb51c5fb9d01e2734d1da74336-4,foggybottom,1,12.335,500,10426263,b0335f56ab37899562b19154ba6460304e997ba6,2021-10-17T00:46:03.000Z,mimikatz,2,peakmonsters,1,2021-10-18T00:46:03.000Z,DEC,12.335,DEC,12.335,12.335,,,,G1-14-PSFACC4ADS,14,true,200,1
10543975,ca76bc2183b310140fb0fb5a71920e5724b7cc74-0,sonniwins,1,24.800,500,10543975,b0335f56ab37899562b19154ba6460304e997ba6,2021-10-17T00:46:03.000Z,mimikatz,2,peakmonsters,1,2021-10-18T00:46:03.000Z,DEC,24.800,DEC,24.800,24.800,,,,G1-18-K4X3UA8U0G,18,true,400,1
11379312,e9bc96eb98a4c7693f99cb5411c65701150ca688-0,davemccoy,1,12.739,500,11379312,b0335f56ab37899562b19154ba6460304e997ba6,2021-10-17T00:46:03.000Z,mimikatz,2,peakmonsters,1,2021-10-18T00:46:03.000Z,DEC,12.739,DEC,12.739,12.739,,,,G3-103-ACTUCWNYI8,103,true,200,3
9467198,1d7e75b29a767e42c1462f390efb900d25a3f5a6-31,smalp,1,73.108,500,9467198,6f6fe671f9ac2caeaf8c85bf71d22905ed6c821b,2021-10-15T11:00:06.000Z,mimikatz,2,splinterlands,1,2021-10-16T11:00:06.000Z,DEC,73.108,DEC,73.108,73.108,,,,C1-5-5PHO7P49Y8,5,false,8550,1
9494968,b17d12793e498c7a29ea97c09c4465c2011ceb54-13,smalp,1,31.341,500,9494968,e166a9dd704fd909696f090f72797ce5eff93380,2021-10-12T04:42:30.000Z,mimikatz,2,peakmonsters,1,2021-10-13T04:42:30.000Z,DEC,31.341,DEC,31.341,31.341,,,,G3-131-60W6Y5R24W,131,true,400,3
14873279,e6aaf02846ab0c3cf664ce73a9de0f2c3d41f4a0-1,mountainjewel,1,15.950,500,14873279,e166a9dd704fd909696f090f72797ce5eff93380,2021-10-12T04:42:30.000Z,mimikatz,2,peakmonsters,1,2021-10-13T04:42:30.000Z,DEC,15.950,DEC,15.950,15.950,,,,G1-14-0NA11IKZQO,14,true,200,1
11463489,94093b3840f8a3a69175875405152486177ebee9-4,monstergames,1,8.182,500,11463489,e166a9dd704fd909696f090f72797ce5eff93380,2021-10-12T04:42:30.000Z,mimikatz,2,peakmonsters,1,2021-10-13T04:42:30.000Z,DEC,8.182,DEC,8.182,8.182,,,,G1-12-PD74F135GG,12,true,200,1
10426937,d6a69f1baf0469cabf439a3dfad073c02d17274f-0,cyguy,1,29.850,500,10426937,e166a9dd704fd909696f090f72797ce5eff93380,2021-10-12T04:42:30.000Z,mimikatz,2,peakmonsters,1,2021-10-13T04:42:30.000Z,DEC,29.850,DEC,29.850,29.850,,,,G1-18-QNQ320FXTS,18,true,400,1
15866097,7c9f9025de291db24b404ba55eb6bfe85703094d-19,fighter4-freedom,1,8.000,500,15866097,e166a9dd704fd909696f090f72797ce5eff93380,2021-10-12T04:42:30.000Z,mimikatz,2,peakmonsters,1,2021-10-13T04:42:30.000Z,DEC,8.000,DEC,8.000,8.000,,,,G4-169-W9AW1E7X9S,169,true,1,4
10292797,e9f1e64f9ef9223a4dd97a0ec8ef60d2b9ae3afa-8,alexvan,1,9.000,500,10292797,e166a9dd704fd909696f090f72797ce5eff93380,2021-10-12T04:42:30.000Z,mimikatz,2,peakmonsters,1,2021-10-13T04:42:30.000Z,DEC,9.000,DEC,9.000,9.000,,,,G3-91-VFZ90X0FKG,91,true,200,3
15417718,0d83d3aabcb95e7ae9c714e03e26425571d8a0ee-46,legendarycanary,1,2.950,500,15417718,1ec0556aeb61622d02f88c49db6b3de973f85d6f,2021-10-07T15:27:24.000Z,mimikatz,2,peakmonsters,1,2021-10-08T15:27:24.000Z,DEC,2.950,DEC,2.950,2.950,,,,G4-171-M2Z41WBXDS,171,true,1,4
10760914,894ed0ffe6f6385cb52d5fb4a1bca7f9f49fd2b3-0,popsiclezone,1,9.000,500,10760914,a27bfe2e669de6a28eebea3d025f5544a4679212,2021-10-07T15:26:42.000Z,mimikatz,2,peakmonsters,1,2021-10-08T15:26:42.000Z,DEC,9.000,DEC,9.000,9.000,,,,G4-169-E07TFVRDPS,169,true,1,4
12730890,95c7d7ad961179666c138e6d646d5422f0c557ff-0,holzhackerbuam,1,14.900,500,12730890,a27bfe2e669de6a28eebea3d025f5544a4679212,2021-10-07T15:26:42.000Z,mimikatz,2,peakmonsters,1,2021-10-08T15:26:42.000Z,DEC,14.900,DEC,14.900,14.900,,,,G1-14-IBBMQAYL34,14,true,200,1
10779371,ac961a66bfc50671f286c8cf7a1e58a76ddf386a-0,splintercards,1,27.000,500,10779371,aa7001f8ea4620bad302e3f05d467936c27aaed3,2021-10-03T03:03:42.000Z,mimikatz,2,peakmonsters,1,2021-10-04T03:03:42.000Z,DEC,27.000,DEC,27.000,27.000,,,,G3-131-YJLV39C4GG,131,true,400,3
10572099,7c4d863295da1758d638321e66f10118036130f7-3,feedo,1,3.850,500,10572099,b468aed712e60940406d4e247bfcd2ffbc99ef0c,2021-10-03T03:03:24.000Z,mimikatz,2,peakmonsters,1,2021-10-04T03:03:24.000Z,DEC,3.850,DEC,3.850,3.850,,,,G4-169-GF88RM3PU8,169,true,1,4
13215639,9ea709c014cb1dae46f59cd7afd745d25e294de2-1,monstergames,1,19.337,500,13215639,b468aed712e60940406d4e247bfcd2ffbc99ef0c,2021-10-03T03:03:24.000Z,mimikatz,2,peakmonsters,1,2021-10-04T03:03:24.000Z,DEC,19.337,DEC,19.337,19.337,,,,G1-18-F9TROZZK4W,18,true,400,1
10600978,350d95884e96566481d7e4f260f753633b490b23-86,namelessnameless,1,9.844,500,10600978,b468aed712e60940406d4e247bfcd2ffbc99ef0c,2021-10-03T03:03:24.000Z,mimikatz,2,peakmonsters,1,2021-10-04T03:03:24.000Z,DEC,9.844,DEC,9.844,9.844,,,,G3-103-L01UZBU1A8,103,true,200,3
10426265,6c94a49150279acb51c5fb9d01e2734d1da74336-6,foggybottom,1,12.335,500,10426265,b468aed712e60940406d4e247bfcd2ffbc99ef0c,2021-10-03T03:03:24.000Z,mimikatz,2,peakmonsters,1,2021-10-04T03:03:24.000Z,DEC,12.335,DEC,12.335,12.335,,,,G1-14-W7302QPJ6O,14,true,200,1
11612712,54d14341bb334cd4d760c6ac56a7ff1bee2ea2ad-6,iamdarrenclaxton,1,30.000,500,11612712,b468aed712e60940406d4e247bfcd2ffbc99ef0c,2021-10-03T03:03:24.000Z,mimikatz,2,peakmonsters,1,2021-10-04T03:03:24.000Z,DEC,30.000,DEC,30.000,30.000,,,,G4-178-P280BUIS1C,178,true,1,4