﻿id,sell_trx_id,seller,num_cards,buy_price,fee_percent,market_item_id,rental_tx,rental_date,renter,status,market_account,rental_days,next_rental_payment,payment_currency,payment_amount,escrow_currency,escrow_amount,paid_amount,cancel_tx,cancel_player,cancel_date,card_id,card_detail_id,gold,xp,edition
17920818,bc32b0b921e5f6f651dabc21967055ed97f71bb1-0,rege1,1,15.000,500,17920818,9e168e96b32b1a03e0092dad45b436d06c68099c,2021-11-01T14:42:06.000Z,ursnif,2,peakmonsters,1,2021-11-02T14:42:06.000Z,DEC,15.000,DEC,15.000,15.000,,,,G3-91-OHODHT7JMO,91,true,200,3
12524746,a2b1843aa21e6f49c48cb916ca2b3508795034f6-0,bitcoinportugal,1,11.800,500,12524746,89904f07c45ec9318abb84226d592bdbb2b60764,2021-11-01T14:41:18.000Z,ursnif,2,peakmonsters,1,2021-11-02T14:41:18.000Z,DEC,11.800,DEC,11.800,11.800,,,,G3-103-HOKQVZH4XC,103,true,200,3
10616593,e0f050624314214a7d25c0793561959632ee6f74-14,jeffjagoe,1,14.950,500,10616593,f508c70e68f7f0283135ff881b8fb5556e1cfcd4,2021-11-01T14:36:39.000Z,ursnif,2,peakmonsters,1,2021-11-02T14:36:39.000Z,DEC,14.950,DEC,14.950,14.950,,,,C-KMVQSLLVDS,18,false,300,0
10989600,3fb55c6910e11ae2ba1f79571314fafd21d43e0d-18,deezrentals,1,7.400,500,10989600,a847f9fdc252a40d08bc8df4d0dad88896f058da,2021-11-01T14:35:57.000Z,ursnif,2,peakmonsters,1,2021-11-02T14:35:57.000Z,DEC,7.400,DEC,7.400,7.400,,,,C4-293-YJ802W9P3K,293,false,1,4
10109870,620938c971e4f713de893f4ee4c36362c9fa482a-3,monsterveritas,1,27.949,500,10109870,45700984121b0e1f4e1401f1f8f28739a688e199,2021-11-01T14:35:48.000Z,ursnif,2,peakmonsters,1,2021-11-02T14:35:48.000Z,DEC,27.949,DEC,27.949,27.949,,,,G3-131-BZIVES88EO,131,true,400,3
18508437,d9c7456b7ac2ef12191e5d239708187f92d5e243-55,matt-dub,1,14.950,500,18508437,d3012206c23e19bb25062a8c877d58e05b85c96e,2021-11-01T14:35:27.000Z,ursnif,2,peakmonsters,1,2021-11-02T14:35:27.000Z,DEC,14.950,DEC,14.950,14.950,,,,G1-14-7KMAC8PJRK,14,true,200,1
11062808,da14dd4df35c1dfcd03a320d13056796299d5cc3-1,lucky-cards,1,4.700,500,11062808,abd84b029396214e4caaf518df5923b4b2677695,2021-11-01T14:35:18.000Z,ursnif,2,peakmonsters,1,2021-11-02T14:35:18.000Z,DEC,4.700,DEC,4.700,4.700,,,,G1-12-QCRI1EV7C0,12,true,200,1
12852193,12a6c4c3ce8ac8a76d1240272ff7608e3531f914-0,spirits4you,1,20.000,500,12852193,5901eb366742158e24ff2a4f612aedf9efe22fd6,2021-11-01T14:35:09.000Z,ursnif,2,peakmonsters,1,2021-11-02T14:35:09.000Z,DEC,20.000,DEC,20.000,20.000,,,,G4-178-RNTA7RE2W0,178,true,1,4
18509770,2180739c362fe85682dda2b4c19e99e5fcb20f8c-87,matt-dub,1,3.700,500,18509770,5901eb366742158e24ff2a4f612aedf9efe22fd6,2021-11-01T14:35:09.000Z,ursnif,2,peakmonsters,1,2021-11-02T14:35:09.000Z,DEC,3.700,DEC,3.700,3.700,,,,G4-169-N3KL2O6KK0,169,true,1,4
10294971,0b057c1646e4e1d2926b3733b63ca30bd3930344-6,pbj214,1,54.850,500,10294971,43138c8a4b4225baf556aaa602e49ac44a7e7561,2021-10-30T02:55:51.000Z,ursnif,2,splinterlands,1,2021-10-31T02:55:51.000Z,DEC,54.850,DEC,54.850,54.850,,,,C-FI5MAAZZV4,54,false,11750,1
14791926,086537f9bc8a775e580b7b71f98fc966f153dee0-0,danielsaori,1,9.950,500,14791926,9df559fb8faeb4fe30ce4702ddcebd2460a3c359,2021-10-26T23:38:51.000Z,ursnif,2,peakmonsters,1,2021-10-27T23:38:51.000Z,DEC,9.950,DEC,9.950,9.950,,,,C0-18-C0X1E48OLC,18,false,400,0
16972428,6a2daa9a7c275366c4dcaffa48c0468b8f1652e5-2,grosh,1,4.345,500,16972428,2761d7add9df5e402088701c2242e51e02a45d32,2021-10-26T23:38:03.000Z,ursnif,2,peakmonsters,1,2021-10-27T23:38:03.000Z,DEC,4.345,DEC,4.345,4.345,,,,C3-131-1KEU6XZQOG,131,false,0,3
15802353,fcbc1f83033e397573d86859c09c8e3210e1d519-0,moon32walker,1,8.200,500,15802353,8f4d6b99775a2293ed533092f985427bb5fdc4f2,2021-10-26T23:37:51.000Z,ursnif,2,peakmonsters,1,2021-10-27T23:37:51.000Z,DEC,8.200,DEC,8.200,8.200,,,,G4-169-XWPGXB9UBK,169,true,1,4
15495529,5fc11f7f9425f80ef45febcdc88610f7394f60c4-2,mulletwang,1,18.000,500,15495529,366b0d35349a1ec3e6b6a89ce53d760800464cf7,2021-10-26T23:36:48.000Z,ursnif,2,peakmonsters,1,2021-10-27T23:36:48.000Z,DEC,18.000,DEC,18.000,18.000,,,,G1-14-XKFZS2PVWW,14,true,200,1
17294937,71fe761841f7b1c962bf7738f1df56e23d94a134-0,farm2,1,20.000,500,17294937,366b0d35349a1ec3e6b6a89ce53d760800464cf7,2021-10-26T23:36:48.000Z,ursnif,2,peakmonsters,1,2021-10-27T23:36:48.000Z,DEC,20.000,DEC,20.000,20.000,,,,G3-91-8QZS6PHEZ4,91,true,200,3
10183607,dd0a4b20c4b54ab316455677bc23c968e476543c-8,digital-fortress,1,9.944,500,10183607,366b0d35349a1ec3e6b6a89ce53d760800464cf7,2021-10-26T23:36:48.000Z,ursnif,2,peakmonsters,1,2021-10-27T23:36:48.000Z,DEC,9.944,DEC,9.944,9.944,,,,G3-103-LAOE7AK7OW,103,true,200,3
15909970,71e63f5151ec917998112d139967de08280bac54-66,moriarty95,1,49.700,500,15909970,366b0d35349a1ec3e6b6a89ce53d760800464cf7,2021-10-26T23:36:48.000Z,ursnif,2,peakmonsters,1,2021-10-27T23:36:48.000Z,DEC,49.700,DEC,49.700,49.700,,,,G4-178-DQ54PQCOK0,178,true,1,4
16554057,dbf14f56d4dcc2f3a62384a406920a46646127f9-82,avestan,1,14.850,500,16554057,366b0d35349a1ec3e6b6a89ce53d760800464cf7,2021-10-26T23:36:48.000Z,ursnif,2,peakmonsters,1,2021-10-27T23:36:48.000Z,DEC,14.850,DEC,14.850,14.850,,,,G-42B475Z5B4,12,true,250,0
11048227,9dc7256f283cf698def149eaf28e8a4e5ee22464-3,ojamajo,1,10.000,500,11048227,da96aba926a68debf9d1a947509051b2c7159d02,2021-10-21T13:01:39.000Z,ursnif,2,peakmonsters,1,2021-10-22T13:01:39.000Z,DEC,10.000,DEC,10.000,10.000,,,,C-T753AXE7N4,18,false,100,0
10428204,4b0f4c7b464ab5f9a45e7f4ef4982acab4a43985-0,gungunkrishu,1,25.000,500,10428204,14f11355b7bdf1b6eec7188c739d4ac446764365,2021-10-21T13:01:18.000Z,ursnif,2,peakmonsters,1,2021-10-22T13:01:18.000Z,DEC,25.000,DEC,25.000,25.000,,,,G3-91-JM77BGWHJ4,91,true,200,3
10155538,32e0a8c7d8ecec667b73cf3ccaacc6bb4be8f42f-0,gigel7,1,14.000,500,10155538,fe1624d212ab55ff94978d01c14185fd261ceda4,2021-10-21T13:01:03.000Z,ursnif,2,peakmonsters,1,2021-10-22T13:01:03.000Z,DEC,14.000,DEC,14.000,14.000,,,,G3-103-65Q8OGHNMO,103,true,200,3
15186981,0076ae7b01592653e58ad1e49549e26147abab25-60,world4play2earn,1,5.740,500,15186981,deb480b4d470f052dc579a6983485a194a3dbba0,2021-10-21T13:00:33.000Z,ursnif,2,peakmonsters,1,2021-10-22T13:00:33.000Z,DEC,5.740,DEC,5.740,5.740,,,,C3-131-NWEOSUD64G,131,false,0,3
15417469,561f636a00e8a52f6a715954966e7b701809efa0-28,legendarycanary,1,4.790,500,15417469,ec2f0517fcdacf493072d778d060bbc8f9698bb0,2021-10-21T13:00:24.000Z,ursnif,2,peakmonsters,1,2021-10-22T13:00:24.000Z,DEC,4.790,DEC,4.790,4.790,,,,G1-12-BPIFGXS6Z4,12,true,200,1
15866097,7c9f9025de291db24b404ba55eb6bfe85703094d-19,fighter4-freedom,1,8.000,500,15866097,ec2f0517fcdacf493072d778d060bbc8f9698bb0,2021-10-21T13:00:24.000Z,ursnif,2,peakmonsters,1,2021-10-22T13:00:24.000Z,DEC,8.000,DEC,8.000,8.000,,,,G4-169-W9AW1E7X9S,169,true,1,4
15495529,5fc11f7f9425f80ef45febcdc88610f7394f60c4-2,mulletwang,1,18.000,500,15495529,ec2f0517fcdacf493072d778d060bbc8f9698bb0,2021-10-21T13:00:24.000Z,ursnif,2,peakmonsters,1,2021-10-22T13:00:24.000Z,DEC,18.000,DEC,18.000,18.000,,,,G1-14-XKFZS2PVWW,14,true,200,1
15777837,9ff0e8198cb3b54e47748e39ca2474408d8bb680-0,codebull,1,6.000,500,15777837,ec2f0517fcdacf493072d778d060bbc8f9698bb0,2021-10-21T13:00:24.000Z,ursnif,2,peakmonsters,1,2021-10-22T13:00:24.000Z,DEC,6.000,DEC,6.000,6.000,,,,G4-171-A64DLTG3MO,171,true,1,4
15583087,057b6e5e068b3196263d446b8f836ee022e6be91-3,fighter4-freedom,1,4.400,500,15583087,995c7e7e3470fc788773d4d7c1482e8fac83f24f,2021-10-15T01:04:18.000Z,ursnif,2,peakmonsters,1,2021-10-16T01:04:18.000Z,DEC,4.400,DEC,4.400,4.400,,,,C3-131-TU2TFDT90W,131,false,0,3
11168510,b4018c8c184b2c6e517fcf59e2144b8d9ea0e120-4,janoshik,1,0.490,500,11168510,341763d9a73332c8df485cb0e010cc97e78f12e1,2021-10-15T00:59:03.000Z,ursnif,2,peakmonsters,1,2021-10-16T00:59:03.000Z,DEC,0.490,DEC,0.490,0.490,,,,C3-91-X6SE8Z4LE8,91,false,0,3
10792320,ce6d4cd2b94d489fb76c53bfba3468810cb91085-0,d-pend,1,199.990,500,10792320,574cd713ff97370b2f30fc0699e9b043cc1390e1,2021-10-14T20:24:00.000Z,ursnif,2,splinterlands,1,2021-10-15T20:24:00.000Z,DEC,199.990,DEC,199.990,199.990,,,,C1-59-BOASHQG9UO,59,false,7500,1
11608937,7ad5a2407e57b8f62937269650e3be4e8f341f3d-0,giker,1,9.850,500,11608937,c16b36982b35b2f18e038baa1a52a38a918c9cc3,2021-10-11T01:30:27.000Z,ursnif,2,peakmonsters,1,2021-10-12T01:30:27.000Z,DEC,9.850,DEC,9.850,9.850,,,,C4-293-3NMUZBKBC0,293,false,1,4
15449600,5278cd488dcb7b4a5fb9e74c1e6efb0a2dcf420a-0,bitcoincoimbra,1,2.900,500,15449600,f33c4576ba4d06d603d93788b62952a4569844ad,2021-10-11T01:30:21.000Z,ursnif,2,peakmonsters,1,2021-10-12T01:30:21.000Z,DEC,2.900,DEC,2.900,2.900,,,,G4-171-RCS354YUJ4,171,true,1,4
10297224,7f0e23a33588e5a10cdc911171474c6d8f89ef2d-0,bang0,1,14.000,500,10297224,f33c4576ba4d06d603d93788b62952a4569844ad,2021-10-11T01:30:21.000Z,ursnif,2,peakmonsters,1,2021-10-12T01:30:21.000Z,DEC,14.000,DEC,14.000,14.000,,,,G3-103-AF07869M3K,103,true,200,3
15862382,b2e8c1f9b801dcc56554ca604919e2afc228e965-21,fighter4-freedom,1,24.000,500,15862382,f33c4576ba4d06d603d93788b62952a4569844ad,2021-10-11T01:30:21.000Z,ursnif,2,peakmonsters,1,2021-10-12T01:30:21.000Z,DEC,24.000,DEC,24.000,24.000,,,,G1-18-2YRUDCCAFK,18,true,400,1
11548106,43f06651e8729a636ea680b34a10d2843ea843b2-10,davemccoy,1,7.217,500,11548106,f33c4576ba4d06d603d93788b62952a4569844ad,2021-10-11T01:30:21.000Z,ursnif,2,peakmonsters,1,2021-10-12T01:30:21.000Z,DEC,7.217,DEC,7.217,7.217,,,,G1-12-R46FCV7VZK,12,true,200,1
10310705,de2a1d584f014f043dfec9f24593a50b76b2b53d-0,farm4,1,12.000,500,10310705,f33c4576ba4d06d603d93788b62952a4569844ad,2021-10-11T01:30:21.000Z,ursnif,2,peakmonsters,1,2021-10-12T01:30:21.000Z,DEC,12.000,DEC,12.000,12.000,,,,G1-14-Z5VPA9P49S,14,true,200,1
10432549,a6fd62f9dde4b3d29c9775d727742b59952814d9-0,alexis0100,1,17.900,500,10432549,f33c4576ba4d06d603d93788b62952a4569844ad,2021-10-11T01:30:21.000Z,ursnif,2,peakmonsters,1,2021-10-12T01:30:21.000Z,DEC,17.900,DEC,17.900,17.900,,,,G4-178-PUNSF8QG0G,178,true,1,4
10682941,b1964f982d20f80c8f667eafd58327135caab837-0,pladozero,1,9.900,500,10682941,29f15fafdeac0c01028cd792e1c0437704591cc7,2021-10-05T10:14:15.000Z,ursnif,2,peakmonsters,1,2021-10-06T10:14:15.000Z,DEC,9.900,DEC,9.900,9.900,,,,G3-91-32EE9VJ53K,91,true,200,3
10496474,6a5513fd748bfd2670a40a7e386213e99c7076bc-11,aatrox,1,4.200,500,10496474,29f15fafdeac0c01028cd792e1c0437704591cc7,2021-10-05T10:14:15.000Z,ursnif,2,peakmonsters,1,2021-10-06T10:14:15.000Z,DEC,4.200,DEC,4.200,4.200,,,,G1-12-J89PUAMNV4,12,true,200,1
13957382,2cad69159fa87198abd17ac96585f295eee30d52-0,onefatindian,1,9.500,500,13957382,29f15fafdeac0c01028cd792e1c0437704591cc7,2021-10-05T10:14:15.000Z,ursnif,2,peakmonsters,1,2021-10-06T10:14:15.000Z,DEC,9.500,DEC,9.500,9.500,,,,G3-103-YNQN9PW3YO,103,true,200,3
9386875,25b8ab88baf82d4f8a2d87e8d1596e3530bf26d0-2,monstergames,1,12.248,500,9386875,29f15fafdeac0c01028cd792e1c0437704591cc7,2021-10-05T10:14:15.000Z,ursnif,2,peakmonsters,1,2021-10-06T10:14:15.000Z,DEC,12.248,DEC,12.248,12.248,,,,G1-18-D8URYODENK,18,true,400,1
10974460,e739fb3075b965048edd16b96851d77bf9c97e9b-0,ilpobre,1,1.750,500,10974460,29f15fafdeac0c01028cd792e1c0437704591cc7,2021-10-05T10:14:15.000Z,ursnif,2,peakmonsters,1,2021-10-06T10:14:15.000Z,DEC,1.750,DEC,1.750,1.750,,,,G4-171-DEVLUQ94CW,171,true,1,4