﻿id,sell_trx_id,seller,num_cards,buy_price,fee_percent,market_item_id,rental_tx,rental_date,renter,status,market_account,rental_days,next_rental_payment,payment_currency,payment_amount,escrow_currency,escrow_amount,paid_amount,cancel_tx,cancel_player,cancel_date,card_id,card_detail_id,gold,xp,edition
9472370,fcf5e7ffae27f8a5603dc247a89e8e37729f5001-127,smalp,1,115.531,500,9472370,291f4c8ae04f405fe27bc1ba3e5d5323cd1cd9a8,2021-10-30T05:18:54.000Z,kovter,2,splinterlands,1,2021-10-31T05:18:54.000Z,DEC,115.531,DEC,115.531,115.531,,,,C4-293-1BHMB7O7GW,293,false,46,4
11044784,c3ea17abfd94e0b58004c4273967da59a84be3c5-41,smalp,1,52.543,500,11044784,9dcb4f6d1667e70c2ed508d4497eca490448a1a8,2021-10-30T05:17:21.000Z,kovter,2,splinterlands,1,2021-10-31T05:17:21.000Z,DEC,52.543,DEC,52.543,52.543,,,,G4-172-R9ZBZN7TWG,172,true,2,4
17169413,1689bf0b8531e09bfd77e52b69249f698d61982e-89,slugf,1,5.000,500,17169413,a2c052d7d3d5849dadffc866fbb13552778397cf,2021-10-28T14:45:30.000Z,kovter,2,peakmonsters,1,2021-10-29T14:45:30.000Z,DEC,5.000,DEC,5.000,5.000,,,,G4-169-QPM7GLC668,169,true,1,4
11330017,3312f54e85269a0c431eff956b9eb64826a02a66-0,bitcoinportugal,1,18.990,500,11330017,9f9be92fb18b921d261ed1da9da9945aa16d38c8,2021-10-28T14:45:12.000Z,kovter,2,peakmonsters,1,2021-10-29T14:45:12.000Z,DEC,18.990,DEC,18.990,18.990,,,,G3-91-GBQFSR92U8,91,true,200,3
15416326,0bf4a333aa4dbbd915f7ad110c8d58f7ae6929fe-31,legendarycanary,1,27.849,500,15416326,f4f085a27598de55c582d17c8192fc81c4ba9bf4,2021-10-28T14:44:45.000Z,kovter,2,peakmonsters,1,2021-10-29T14:44:45.000Z,DEC,27.849,DEC,27.849,27.849,,,,G3-131-08FUZYK4G0,131,true,400,3
16277911,0d33930672d9cd1683488e09ae34ba0142fdf724-0,warrentrx,1,1.000,500,16277911,92467aee44cf94e466bd232719e5a60713eec151,2021-10-28T14:44:33.000Z,kovter,2,peakmonsters,1,2021-10-29T14:44:33.000Z,DEC,1.400,DEC,1.400,1.400,,,,C4-171-YJ5GXDZ68W,171,false,14,4
11469237,6c7c3fdf8029a23563d37b4f7bef428d2f7428cc-0,thekittygirl,1,6.700,500,11469237,e8377878ca4a0651254f0da1a0c30e933a62f5df,2021-10-28T14:43:21.000Z,kovter,2,peakmonsters,1,2021-10-29T14:43:21.000Z,DEC,6.700,DEC,6.700,6.700,,,,C-Q8VBKTPFTS,18,false,200,0
17165678,ea9b7661f610d62373553953353ed04c84093320-23,slbgf,1,7.500,500,17165678,954fadbb1abad23f64136e241e3ebf1c82393148,2021-10-28T14:43:00.000Z,kovter,2,peakmonsters,1,2021-10-29T14:43:00.000Z,DEC,7.500,DEC,7.500,7.500,,,,G1-12-W4F6FD7FWW,12,true,200,1
12501492,5572148c7a5a8911ee69857b73f9d22e8c4412b4-0,bitcoinportugal,1,11.840,500,12501492,954fadbb1abad23f64136e241e3ebf1c82393148,2021-10-28T14:43:00.000Z,kovter,2,peakmonsters,1,2021-10-29T14:43:00.000Z,DEC,11.840,DEC,11.840,11.840,,,,G3-103-IGBN0Y1BPC,103,true,200,3
14294622,ea8ce5a04202c8f532ac32e03881cf0563364e56-5,eush,1,13.770,500,14294622,954fadbb1abad23f64136e241e3ebf1c82393148,2021-10-28T14:43:00.000Z,kovter,2,peakmonsters,1,2021-10-29T14:43:00.000Z,DEC,13.770,DEC,13.770,13.770,,,,G1-14-RQS28B0NG0,14,true,200,1
17170513,2f781c3bb0971b51ff1e841c3407bb3087f2a4a4-101,slbrgf,1,30.000,500,17170513,28c355b71c2f7e33d342371b2d851cf1a165283f,2021-10-23T15:42:48.000Z,kovter,2,peakmonsters,1,2021-10-24T15:42:48.000Z,DEC,30.000,DEC,30.000,30.000,,,,G3-131-XK06SG63VK,131,true,400,3
17012153,2ab71be73b10374741d10796e3708eb1e1be3411-4,imno,1,22.990,500,17012153,c9ea6da4508595b10139266f41a334a7b3e186d4,2021-10-23T15:42:39.000Z,kovter,2,peakmonsters,1,2021-10-24T15:42:39.000Z,DEC,22.990,DEC,22.990,22.990,,,,G3-91-ODV9C3P434,91,true,200,3
16167786,d402b9f85423aebd4689963f88390e3b920c9120-2,fighter4-freedom,1,9.000,500,16167786,ff0c1ffe446ac1188a7ac981035a9a63acf17222,2021-10-23T15:42:18.000Z,kovter,2,peakmonsters,1,2021-10-24T15:42:18.000Z,DEC,9.000,DEC,9.000,9.000,,,,C4-293-8I3HM39MKG,293,false,1,4
17187962,0c7a0d35720f7ca5880964ea92f60daea756ebc3-1,channelmagnetic,1,5.149,500,17187962,06e19a5bcaeaaffb923ea89b89fe819d819880ff,2021-10-23T15:42:09.000Z,kovter,2,peakmonsters,1,2021-10-24T15:42:09.000Z,DEC,5.149,DEC,5.149,5.149,,,,G4-171-OUFQ4IHXLS,171,true,1,4
17166138,f2420e9e7a0e9d1962fb8aea709b32437ebdf992-59,slbgf,1,15.000,500,17166138,06e19a5bcaeaaffb923ea89b89fe819d819880ff,2021-10-23T15:42:09.000Z,kovter,2,peakmonsters,1,2021-10-24T15:42:09.000Z,DEC,15.000,DEC,15.000,15.000,,,,G1-14-HWJTJVT03K,14,true,400,1
15986396,a0cf3417c94bbbff64affabf079304c52047853c-14,crookshanks,1,45.000,500,15986396,06e19a5bcaeaaffb923ea89b89fe819d819880ff,2021-10-23T15:42:09.000Z,kovter,2,peakmonsters,1,2021-10-24T15:42:09.000Z,DEC,45.000,DEC,45.000,45.000,,,,G4-178-XSP5MPQ51S,178,true,1,4
16117406,ebd21e24c874f4a915c3767dbc3185d721e5fb81-40,azircon,1,7.850,500,16117406,06e19a5bcaeaaffb923ea89b89fe819d819880ff,2021-10-23T15:42:09.000Z,kovter,2,peakmonsters,1,2021-10-24T15:42:09.000Z,DEC,7.850,DEC,7.850,7.850,,,,G4-169-ZKO7XGPLLC,169,true,1,4
17273553,ecf7f4a8585c11481735f95741ef1658a950fb15-2,digital-fortress,1,9.999,500,17273553,06e19a5bcaeaaffb923ea89b89fe819d819880ff,2021-10-23T15:42:09.000Z,kovter,2,peakmonsters,1,2021-10-24T15:42:09.000Z,DEC,9.999,DEC,9.999,9.999,,,,G1-12-W5RGQSZ7K0,12,true,200,1
17165372,c7f04d35c9d6fd1891b8ab2ecbeacbc37be40a43-0,slbgf,1,30.000,500,17165372,06e19a5bcaeaaffb923ea89b89fe819d819880ff,2021-10-23T15:42:09.000Z,kovter,2,peakmonsters,1,2021-10-24T15:42:09.000Z,DEC,30.000,DEC,30.000,30.000,,,,G1-18-YIS9HA6XG0,18,true,400,1
12446947,7ebd8d9be2ef7343a557ca11b745fd6ad6554862-0,strish,1,4.900,500,12446947,17659ee7fd7a559b9aa6dfcd89e7fd6baf5df389,2021-10-18T05:45:09.000Z,kovter,2,peakmonsters,1,2021-10-19T05:45:09.000Z,DEC,4.900,DEC,4.900,4.900,,,,C3-131-5JY6UF3M9S,131,false,0,3
16602703,4d6e3a166065a11e9e457d4eea05328eb3bd4788-58,orrkis,1,5.050,500,16602703,ee13d57d50d5b03d0c2c6ea383c6c75302178aac,2021-10-18T05:43:24.000Z,kovter,2,peakmonsters,1,2021-10-19T05:43:24.000Z,DEC,5.050,DEC,5.050,5.050,,,,G4-171-M18ZIL1YOG,171,true,1,4
12136048,8d05e470cb7a0bfbc5a400268b936b5183f14cfa-15,clove71,1,12.900,500,12136048,4d3b265d7bde4ef5256b92f143151a7c28e7e642,2021-10-18T05:33:45.000Z,kovter,2,peakmonsters,1,2021-10-19T05:33:45.000Z,DEC,12.900,DEC,12.900,12.900,,,,G3-103-RBFOZMP9AO,103,true,200,3
10161067,2308d3b1e27dbdbb71617167ec0382a1ef7a9c8c-0,crypto-pilot,1,9.950,500,10161067,4cf7f2b4b0a519697c755befbb484345112bd964,2021-10-18T05:33:39.000Z,kovter,2,peakmonsters,1,2021-10-19T05:33:39.000Z,DEC,9.950,DEC,9.950,9.950,,,,G1-14-OHIR27HLMO,14,true,200,1
12110578,bf537ec4636ffb7ec15cf91a4e2256850810f2d9-0,chandpur,1,4.300,500,12110578,d7ae49780665c60c806fb343c5592e92f17d60b5,2021-10-18T05:33:27.000Z,kovter,2,peakmonsters,1,2021-10-19T05:33:27.000Z,DEC,4.300,DEC,4.300,4.300,,,,G1-12-RJL17YHRF4,12,true,200,1
11914778,21521046f7bf3983d7341e88a3f63d7b581b8024-0,reimerlin,1,20.000,500,11914778,15ce45539d66faa5d5c488c1f886ac0940d6bfa5,2021-10-18T05:32:45.000Z,kovter,2,peakmonsters,1,2021-10-19T05:32:45.000Z,DEC,20.000,DEC,20.000,20.000,,,,C-O1BYMA0N0G,18,false,300,0
15125716,ca1dbbca4aecd2d71de21c247c40b83dc6bcfbd8-0,db-cooper,1,55.000,500,15125716,5ac1e612e1b620d7c9f3a9b9e6bd6ed4770391b8,2021-10-18T05:32:36.000Z,kovter,2,peakmonsters,1,2021-10-19T05:32:36.000Z,DEC,55.000,DEC,55.000,55.000,,,,G4-293-M083SVRON4,293,true,1,4
11207716,d4d96809248aef8a5e1f3b2936c24d6677293f4c-82,smalp,1,31.062,500,11207716,ff4f2be09709bddbe52c01bbbaf998644b256606,2021-10-15T10:59:39.000Z,kovter,2,splinterlands,1,2021-10-16T10:59:39.000Z,DEC,31.062,DEC,31.062,31.062,,,,G1-51-TXI9RKN4KG,51,true,400,1
15171780,99fc9767dd347749a39e732dfbda08a8853a8524-47,legendarycanary,1,9.601,500,15171780,aae52ee7673db40d408bfda21a1dffa1cf962a3a,2021-10-15T10:59:18.000Z,kovter,2,splinterlands,1,2021-10-16T10:59:18.000Z,DEC,9.601,DEC,9.601,9.601,,,,G2-118-E2GD9JFJR4,118,true,200,2
15499384,e46ef3682906186f9ea91a44431df3b61f1dca04-1,lucky-cards,1,31.000,500,15499384,5ad54bc7b2a137455128ed8023d19dc1f8792a4a,2021-10-15T10:59:06.000Z,kovter,2,splinterlands,1,2021-10-16T10:59:06.000Z,DEC,31.000,DEC,31.000,31.000,,,,G1-28-1LDCIXGW00,28,true,400,1
11489772,a4c70daba624721913e28b3923b3cdfd7a03c3cd-0,sxrub,1,5.000,500,11489772,2a3e8d0f4f42312f6bb960e290018a62ff5c3ae6,2021-10-12T00:03:57.000Z,kovter,2,peakmonsters,1,2021-10-13T00:03:57.000Z,DEC,5.000,DEC,5.000,5.000,,,,C4-293-JEXIJT7NVK,293,false,1,4
10723441,b5c02f388dcbf250e0ca09377162cf6de90e5164-0,splintercards,1,30.000,500,10723441,30101a018c6b54244d2b6dc4a6fcf75c7c8b2f73,2021-10-12T00:03:54.000Z,kovter,2,peakmonsters,1,2021-10-13T00:03:54.000Z,DEC,30.000,DEC,30.000,30.000,,,,G3-131-8DC0WRBGE8,131,true,400,3
10311337,abab5a2d80f7c88eda3b94e5ee636d38c09db4ac-0,farm5,1,15.000,500,10311337,30101a018c6b54244d2b6dc4a6fcf75c7c8b2f73,2021-10-12T00:03:54.000Z,kovter,2,peakmonsters,1,2021-10-13T00:03:54.000Z,DEC,15.000,DEC,15.000,15.000,,,,G1-14-KA8RHE6HW0,14,true,200,1
15619829,2b2a9dd7806a4b88e4c0ded723bd77b43c25ee92-11,wargames,1,44.900,500,15619829,30101a018c6b54244d2b6dc4a6fcf75c7c8b2f73,2021-10-12T00:03:54.000Z,kovter,2,peakmonsters,1,2021-10-13T00:03:54.000Z,DEC,44.900,DEC,44.900,44.900,,,,G4-178-9M8Z6GSZXC,178,true,1,4
10600974,350d95884e96566481d7e4f260f753633b490b23-82,namelessnameless,1,9.844,500,10600974,30101a018c6b54244d2b6dc4a6fcf75c7c8b2f73,2021-10-12T00:03:54.000Z,kovter,2,peakmonsters,1,2021-10-13T00:03:54.000Z,DEC,9.844,DEC,9.844,9.844,,,,G3-103-BS0UQOTQU8,103,true,200,3
15909408,43d825243c8a4252eb9e45b83f2f717bbd0bfc2c-105,moriarty95,1,5.150,500,15909408,30101a018c6b54244d2b6dc4a6fcf75c7c8b2f73,2021-10-12T00:03:54.000Z,kovter,2,peakmonsters,1,2021-10-13T00:03:54.000Z,DEC,5.150,DEC,5.150,5.150,,,,G4-171-UJZNTR3BQ8,171,true,1,4
10529858,70965bbf298c14636ae591945e0be0e9a2209adc-4,cyguy,1,4.699,500,10529858,fc8638437fa588b41af371d145c00f6f455f62fb,2021-10-07T15:48:21.000Z,kovter,2,peakmonsters,1,2021-10-08T15:48:21.000Z,DEC,4.699,DEC,4.699,4.699,,,,G1-12-LX1W84IDA8,12,true,200,1
11671996,a60a05073ec1b0f9b81dddabf30effbeb5a91583-0,oldtimer,1,15.000,500,11671996,78313c3a7836de8d9b22415637fa334ae1bfb8cf,2021-10-07T15:48:15.000Z,kovter,2,peakmonsters,1,2021-10-08T15:48:15.000Z,DEC,15.000,DEC,15.000,15.000,,,,G4-178-RJR7AF6GIO,178,true,1,4
15176687,eb145ebbc552bfd7c1987e2a11b07326205ff704-0,gigel7,1,20.000,500,15176687,ff05040c795c27b7e91129a81001557184bbc8bb,2021-10-07T15:47:39.000Z,kovter,2,peakmonsters,1,2021-10-08T15:47:39.000Z,DEC,20.000,DEC,20.000,20.000,,,,G1-18-LJS7AGFRI8,18,true,400,1
11039209,58c34dd01b7487e4a2d10a0f54468ab9ee4e98ec-0,digital-fortress,1,12.943,500,11039209,ff05040c795c27b7e91129a81001557184bbc8bb,2021-10-07T15:47:39.000Z,kovter,2,peakmonsters,1,2021-10-08T15:47:39.000Z,DEC,12.943,DEC,12.943,12.943,,,,G1-14-KCU3V0MMJ4,14,true,200,1
15099837,e230187699579d95526371f40246ae208b9bf819-19,levv,1,4.850,500,15099837,5b984672fcb4a4cb9e4a515e1e9bcf76bb86dd16,2021-10-03T12:23:45.000Z,kovter,2,peakmonsters,1,2021-10-04T12:23:45.000Z,DEC,8.950,DEC,8.950,8.950,,,,G4-169-JFXH9YTO1C,169,true,1,4
12024005,b7dbc03c5810f77e51b81aa3f46ed702b2d79270-0,cryptkeeper17,1,0.924,500,12024005,5b984672fcb4a4cb9e4a515e1e9bcf76bb86dd16,2021-10-03T12:23:45.000Z,kovter,2,peakmonsters,1,2021-10-04T12:23:45.000Z,DEC,0.924,DEC,0.924,0.924,,,,G4-171-Z5DBPX5DE8,171,true,1,4
11856058,bfb8e997d830f86e2159a329b2b234c19676fd4c-0,philippekiene,1,24.286,500,11856058,5b984672fcb4a4cb9e4a515e1e9bcf76bb86dd16,2021-10-03T12:23:45.000Z,kovter,2,peakmonsters,1,2021-10-04T12:23:45.000Z,DEC,24.286,DEC,24.286,24.286,,,,G1-18-BHG9PVOD7K,18,true,800,1
10015230,ea3e9f6cb0e7e90526e6e6db1c9adc4eb30ea09a-0,goldninja,1,3.865,500,10015230,5b984672fcb4a4cb9e4a515e1e9bcf76bb86dd16,2021-10-03T12:23:45.000Z,kovter,2,peakmonsters,1,2021-10-04T12:23:45.000Z,DEC,3.865,DEC,3.865,3.865,,,,G1-12-11E4OA1HQO,12,true,200,1
13645389,621bf7917343313a782c60e9caf01bad34be5f29-14,m3ss,1,9.900,500,13645389,5b984672fcb4a4cb9e4a515e1e9bcf76bb86dd16,2021-10-03T12:23:45.000Z,kovter,2,peakmonsters,1,2021-10-04T12:23:45.000Z,DEC,9.900,DEC,9.900,9.900,,,,G3-103-NO8K3GNS40,103,true,200,3
12066475,eecc75187f845383d40d27859a6278c1d4d15673-3,toocurious,1,16.950,500,12066475,5b984672fcb4a4cb9e4a515e1e9bcf76bb86dd16,2021-10-03T12:23:45.000Z,kovter,2,peakmonsters,1,2021-10-04T12:23:45.000Z,DEC,16.950,DEC,16.950,16.950,,,,G1-14-Y6LVLLWL68,14,true,200,1