﻿id,sell_trx_id,seller,num_cards,buy_price,fee_percent,market_item_id,rental_tx,rental_date,renter,status,market_account,rental_days,next_rental_payment,payment_currency,payment_amount,escrow_currency,escrow_amount,paid_amount,cancel_tx,cancel_player,cancel_date,card_id,card_detail_id,gold,xp,edition
17720661,22722e1dfea4237969b894831ddafe7d1d005f19-2,rea,1,29.000,500,17720661,557ef8cbc9a483a75326f2ef63204f2cac210391,2021-11-02T14:19:18.000Z,nanocore,1,peakmonsters,1,2021-11-03T14:19:18.000Z,DEC,29.000,DEC,29.000,29.000,,,,G1-18-0INW4UJB7K,18,true,400,1
10043281,baaf9683a1533dedbc9ce4316137be67b4030f86-8,thebluewin,1,9.944,500,10043281,d5a173f2a31c2d91fcd3af2a12d3272b7d6690a7,2021-11-02T14:18:57.000Z,nanocore,1,peakmonsters,1,2021-11-03T14:18:57.000Z,DEC,9.944,DEC,9.944,9.944,,,,G3-91-06FDSUASXS,91,true,200,3
16215015,8a4de6792ce0230c3460a00aa1b3a4399746ed11-0,victor-alexander,1,40.000,500,16215015,1bea68dc70d9a0ab71b31be1b6402868ec22c9ca,2021-11-02T14:18:18.000Z,nanocore,1,peakmonsters,1,2021-11-03T14:18:18.000Z,DEC,40.000,DEC,40.000,40.000,,,,G0-14-ZXQTA580NK,14,true,250,0
17432456,2fdbba61c98f413835c3cb471a1c18777db47bc9-46,americaman,1,4.880,500,17432456,c50da1d66eb7bc958de1fbbffaa610f1967244a9,2021-11-02T14:17:03.000Z,nanocore,1,splinterlands,1,2021-11-03T14:17:03.000Z,DEC,4.880,DEC,4.880,4.880,,,,C3-131-AVVRD8EC8G,131,false,0,3
16167768,3c86a274695bd77ffef4c8e832a218f20c76d00c-4,fighter4-freedom,1,10.000,500,16167768,9a65ef76275cef41fce8e2f4ed481f6c720170e7,2021-11-02T14:16:48.000Z,nanocore,1,splinterlands,1,2021-11-03T14:16:48.000Z,DEC,10.000,DEC,10.000,10.000,,,,C4-293-2FJ3NHDJC0,293,false,1,4
14330004,a0412814849aff74bc086e65fe1b8ed3ce9abcce-131,vugtis,1,49.800,500,14330004,18094479726fa750cad13252991f50f6aa42102d,2021-11-02T14:14:57.000Z,nanocore,1,splinterlands,1,2021-11-03T14:14:57.000Z,DEC,49.800,DEC,49.800,49.800,,,,G4-178-MDV7V8OP6O,178,true,1,4
12531860,e83fb6768451472d0cb5b3a1028fffbb4fec1898-0,bitcoinportugal,1,11.800,500,12531860,e0df1f4de48ce4e24ba3d90e0eb77b82855a6042,2021-11-02T14:13:39.000Z,nanocore,1,splinterlands,1,2021-11-03T14:13:39.000Z,DEC,11.800,DEC,11.800,11.800,,,,G3-103-F6NWIP0234,103,true,200,3
18507285,ced48fb695d674d258c99fffa3568c555be76861-13,lucky-cards,1,3.750,500,18507285,1e2c4fd4e119718c5823d3d71ad38dcc66bc968f,2021-11-02T14:13:21.000Z,nanocore,1,splinterlands,1,2021-11-03T14:13:21.000Z,DEC,3.750,DEC,3.750,3.750,,,,G4-169-0VDZLZRG7K,169,true,1,4
11531922,13eb125e1c73f926313c17cb83b800304b144ea5-3,monstergames,1,8.661,500,11531922,8f1efa875909ae443ec1efba23d83dcaa7832e72,2021-11-02T14:12:42.000Z,nanocore,1,splinterlands,1,2021-11-03T14:12:42.000Z,DEC,8.661,DEC,8.661,8.661,,,,G1-12-LDASPJ3DKG,12,true,200,1
10378185,185d11a1408ecfd36d4b0a25c27bc4c3f621d82b-32,lucky-cards,1,60.000,500,10378185,7fedd0d7d481df4ac59b079cb7593a5e7500ff17,2021-10-30T03:50:12.000Z,nanocore,2,splinterlands,1,2021-10-31T03:50:12.000Z,DEC,60.000,DEC,60.000,60.000,,,,C3-88-143NUFIX0G,88,false,5075,3
15582878,143e79e2c6f78d2226daf9805aa3347ee0c45b29-24,fighter4-freedom,1,29.000,500,15582878,11025d63501d7998aaddf3b85a69bdf98404c6d5,2021-10-30T03:34:15.000Z,nanocore,2,splinterlands,1,2021-10-31T03:34:15.000Z,DEC,29.000,DEC,29.000,29.000,,,,G3-131-Y05AVU7FXS,131,true,400,3
12504421,190ab5ac86f654b4c77cda611fcec112730f99ec-0,ivansnz,1,5.000,500,12504421,3e638e95901b1e4bc9bbb850487f5ada971637d8,2021-10-27T00:45:27.000Z,nanocore,2,peakmonsters,1,2021-10-28T00:45:27.000Z,DEC,5.000,DEC,5.000,5.000,,,,C-BMRRVYLY00,12,false,60,0
15752690,e03ffd8a78e42387182ce43d110b997a81cf62cb-50,rdkmedia,1,14.671,500,15752690,7d4696bd3ffce33b525ad805f48f14409b3630f0,2021-10-27T00:45:15.000Z,nanocore,2,peakmonsters,1,2021-10-28T00:45:15.000Z,DEC,14.671,DEC,14.671,14.671,,,,G3-103-QK9ZDLE5KW,103,true,200,3
16360875,2d130c65d564f5d586a26154753e44ac39b659e7-16,phidipidis,1,8.236,500,16360875,6019c937e0ff6b864bd5f48833b8465e2fc90edf,2021-10-27T00:45:06.000Z,nanocore,2,peakmonsters,1,2021-10-28T00:45:06.000Z,DEC,8.236,DEC,8.236,8.236,,,,G4-169-J6OND8GNW0,169,true,1,4
15573446,94c4f1b9e7db6ed76b4814108c84d55bcc7e61b1-3,lucky-cards,1,12.000,500,15573446,7920de714e189fdab55d4752d5cfc9c7daf0868d,2021-10-27T00:43:30.000Z,nanocore,2,peakmonsters,1,2021-10-28T00:43:30.000Z,DEC,12.000,DEC,12.000,12.000,,,,G3-91-2DZ3NJS4JK,91,true,200,3
15142440,02fdd0240af86176d65b40ea0480c79e303b1ca8-0,soberpro,1,10.000,500,15142440,7920de714e189fdab55d4752d5cfc9c7daf0868d,2021-10-27T00:43:30.000Z,nanocore,2,peakmonsters,1,2021-10-28T00:43:30.000Z,DEC,10.000,DEC,10.000,10.000,,,,G1-14-V0JVQAR5WG,14,true,200,1
15909391,43d825243c8a4252eb9e45b83f2f717bbd0bfc2c-88,moriarty95,1,5.150,500,15909391,7920de714e189fdab55d4752d5cfc9c7daf0868d,2021-10-27T00:43:30.000Z,nanocore,2,peakmonsters,1,2021-10-28T00:43:30.000Z,DEC,5.150,DEC,5.150,5.150,,,,G4-171-O6TIU7IJ5S,171,true,1,4
15776820,717d786e96f75a28b64a25e1b109a2272595cb56-0,dymaster,1,5.880,500,15776820,09f93978183ad3aec8c369eec0ef39c51a07ab70,2021-10-21T14:49:30.000Z,nanocore,2,peakmonsters,1,2021-10-22T14:49:30.000Z,DEC,5.880,DEC,5.880,5.880,,,,C-FGJ819LAE8,18,false,100,0
17170507,2f781c3bb0971b51ff1e841c3407bb3087f2a4a4-95,slbrgf,1,30.000,500,17170507,4c9f52a7b5bdfe297cd05036042251251328fc12,2021-10-21T14:48:51.000Z,nanocore,2,peakmonsters,1,2021-10-22T14:48:51.000Z,DEC,30.000,DEC,30.000,30.000,,,,G3-131-CRF1IBW81S,131,true,400,3
17164751,45741b9713f015da297d1a6afad52b507da39bb0-136,slagf,1,15.000,500,17164751,1c630afe029e3848f2573457edf566fcad2ea0b9,2021-10-21T14:45:57.000Z,nanocore,2,peakmonsters,1,2021-10-22T14:45:57.000Z,DEC,15.000,DEC,15.000,15.000,,,,G-O48SHYV45C,14,true,250,0
10410961,dcda3dc0d24b67fc12682d749f4d28c732585186-0,cyguy,1,12.405,500,10410961,4a1a94fd1cbe5dff9a90bd5d285d6cf4652671e8,2021-10-21T14:45:42.000Z,nanocore,2,peakmonsters,1,2021-10-22T14:45:42.000Z,DEC,12.405,DEC,12.405,12.405,,,,G0-12-083L5N79JK,12,true,250,0
14243105,4ee44b230f1f16d579f44a8bdffcbe8bde64e697-46,coruscate,1,0.105,500,14243105,f8630dfef259c281e4c87f660e1775eaee14661f,2021-10-16T01:22:24.000Z,nanocore,2,peakmonsters,1,2021-10-17T01:22:24.000Z,DEC,0.105,DEC,0.105,0.105,,,,C-A8LTIVL7GG,14,false,0,0
10600962,350d95884e96566481d7e4f260f753633b490b23-70,namelessnameless,1,9.844,500,10600962,30c949d42c5da501e5d63f96d64ceca05e47f879,2021-10-16T01:21:54.000Z,nanocore,2,peakmonsters,1,2021-10-17T01:21:54.000Z,DEC,9.844,DEC,9.844,9.844,,,,G3-103-1MAZI0ZSY8,103,true,200,3
10682535,41c24accddd256b5d27cc36ad36a7980c7bad857-0,teammonsters,1,32.000,500,10682535,b83539fd692fd2b5ac7dc8d171fd23d5c82cbe92,2021-10-16T01:21:30.000Z,nanocore,2,peakmonsters,1,2021-10-17T01:21:30.000Z,DEC,32.000,DEC,32.000,32.000,,,,G3-131-WKW6UIQYC0,131,true,400,3
15752706,e03ffd8a78e42387182ce43d110b997a81cf62cb-66,rdkmedia,1,14.671,500,15752706,b83539fd692fd2b5ac7dc8d171fd23d5c82cbe92,2021-10-16T01:21:30.000Z,nanocore,2,peakmonsters,1,2021-10-17T01:21:30.000Z,DEC,14.671,DEC,14.671,14.671,,,,G3-91-S1KKBCYYAO,91,true,200,3
10078216,a71eda72aa96228b8b55d269e4a5c70670875e8b-0,joshman,1,19.000,500,10078216,ccde667a9cb619a33678dabcf8beba5e32ef9444,2021-10-16T01:20:42.000Z,nanocore,2,peakmonsters,1,2021-10-17T01:20:42.000Z,DEC,19.000,DEC,19.000,19.000,,,,G1-12-3TC02R3PG0,12,true,1800,1
14899454,9f6e0aae034f01c77c44bf38ae24db89ce7ee09c-64,jarvie,1,29.450,500,14899454,b0384f6a817c1b5b76cc8f8fa2d0b33cfafa910a,2021-10-16T01:20:06.000Z,nanocore,2,peakmonsters,1,2021-10-17T01:20:06.000Z,DEC,29.450,DEC,29.450,29.450,,,,C-45VTHQSWKW,18,false,700,0
10415673,c2d048d25106af9f75752e7e71dbb855b9f4d018-0,imperij4427,1,1.400,500,10415673,ce93f77c3811a6a935f35efc9291ca840b344f20,2021-10-16T01:19:18.000Z,nanocore,2,peakmonsters,1,2021-10-17T01:19:18.000Z,DEC,1.400,DEC,1.400,1.400,,,,G4-169-7H7MI36TUO,169,true,1,4
15575607,5ccb00688ebef5631ecff392095113d0397b0ddc-1,lucky-cards,1,13.000,500,15575607,b6b227edca262d3bcd258448a4915a7a50bd1e70,2021-10-15T10:48:27.000Z,nanocore,2,splinterlands,1,2021-10-16T10:48:27.000Z,DEC,13.000,DEC,13.000,13.000,,,,C3-226-A39LHMYQWG,226,false,152,3
10565905,0a138590c340eeb09a04fcae85d6f12d433180e7-0,fighter4-freedom,1,30.000,500,10565905,70f98a8ee215a662b8b61667ce59f00980aa58c8,2021-10-15T10:45:33.000Z,nanocore,2,splinterlands,1,2021-10-16T10:45:33.000Z,DEC,30.000,DEC,30.000,30.000,,,,G1-39-MXVSC6ISY8,39,true,400,1
9467470,3225a7cefde73bee8402cf58fb1795f8b4ab212c-15,smalp,1,5.747,500,9467470,fc4a53479c0b69e45d09aca67bb17705af57ef9d,2021-10-15T10:37:54.000Z,nanocore,2,splinterlands,1,2021-10-16T10:37:54.000Z,DEC,5.747,DEC,5.747,5.747,,,,C0-2-CF6DEHNJLS,2,false,760,0
12451414,68e62845fe56f9d9fd29391f4431c659f3c85b75-9,genketsu,1,74.344,500,12451414,287ec4e5b1a03a425b8af4a4cf66ebaf95756753,2021-10-11T01:59:30.000Z,nanocore,2,peakmonsters,1,2021-10-12T01:59:30.000Z,DEC,74.344,DEC,74.344,74.344,,,,G4-178-C83G2XSXA8,178,true,4,4
15582863,143e79e2c6f78d2226daf9805aa3347ee0c45b29-9,fighter4-freedom,1,29.000,500,15582863,4997be95d8d453a0d90de7bf3b2e1798639a649e,2021-10-11T01:58:18.000Z,nanocore,2,peakmonsters,1,2021-10-12T01:58:18.000Z,DEC,29.000,DEC,29.000,29.000,,,,G3-131-NBPZGZAY80,131,true,400,3
11260008,39d3a7026d97548fa29025043fc407dbf789c7bf-0,d-pend,1,7.970,500,11260008,6b19aff6cc3ba22a4285076f97bb31de4f591e25,2021-10-11T01:57:48.000Z,nanocore,2,peakmonsters,1,2021-10-12T01:57:48.000Z,DEC,7.970,DEC,7.970,7.970,,,,G1-12-2X0SZJSMHS,12,true,200,1
12041958,c05138bdb1a62005eff937db9cb77d23ff6e0857-6,ayogom,1,24.950,500,12041958,9e91e78bb8e4e2b13484e49ba92d40f4ca8e2e6a,2021-10-11T01:56:48.000Z,nanocore,2,peakmonsters,1,2021-10-12T01:56:48.000Z,DEC,24.950,DEC,24.950,24.950,,,,G1-18-6D6KUIED28,18,true,400,1
12208865,56cc3fe76c2b29d3ff6c7fae7c01f798b921851f-42,auminda,1,4.548,500,12208865,b5c38eee2ff196b9b70c80a6c4023ec02d053b77,2021-10-05T13:14:18.000Z,nanocore,2,peakmonsters,1,2021-10-06T13:14:18.000Z,DEC,4.548,DEC,4.548,4.548,,,,G1-12-YED78FGZ68,12,true,200,1
10536060,8ff3acbe77740031634e510c886d7297256bb142-0,goldninja,1,9.850,500,10536060,78e3c9d0926d30b3b7333dc13649e14840af8749,2021-10-05T13:13:27.000Z,nanocore,2,peakmonsters,1,2021-10-06T13:13:27.000Z,DEC,9.850,DEC,9.850,9.850,,,,G3-103-FUK8V7SYU8,103,true,200,3
14330007,a0412814849aff74bc086e65fe1b8ed3ce9abcce-134,vugtis,1,49.800,500,14330007,78e3c9d0926d30b3b7333dc13649e14840af8749,2021-10-05T13:13:27.000Z,nanocore,2,peakmonsters,1,2021-10-06T13:13:27.000Z,DEC,49.800,DEC,49.800,49.800,,,,G4-178-RKS2G0UUGG,178,true,1,4
10320708,808868ef996e9e2c352a6e9b6614332faeb897f0-119,toocurious,1,28.950,500,10320708,78e3c9d0926d30b3b7333dc13649e14840af8749,2021-10-05T13:13:27.000Z,nanocore,2,peakmonsters,1,2021-10-06T13:13:27.000Z,DEC,28.950,DEC,28.950,28.950,,,,G-VRLZU2JYIO,18,true,500,0