﻿id,sell_trx_id,seller,num_cards,buy_price,fee_percent,market_item_id,rental_tx,rental_date,renter,status,market_account,rental_days,next_rental_payment,payment_currency,payment_amount,escrow_currency,escrow_amount,paid_amount,cancel_tx,cancel_player,cancel_date,card_id,card_detail_id,gold,xp,edition
11044761,c3ea17abfd94e0b58004c4273967da59a84be3c5-18,smalp,1,49.950,500,11044761,42bdda57f2dd0a2216ea7430e236789a0ee17d7e,2021-10-30T06:47:00.000Z,blacole,2,splinterlands,1,2021-10-31T06:47:00.000Z,DEC,49.950,DEC,49.950,49.950,,,,C-OZZZC1CUEO,57,false,7000,0
12257322,42557d04aeabed7fd38d9df75ab450cc4f0ba590-0,bitcoinportugal,1,11.890,500,12257322,b39172d4ebb99b287e02ba4165311b8415530274,2021-10-28T14:42:12.000Z,blacole,2,peakmonsters,1,2021-10-29T14:42:12.000Z,DEC,11.890,DEC,11.890,11.890,,,,G3-103-PZFRDMGOKG,103,true,200,3
17721587,3ffe057183306c4dbeb762d64727da1b6566382b-74,aatrox,1,14.950,500,17721587,0025e84873222556ca3c7d9eb7265a269b8e0b14,2021-10-28T14:42:00.000Z,blacole,2,peakmonsters,1,2021-10-29T14:42:00.000Z,DEC,14.950,DEC,14.950,14.950,,,,G-YR099IDSU8,12,true,250,0
17336830,5c40862e7cd5c1dfc6310659579e57fb166a1f4f-33,renterlands,1,7.300,500,17336830,094f324203bb6efc93c9335813f5c889c80c35f7,2021-10-28T14:41:21.000Z,blacole,2,peakmonsters,1,2021-10-29T14:41:21.000Z,DEC,7.300,DEC,7.300,7.300,,,,C-ZPRCZPLSXS,18,false,100,0
17597094,034eadbb003acd11bd16683143fc07cf24b6066f-1,hocall,1,40.900,500,17597094,e545f66490c26b5478ed1fb1796f7bf9d1db4574,2021-10-28T14:41:06.000Z,blacole,2,peakmonsters,1,2021-10-29T14:41:06.000Z,DEC,40.900,DEC,40.900,40.900,,,,G4-178-G532UBFXQO,178,true,1,4
12232366,ccb62b0fc609fb4de05ec3821e152c021751cb05-11,rce,1,15.650,500,12232366,e545f66490c26b5478ed1fb1796f7bf9d1db4574,2021-10-28T14:41:06.000Z,blacole,2,peakmonsters,1,2021-10-29T14:41:06.000Z,DEC,15.650,DEC,15.650,15.650,,,,G1-14-NZED70PQLC,14,true,200,1
10109872,620938c971e4f713de893f4ee4c36362c9fa482a-5,monsterveritas,1,27.949,500,10109872,e545f66490c26b5478ed1fb1796f7bf9d1db4574,2021-10-28T14:41:06.000Z,blacole,2,peakmonsters,1,2021-10-29T14:41:06.000Z,DEC,27.949,DEC,27.949,27.949,,,,G3-131-F1WJFBQE3K,131,true,400,3
15426141,beb84e457a0c7982fb9745f617836a25bc48d2e2-0,battlemaster,1,3.374,500,15426141,e545f66490c26b5478ed1fb1796f7bf9d1db4574,2021-10-28T14:41:06.000Z,blacole,2,peakmonsters,1,2021-10-29T14:41:06.000Z,DEC,3.374,DEC,3.374,3.374,,,,G4-169-HK8PCH1JB4,169,true,1,4
9932077,908e10d4860837e2a576467ebcf3fed514388b38-4,luteum,1,4.423,500,9932077,e545f66490c26b5478ed1fb1796f7bf9d1db4574,2021-10-28T14:41:06.000Z,blacole,2,peakmonsters,1,2021-10-29T14:41:06.000Z,DEC,4.423,DEC,4.423,4.423,,,,G4-171-24Z91SSEOW,171,true,1,4
17493517,ac49953e4baf12499e06854fbdbad60474c480a6-65,tobias-g,1,9.950,500,17493517,e545f66490c26b5478ed1fb1796f7bf9d1db4574,2021-10-28T14:41:06.000Z,blacole,2,peakmonsters,1,2021-10-29T14:41:06.000Z,DEC,9.950,DEC,9.950,9.950,,,,G3-91-MH77IS3WR4,91,true,200,3
17170510,2f781c3bb0971b51ff1e841c3407bb3087f2a4a4-98,slbrgf,1,30.000,500,17170510,faf61458699487c882d678bb4fbc888d524bdc6c,2021-10-23T15:48:15.000Z,blacole,2,peakmonsters,1,2021-10-24T15:48:15.000Z,DEC,30.000,DEC,30.000,30.000,,,,G3-131-6HE71PD7A8,131,true,400,3
15907865,23a0e3568b4341796ff53f4909ccdeb0003dc6a0-25,ayogom,1,5.150,500,15907865,019b315acbb88c399f3d92223b27e43dcbc04196,2021-10-23T15:47:45.000Z,blacole,2,peakmonsters,1,2021-10-24T15:47:45.000Z,DEC,5.150,DEC,5.150,5.150,,,,G4-171-SFBDQ81B9C,171,true,1,4
11379318,e9bc96eb98a4c7693f99cb5411c65701150ca688-6,davemccoy,1,12.739,500,11379318,0bab22f07bb46435028f1b4ca25b26b2fd15dd21,2021-10-23T15:47:27.000Z,blacole,2,peakmonsters,1,2021-10-24T15:47:27.000Z,DEC,12.739,DEC,12.739,12.739,,,,G3-103-TUU0TZZCSW,103,true,200,3
15866095,7c9f9025de291db24b404ba55eb6bfe85703094d-17,fighter4-freedom,1,8.000,500,15866095,e94a20fb2b844845e95b8a1009e3d59228e95e49,2021-10-23T15:47:21.000Z,blacole,2,peakmonsters,1,2021-10-24T15:47:21.000Z,DEC,8.000,DEC,8.000,8.000,,,,G4-169-VRQGNYUT80,169,true,1,4
16220199,3fc3e646ab64327979091734e8110e09a059c42d-25,imno,1,8.790,500,16220199,234971bc53d5e818f47b31010a86c21b754be64b,2021-10-23T15:47:09.000Z,blacole,2,peakmonsters,1,2021-10-24T15:47:09.000Z,DEC,9.000,DEC,9.000,9.000,,,,C4-293-UZN1RASBQO,293,false,1,4
12624818,1e11d08416dc95c5c1a9d22b2d7cec8387bced44-2,teammonsters,1,23.520,500,12624818,19cc681c5209f619a95bf8ee849a6aae3337ada3,2021-10-23T15:46:51.000Z,blacole,2,peakmonsters,1,2021-10-24T15:46:51.000Z,DEC,23.520,DEC,23.520,23.520,,,,G3-91-XNMIYDFL6O,91,true,200,3
15774499,aa1f59888d0b37461f6baad2652c5f47dfa863f0-0,bitfiend,1,10.000,500,15774499,65a75dbe04a60c92bd580b49bcb23b7139f0b0fd,2021-10-23T15:46:39.000Z,blacole,2,peakmonsters,1,2021-10-24T15:46:39.000Z,DEC,10.000,DEC,10.000,10.000,,,,C-SY5GCV1PK0,14,false,60,0
17165017,5f750511daa7a07ec6038b86ab978b675e88f669-41,slarf,1,1.200,500,17165017,38044ebf039f0033bbbc4698fe71df4fcedef5d1,2021-10-23T15:46:30.000Z,blacole,2,peakmonsters,1,2021-10-24T15:46:30.000Z,DEC,1.200,DEC,1.200,1.200,,,,C-WM493XMDUO,12,false,60,0
10230500,df4ae63b61f969f4ada442d73eab25099cc98caf-0,cal3,1,15.000,500,10230500,c2aa38c8b9ca63917b202243cf2f7b53bd3c8221,2021-10-23T15:46:12.000Z,blacole,2,peakmonsters,1,2021-10-24T15:46:12.000Z,DEC,15.000,DEC,15.000,15.000,,,,C-90477OP4HS,18,false,300,0
15866080,7c9f9025de291db24b404ba55eb6bfe85703094d-2,fighter4-freedom,1,8.000,500,15866080,1e7f48fc07a8adeb41ba3e88797f3a2cb0d3dbd2,2021-10-18T04:23:24.000Z,blacole,2,peakmonsters,1,2021-10-19T04:23:24.000Z,DEC,8.000,DEC,8.000,8.000,,,,G4-169-88K7BBJ1HC,169,true,1,4
10201292,68f11b1102d958b14244d547603edc53dd36bd0d-0,cal1,1,15.000,500,10201292,8071f0926591fe25584badedd4cb5bd4c66bd318,2021-10-18T04:22:24.000Z,blacole,2,peakmonsters,1,2021-10-19T04:22:24.000Z,DEC,15.000,DEC,15.000,15.000,,,,C-1HPBZ20P2O,18,false,300,0
16780789,c7029dea5f632715247e3af63065c1f5d4d3cbdc-30,requiem-of-sins,1,43.900,500,16780789,4f7db4c2c68b3b6eeb349f37438959f2901f10eb,2021-10-18T04:22:12.000Z,blacole,2,peakmonsters,1,2021-10-19T04:22:12.000Z,DEC,43.900,DEC,43.900,43.900,,,,G4-178-FB03HCF8J4,178,true,1,4
9494980,b17d12793e498c7a29ea97c09c4465c2011ceb54-25,smalp,1,31.341,500,9494980,4f7db4c2c68b3b6eeb349f37438959f2901f10eb,2021-10-18T04:22:12.000Z,blacole,2,peakmonsters,1,2021-10-19T04:22:12.000Z,DEC,31.341,DEC,31.341,31.341,,,,G3-131-AOD340QPKW,131,true,400,3
12110583,b200a0c3669afd40818e0b5e9679a4c9d25566da-0,chandpur,1,15.750,500,12110583,4f7db4c2c68b3b6eeb349f37438959f2901f10eb,2021-10-18T04:22:12.000Z,blacole,2,peakmonsters,1,2021-10-19T04:22:12.000Z,DEC,15.750,DEC,15.750,15.750,,,,G1-14-HSKTMJU0R4,14,true,200,1
9947467,a0ae2f65d50bde4e86f18e977aa9dd69502ce70a-0,farm3,1,10.000,500,9947467,4f7db4c2c68b3b6eeb349f37438959f2901f10eb,2021-10-18T04:22:12.000Z,blacole,2,peakmonsters,1,2021-10-19T04:22:12.000Z,DEC,10.000,DEC,10.000,10.000,,,,G3-103-UXVNNHGOOG,103,true,200,3
13218129,7189a85c6d6c0a3ffe6af55c8681003a9d91dff6-2,monstergames,1,4.221,500,13218129,5aaece4d0af68171cb639188ddec7bbcd906f676,2021-10-18T04:22:00.000Z,blacole,2,peakmonsters,1,2021-10-19T04:22:00.000Z,DEC,4.221,DEC,4.221,4.221,,,,G1-12-HT9N4RT50W,12,true,200,1
11044787,c3ea17abfd94e0b58004c4273967da59a84be3c5-44,smalp,1,32.950,500,11044787,89369a20f433a248e1a5166e7dc87020680e661d,2021-10-15T11:39:03.000Z,blacole,2,splinterlands,1,2021-10-16T11:39:03.000Z,DEC,32.950,DEC,32.950,32.950,,,,G4-192-F307LHR3TC,192,true,5,4
9307842,e9460b7d80da66a775b1a78bea4a6002dc7a968a-34,smalp,1,34.079,500,9307842,06360fb123785f95b652f621404fb1385395b03c,2021-10-15T11:33:54.000Z,blacole,2,splinterlands,1,2021-10-16T11:33:54.000Z,DEC,34.079,DEC,34.079,34.079,,,,C1-68-3FL9FVM2TC,68,false,1750,1
12333855,b9664a658fbfd55e837623aa7254abd765ac4623-3,nai.collection,1,2.900,500,12333855,f9df2e2eac93ea227afa075d6a0791d924d77c4a,2021-10-12T13:19:33.000Z,blacole,2,peakmonsters,1,2021-10-13T13:19:33.000Z,DEC,2.900,DEC,2.900,2.900,,,,C3-131-1JHYKFPOR4,131,false,0,3
15909969,71e63f5151ec917998112d139967de08280bac54-65,moriarty95,1,49.700,500,15909969,d7d967a4c25d525228615feb526308574c0f61fe,2021-10-12T13:19:00.000Z,blacole,2,peakmonsters,1,2021-10-13T13:19:00.000Z,DEC,49.700,DEC,49.700,49.700,,,,G4-178-DC1M7BASRK,178,true,1,4
13395661,efd96568b8ebff68a23350c81bf1dfd01cfb830e-0,nynate,1,6.467,500,13395661,2fe40af91d89ab923e662845beaecf42003ca0bb,2021-10-12T13:18:03.000Z,blacole,2,peakmonsters,1,2021-10-13T13:18:03.000Z,DEC,9.850,DEC,9.850,9.850,,,,C4-293-8EJWGB14OG,293,false,1,4
15909390,43d825243c8a4252eb9e45b83f2f717bbd0bfc2c-87,moriarty95,1,5.150,500,15909390,02a88d659a8de94a8efe227757ee6570b12073f0,2021-10-12T13:17:51.000Z,blacole,2,peakmonsters,1,2021-10-13T13:17:51.000Z,DEC,5.150,DEC,5.150,5.150,,,,G4-171-O4NTKFF7LS,171,true,1,4
15894316,b05d43c29a346ecad2fbe0a6281fe48c68d1523e-59,aatrox,1,14.500,500,15894316,02a88d659a8de94a8efe227757ee6570b12073f0,2021-10-12T13:17:51.000Z,blacole,2,peakmonsters,1,2021-10-13T13:17:51.000Z,DEC,14.500,DEC,14.500,14.500,,,,G3-103-G4KYGO0VS0,103,true,200,3
9477525,2509d5fbafed8c7ec635e439727a779616299bea-2,smalp,1,18.069,500,9477525,02a88d659a8de94a8efe227757ee6570b12073f0,2021-10-12T13:17:51.000Z,blacole,2,peakmonsters,1,2021-10-13T13:17:51.000Z,DEC,18.069,DEC,18.069,18.069,,,,G1-12-C5KX6VO7PS,12,true,800,1
11894388,1669735ecca0bf43c6afb0dad5ad0e37dca7e10e-43,ty2nicerva,1,16.682,500,11894388,02a88d659a8de94a8efe227757ee6570b12073f0,2021-10-12T13:17:51.000Z,blacole,2,peakmonsters,1,2021-10-13T13:17:51.000Z,DEC,16.682,DEC,16.682,16.682,,,,G-3SNQS9NMMO,14,true,250,0
11536279,b67f113f7da2e5dd14a76d1847d029a6a2e8a6ba-19,azircon,1,3.500,500,11536279,ac76ce106d39b52b7cf0ce6b8fdeec108ec9dd6c,2021-10-07T15:31:09.000Z,blacole,2,peakmonsters,1,2021-10-08T15:31:09.000Z,DEC,3.500,DEC,3.500,3.500,,,,G4-171-W9X4KJU9WG,171,true,1,4
14330009,a0412814849aff74bc086e65fe1b8ed3ce9abcce-136,vugtis,1,49.800,500,14330009,ac76ce106d39b52b7cf0ce6b8fdeec108ec9dd6c,2021-10-07T15:31:09.000Z,blacole,2,peakmonsters,1,2021-10-08T15:31:09.000Z,DEC,49.800,DEC,49.800,49.800,,,,G4-178-T1HLAX3D4W,178,true,1,4
9424514,c601efa5f469ca6f3a15b2673ecc27cf10167c7a-5,goldninja,1,3.865,500,9424514,ac76ce106d39b52b7cf0ce6b8fdeec108ec9dd6c,2021-10-07T15:31:09.000Z,blacole,2,peakmonsters,1,2021-10-08T15:31:09.000Z,DEC,3.865,DEC,3.865,3.865,,,,G1-12-KK3VB8FIDS,12,true,200,1
11856058,bfb8e997d830f86e2159a329b2b234c19676fd4c-0,philippekiene,1,24.286,500,11856058,ac76ce106d39b52b7cf0ce6b8fdeec108ec9dd6c,2021-10-07T15:31:09.000Z,blacole,2,peakmonsters,1,2021-10-08T15:31:09.000Z,DEC,24.286,DEC,24.286,24.286,,,,G1-18-BHG9PVOD7K,18,true,800,1
10410946,d0e3ff219b922a9cdeef3baead1be7d1454fc6a8-2,cyguy,1,14.900,500,10410946,ac76ce106d39b52b7cf0ce6b8fdeec108ec9dd6c,2021-10-07T15:31:09.000Z,blacole,2,peakmonsters,1,2021-10-08T15:31:09.000Z,DEC,14.900,DEC,14.900,14.900,,,,G1-14-ZJ2TOEHIB4,14,true,200,1
10496479,6a5513fd748bfd2670a40a7e386213e99c7076bc-16,aatrox,1,4.200,500,10496479,28ea717fa6d2cd7100f618d7b6d6345b34cf66ab,2021-10-03T03:56:09.000Z,blacole,2,peakmonsters,1,2021-10-04T03:56:09.000Z,DEC,4.200,DEC,4.200,4.200,,,,G1-12-W1VO7YQL4W,12,true,200,1
12049262,d6f5d70328781535557b48968b95bf0bc5fa73a3-73,thebluewin,1,19.950,500,12049262,badab7fea63ed4aa33846a62f7f21d45f3621a2c,2021-10-03T03:55:45.000Z,blacole,2,peakmonsters,1,2021-10-04T03:55:45.000Z,DEC,19.950,DEC,19.950,19.950,,,,G1-18-ENQ7NVQCR4,18,true,400,1
11183217,6d5bfe082ed689cadc5d7011996389a624839a5b-1,athunderstruck,1,27.784,500,11183217,badab7fea63ed4aa33846a62f7f21d45f3621a2c,2021-10-03T03:55:45.000Z,blacole,2,peakmonsters,1,2021-10-04T03:55:45.000Z,DEC,27.784,DEC,27.784,27.784,,,,G3-131-XJ032XAD8W,131,true,400,3
14226609,e1cd659092fda59576b479dee77c35bf87c86152-0,calvinishobbes,1,32.774,500,14226609,badab7fea63ed4aa33846a62f7f21d45f3621a2c,2021-10-03T03:55:45.000Z,blacole,2,peakmonsters,1,2021-10-04T03:55:45.000Z,DEC,32.774,DEC,32.774,32.774,,,,G4-178-547VXENU4W,178,true,1,4
14437864,f35579e5777b0d82bfa21444229fb225f6ed4a03-3,deezrentals,1,9.900,500,14437864,badab7fea63ed4aa33846a62f7f21d45f3621a2c,2021-10-03T03:55:45.000Z,blacole,2,peakmonsters,1,2021-10-04T03:55:45.000Z,DEC,9.900,DEC,9.900,9.900,,,,G3-103-MVO5596Q2O,103,true,200,3
10528058,1503b6e7a89610e7b7e0a05c417ba0c9d4d9c9f1-0,sarguy43,1,14.940,500,10528058,badab7fea63ed4aa33846a62f7f21d45f3621a2c,2021-10-03T03:55:45.000Z,blacole,2,peakmonsters,1,2021-10-04T03:55:45.000Z,DEC,14.940,DEC,14.940,14.940,,,,G3-91-RGR6M84UE8,91,true,200,3