﻿id,sell_trx_id,seller,num_cards,buy_price,fee_percent,market_item_id,rental_tx,rental_date,renter,status,market_account,rental_days,next_rental_payment,payment_currency,payment_amount,escrow_currency,escrow_amount,paid_amount,cancel_tx,cancel_player,cancel_date,card_id,card_detail_id,gold,xp,edition
9496578,a1285f51a047f0d5e816cd68b4f17c3378965e26-22,smalp,1,170.443,500,9496578,d7f7c4941327e2aec3169ca1ee1b194d6e0e86ea,2021-10-30T04:39:39.000Z,emotet,2,splinterlands,1,2021-10-31T04:39:39.000Z,DEC,170.443,DEC,170.443,170.443,,,,C3-98-9BBBSQZ8VK,98,false,7500,3
15585020,7a547aefac707ea76d4a72c8f5b317763dc2ea6e-6,fighter4-freedom,1,13.000,500,15585020,e6e360dd4374aeeb4f44770ef094139106407782,2021-10-30T04:39:24.000Z,emotet,2,splinterlands,1,2021-10-31T04:39:24.000Z,DEC,13.000,DEC,13.000,13.000,,,,C4-235-910EY4B2UO,235,false,1,4
15380379,624247566873acc521b484038dbec94b1ab100d5-4,beesknees,1,4.250,500,15380379,9477bf07e429e702a095ec0e850453cb79365bb6,2021-10-29T23:59:54.000Z,emotet,2,peakmonsters,1,2021-10-30T23:59:54.000Z,DEC,4.250,DEC,4.250,4.250,,,,C3-131-V5QLVEBP40,131,false,0,3
18054552,a77764ee525a687754502aa4472c6a5166bdbbaa-124,steemitromney,1,49.450,500,18054552,91d3388c47f8664386602309d99485939c794df2,2021-10-29T23:59:39.000Z,emotet,2,peakmonsters,1,2021-10-30T23:59:39.000Z,DEC,49.450,DEC,49.450,49.450,,,,G4-178-DE3GOEXGQ8,178,true,1,4
17859432,fa17c59295f0afa30498cdf181b771553bba2876-21,readymade,1,4.250,500,17859432,5824902c5b387efea09f7a7e8293dad978eefce8,2021-10-29T23:58:21.000Z,emotet,2,peakmonsters,1,2021-10-30T23:58:21.000Z,DEC,14.650,DEC,14.650,14.650,,,,G1-12-9UN5WMLG80,12,true,200,1
12135763,17f2e936a82cb46a110898bd2d081d3a63696318-11,clove71,1,16.900,500,12135763,b9a472509ace4d15db4dc2f99746b15c522af339,2021-10-29T23:57:39.000Z,emotet,2,peakmonsters,1,2021-10-30T23:57:39.000Z,DEC,16.900,DEC,16.900,16.900,,,,G1-14-IU3ZNQCCSW,14,true,200,1
17074061,1d18e4e533f4e442e610027511b0fe7396810852-1,kurade,1,11.840,500,17074061,8f324cf1276ba3f5d4dc541fb46df20ef9273a31,2021-10-29T23:57:30.000Z,emotet,2,peakmonsters,1,2021-10-30T23:57:30.000Z,DEC,11.840,DEC,11.840,11.840,,,,G3-91-8GRHSQK1DS,91,true,200,3
15866089,7c9f9025de291db24b404ba55eb6bfe85703094d-11,fighter4-freedom,1,8.000,500,15866089,2070d58fe9bbb34ae3ad33f601e7d90fedc851eb,2021-10-29T23:57:21.000Z,emotet,2,peakmonsters,1,2021-10-30T23:57:21.000Z,DEC,8.000,DEC,8.000,8.000,,,,G4-169-E1UNH8M80W,169,true,1,4
17205479,5bf5401eb8c6d7d84ffb25846f769175e4f5fad0-15,tobias-g,1,9.690,500,17205479,dbae518b88ccc6cf3aefa19808756d60cb26a1a0,2021-10-29T23:57:15.000Z,emotet,2,peakmonsters,1,2021-10-30T23:57:15.000Z,DEC,9.690,DEC,9.690,9.690,,,,G3-103-UXDNJVYBCG,103,true,200,3
17252792,a0f4efaaeef5e01c31681d08da6941ff80e7bed8-21,grosh,1,14.950,500,17252792,576d6580c61154a12ca2cb0740ee0c215a4aff1c,2021-10-29T23:56:57.000Z,emotet,2,peakmonsters,1,2021-10-30T23:56:57.000Z,DEC,14.950,DEC,14.950,14.950,,,,C-A58891VDGG,18,false,300,0
15619832,2b2a9dd7806a4b88e4c0ded723bd77b43c25ee92-14,wargames,1,44.900,500,15619832,7d1e6db08ce91b035b37c0fa00570be692d448ef,2021-10-26T06:31:30.000Z,emotet,2,peakmonsters,1,2021-10-27T06:31:30.000Z,DEC,44.900,DEC,44.900,44.900,,,,G4-178-VDI92TF7LC,178,true,1,4
11395867,ffbe4c424771a893d107bf6c1c8274d8d73b7aba-0,bengiles,1,14.000,500,11395867,2ecaa23dbd2783a6f2481e0bc39a2f04b68b1e47,2021-10-26T06:31:06.000Z,emotet,2,peakmonsters,1,2021-10-27T06:31:06.000Z,DEC,14.000,DEC,14.000,14.000,,,,G3-91-96AGM5CVTC,91,true,200,3
9947467,a0ae2f65d50bde4e86f18e977aa9dd69502ce70a-0,farm3,1,10.000,500,9947467,71c44cc6a7ba28e684a7f0357717ba0ec70be90e,2021-10-26T06:30:51.000Z,emotet,2,peakmonsters,1,2021-10-27T06:30:51.000Z,DEC,10.000,DEC,10.000,10.000,,,,G3-103-UXVNNHGOOG,103,true,200,3
12244577,983ba4580faab0fe21605592d10acbd9fdc3b2b7-110,suprememagus,1,6.500,500,12244577,5acb97969be12ab4d7a2c779c448cd6d50d4b91f,2021-10-26T06:30:27.000Z,emotet,2,peakmonsters,1,2021-10-27T06:30:27.000Z,DEC,6.500,DEC,6.500,6.500,,,,C-80NPH3F3AO,18,false,100,0
17164696,45741b9713f015da297d1a6afad52b507da39bb0-81,slagf,1,15.000,500,17164696,8b4ef6fb377aa9d6a7b0ca02af5f3a5a486923f7,2021-10-26T06:30:03.000Z,emotet,2,peakmonsters,1,2021-10-27T06:30:03.000Z,DEC,15.000,DEC,15.000,15.000,,,,G-FIS9GBHZYO,12,true,250,0
11953295,f99d79054b0325cea84ed14d83131c286f1cdff4-6,janoshik,1,9.950,500,11953295,8b4ef6fb377aa9d6a7b0ca02af5f3a5a486923f7,2021-10-26T06:30:03.000Z,emotet,2,peakmonsters,1,2021-10-27T06:30:03.000Z,DEC,9.950,DEC,9.950,9.950,,,,G1-14-C7V9J1IULS,14,true,200,1
16376732,7ceb1c56ec4b7c1ff8e157b164b3f5facaba8224-36,rerix,1,7.500,500,16376732,8b4ef6fb377aa9d6a7b0ca02af5f3a5a486923f7,2021-10-26T06:30:03.000Z,emotet,2,peakmonsters,1,2021-10-27T06:30:03.000Z,DEC,7.500,DEC,7.500,7.500,,,,G4-169-E4P7W9UUKG,169,true,1,4
10109201,09967d51b28082bb18bcdb49658439277ef3dabc-0,ikrah,1,29.000,500,10109201,0a8c29a61422abaa6400ec7e14290ed42685f708,2021-10-21T15:18:00.000Z,emotet,2,peakmonsters,1,2021-10-22T15:18:00.000Z,DEC,29.000,DEC,29.000,29.000,,,,G3-91-78LTWKABOW,91,true,800,3
17169524,3912eb6eeed6556c03964b48462cc414b7039bdc-32,slugf,1,49.650,500,17169524,6a984d1a85304eddf724abfe0a51dc7e92a6543c,2021-10-21T15:17:12.000Z,emotet,2,peakmonsters,1,2021-10-22T15:17:12.000Z,DEC,49.650,DEC,49.650,49.650,,,,G4-178-SKA2U6GE3K,178,true,1,4
11396662,fd2bddd5af605d3dcc645722e868d652d8511684-11,sm-deck,1,13.827,500,11396662,6a984d1a85304eddf724abfe0a51dc7e92a6543c,2021-10-21T15:17:12.000Z,emotet,2,peakmonsters,1,2021-10-22T15:17:12.000Z,DEC,13.827,DEC,13.827,13.827,,,,G1-14-VPEY0TEWTC,14,true,200,1
11531928,13eb125e1c73f926313c17cb83b800304b144ea5-9,monstergames,1,8.661,500,11531928,6a984d1a85304eddf724abfe0a51dc7e92a6543c,2021-10-21T15:17:12.000Z,emotet,2,peakmonsters,1,2021-10-22T15:17:12.000Z,DEC,8.661,DEC,8.661,8.661,,,,G1-12-XID3CI1U00,12,true,200,1
16932515,27acb2590358c24e56d4b60886ff75e1fb6e9340-102,corpusland,1,6.845,500,16932515,6a984d1a85304eddf724abfe0a51dc7e92a6543c,2021-10-21T15:17:12.000Z,emotet,2,peakmonsters,1,2021-10-22T15:17:12.000Z,DEC,6.845,DEC,6.845,6.845,,,,G4-169-0PYWDT7ZV4,169,true,1,4
11044782,c3ea17abfd94e0b58004c4273967da59a84be3c5-39,smalp,1,39.950,500,11044782,0e83d92842af8093680cfa029c740813af415b96,2021-10-15T13:46:39.000Z,emotet,2,splinterlands,1,2021-10-16T13:46:39.000Z,DEC,39.950,DEC,39.950,39.950,,,,G4-147-W8R2Q8LX6O,147,true,9,4
9307091,10d80b9f8f3e00b739576a2226d56fd6111900d7-20,smalp,1,20.846,500,9307091,c052ccf5c00525946eb9b9029236fde8786015c8,2021-10-15T13:46:15.000Z,emotet,2,splinterlands,1,2021-10-16T13:46:15.000Z,DEC,20.846,DEC,20.846,20.846,,,,C0-36-JHX2PL748W,36,false,2560,0
15509767,99c9b75e443cddece17ed67e1dba977eb20c89db-3,scooter77,1,7.900,500,15509767,c694ddf2134998dfabe8f7a3223b362653fc5c9b,2021-10-14T13:41:00.000Z,emotet,2,peakmonsters,1,2021-10-15T13:41:00.000Z,DEC,12.000,DEC,12.000,12.000,,,,G4-169-ZAW3AHWRY8,169,true,1,4
12494202,11ba20950b5f685d249d07784ec1248f564f5079-133,trip7s,1,4.212,500,12494202,92c0e815450424cc70951d42c556f43a13a3aad1,2021-10-14T13:38:54.000Z,emotet,2,peakmonsters,1,2021-10-15T13:38:54.000Z,DEC,4.212,DEC,4.212,4.212,,,,G1-12-76PHCPWM68,12,true,200,1
11561347,96de4158a715c3c31c0efb13bebdfd6e3e26724f-72,mylibrary,1,12.450,500,11561347,a2f70f685ef016c8d3cc2bad3d35098b929d4f3e,2021-10-14T13:38:30.000Z,emotet,2,peakmonsters,1,2021-10-15T13:38:30.000Z,DEC,12.450,DEC,12.450,12.450,,,,C-GU2HTF831S,14,false,60,0
13640834,01e61027effcb24cd6ad4831d2a7ccbcc2f7013d-30,jarvie,1,6.450,500,13640834,1c8830f9d53e0ea87cb333659f78e3467f9917f8,2021-10-14T13:37:36.000Z,emotet,2,splinterlands,1,2021-10-15T13:37:36.000Z,DEC,6.450,DEC,6.450,6.450,,,,C3-131-MP2G0GZJHS,131,false,0,3
10209310,db90d919b3db5d3c596fa8fcbdb8335051c7dfda-0,demon402,1,10.000,500,10209310,0afa28e87df45245e3c78b3c0f8e6f517c1e451f,2021-10-14T13:37:33.000Z,emotet,2,peakmonsters,1,2021-10-15T13:37:33.000Z,DEC,10.000,DEC,10.000,10.000,,,,G3-91-ODQVU5C45S,91,true,200,3
15905538,8d2f8dad82b82d44186840c432d117d6be4c7f05-96,moriarty95,1,11.940,500,15905538,ff37e1f62f3200ac67c04e5ea31522cac09f6978,2021-10-14T13:37:30.000Z,emotet,2,splinterlands,1,2021-10-15T13:37:30.000Z,DEC,11.940,DEC,11.940,11.940,,,,C4-293-N4K0PKBKHC,293,false,1,4
9909373,a45801a5a13e0a2ca70f1842126ca3df1b37cef4-11,samsemilia7,1,13.830,500,9909373,72a4ff038943925d3dad2d45cbdd5d907dcf227e,2021-10-14T13:36:27.000Z,emotet,2,splinterlands,1,2021-10-15T13:36:27.000Z,DEC,13.830,DEC,13.830,13.830,,,,G3-103-5KON0E7P9S,103,true,200,3
15909390,43d825243c8a4252eb9e45b83f2f717bbd0bfc2c-87,moriarty95,1,5.150,500,15909390,7069286bd1b721eecbea297875a3d57ffc9e3225,2021-10-14T13:35:39.000Z,emotet,2,splinterlands,1,2021-10-15T13:35:39.000Z,DEC,5.150,DEC,5.150,5.150,,,,G4-171-O4NTKFF7LS,171,true,1,4
11949171,e4f9a479143fb205586287c5614d55cdc51ae428-9,gfriend96,1,30.559,500,11949171,2b6dfa3c48e185597814cc2196be1cb68cd03d6e,2021-10-11T08:53:12.000Z,emotet,2,peakmonsters,1,2021-10-12T08:53:12.000Z,DEC,30.559,DEC,30.559,30.559,,,,G3-131-NJPPWG56PC,131,true,400,3
11230811,44ed8715680525e5e2f0833b3cb49bd5c2358444-133,duckiemyfriend,1,18.900,500,11230811,2b6dfa3c48e185597814cc2196be1cb68cd03d6e,2021-10-11T08:53:12.000Z,emotet,2,peakmonsters,1,2021-10-12T08:53:12.000Z,DEC,18.900,DEC,18.900,18.900,,,,G3-91-LD8ZF18OOG,91,true,200,3
12462719,d56a1fe8bade3d03a9839dc4800e7f0e4e24210f-34,clove71,1,35.397,500,12462719,a8c8a4825fe63405f93c3bcdedf0dedccd75e3bd,2021-10-11T08:52:48.000Z,emotet,2,peakmonsters,1,2021-10-12T08:52:48.000Z,DEC,35.547,DEC,35.547,35.547,,,,C1-56-U27IP2VM28,56,false,0,1
11793615,5154f8fef270cf3fddf17c0752c198bb802299ce-4,ccoin,1,18.000,500,11793615,ccf79247ca20a0932f8ff35f0e993af4dd69b9c1,2021-10-05T10:16:57.000Z,emotet,2,peakmonsters,1,2021-10-06T10:16:57.000Z,DEC,18.000,DEC,18.000,18.000,,,,G3-91-ES9C6L8BK0,91,true,200,3
11685983,479b1fccb2a1848002b91726b31ffc6405e3b0c9-1,teammonsters,1,29.900,500,11685983,268a858f0a3510e1800694e1c4d91ce1616ad6a5,2021-10-05T10:16:24.000Z,emotet,2,peakmonsters,1,2021-10-06T10:16:24.000Z,DEC,29.900,DEC,29.900,29.900,,,,G3-131-AM5M0FXXLS,131,true,400,3
14294623,ea8ce5a04202c8f532ac32e03881cf0563364e56-6,eush,1,13.770,500,14294623,268a858f0a3510e1800694e1c4d91ce1616ad6a5,2021-10-05T10:16:24.000Z,emotet,2,peakmonsters,1,2021-10-06T10:16:24.000Z,DEC,13.770,DEC,13.770,13.770,,,,G1-14-W0OY42H4E8,14,true,200,1
10269644,af2ad218e64425a6dc0640c6eca2135201087a18-13,aatrox,1,4.200,500,10269644,268a858f0a3510e1800694e1c4d91ce1616ad6a5,2021-10-05T10:16:24.000Z,emotet,2,peakmonsters,1,2021-10-06T10:16:24.000Z,DEC,4.200,DEC,4.200,4.200,,,,G1-12-V526HDLSSW,12,true,200,1