﻿id,sell_trx_id,seller,num_cards,buy_price,fee_percent,market_item_id,rental_tx,rental_date,renter,status,market_account,rental_days,next_rental_payment,payment_currency,payment_amount,escrow_currency,escrow_amount,paid_amount,cancel_tx,cancel_player,cancel_date,card_id,card_detail_id,gold,xp,edition
10609546,38faaff3c4ca89af23c34e5c79f039853c0434fd-49,aatrox,1,44.900,500,10609546,4426eed2adc13bb75d43b92efb88872f7e492cdc,2021-10-30T06:36:18.000Z,upatre,2,splinterlands,1,2021-10-31T06:36:18.000Z,DEC,44.900,DEC,44.900,44.900,,,,C3-82-UYC4YJAOKG,82,false,3000,3
15867546,519fb1135056b979bc050a121d7cba18c334e69b-2,fighter4-freedom,1,14.000,500,15867546,e36e0ae0e23da567736a21eae7054d50f41aae67,2021-10-30T06:35:51.000Z,upatre,2,splinterlands,1,2021-10-31T06:35:51.000Z,DEC,14.000,DEC,14.000,14.000,,,,G3-247-TSE3EDNSLS,247,true,1,3
11070507,94feb77f999d6fd0f0bd3765bda905c8ea979fad-58,smalp,1,7.800,500,11070507,2c9f4d48879ad7d8d9324620439706ddbdd9ae87,2021-10-30T06:34:06.000Z,upatre,2,splinterlands,1,2021-10-31T06:34:06.000Z,DEC,7.800,DEC,7.800,7.800,,,,C4-204-CXFQTFPUHC,204,false,1,4
15894324,b05d43c29a346ecad2fbe0a6281fe48c68d1523e-67,aatrox,1,29.950,500,15894324,a1904db7912aed0dca70d8fb0dddf8574fd087ef,2021-10-30T06:33:27.000Z,upatre,2,splinterlands,1,2021-10-31T06:33:27.000Z,DEC,29.950,DEC,29.950,29.950,,,,G3-215-BJ3LV7L85C,215,true,400,3
10163835,08370d9b45814ff715a43a4698f5a9cb26cdeb01-1,lucky-cards,1,27.000,500,10163835,0be30ade6c7db34c68a0d1cccc8fe49801753e63,2021-10-30T06:33:15.000Z,upatre,2,splinterlands,1,2021-10-31T06:33:15.000Z,DEC,27.000,DEC,27.000,27.000,,,,G3-131-2G6DTY6NF4,131,true,400,3
15382995,64d1eb04b8efc5b022131a570bd8364b6ac171b8-48,legendarycanary,1,9.150,500,15382995,309976d2cfa2fd7e63b256ceab3f9ab8a5acbd2d,2021-10-30T06:32:21.000Z,upatre,2,splinterlands,1,2021-10-31T06:32:21.000Z,DEC,9.150,DEC,9.150,9.150,,,,G4-146-521Q946GN4,146,true,2,4
9309070,41184f79ef454fd3edea428e3be15320f9cb630c-18,smalp,1,12.506,500,9309070,75e586383f5d51e17d7756214cf00df5ab1053f7,2021-10-30T06:31:00.000Z,upatre,2,splinterlands,1,2021-10-31T06:31:00.000Z,DEC,12.506,DEC,12.506,12.506,,,,G1-14-Z7OCHWZUCW,14,true,400,1
11518707,118f65db7e8899c70051e938560996e131e90d96-0,rentmoney,1,12.494,500,11518707,5878fd0b71bf28984bc3306a4aac8bf89c87af6b,2021-10-28T14:47:21.000Z,upatre,2,peakmonsters,1,2021-10-29T14:47:21.000Z,DEC,12.494,DEC,12.494,12.494,,,,G3-103-75H30ZYT68,103,true,200,3
17721579,3ffe057183306c4dbeb762d64727da1b6566382b-66,aatrox,1,14.950,500,17721579,7f42d2494495cd0159fe42fc19d70fe1d144b9e8,2021-10-28T14:47:06.000Z,upatre,2,peakmonsters,1,2021-10-29T14:47:06.000Z,DEC,14.950,DEC,14.950,14.950,,,,G-XCOJH6TKJK,12,true,250,0
16988665,ecb262c8fea25973b817ffa3e771d90a51a72f26-30,steemengines,1,7.400,500,16988665,d01e519cc7cbeaf9f684b5d24c7f2dcf968cc6d6,2021-10-28T14:46:39.000Z,upatre,2,peakmonsters,1,2021-10-29T14:46:39.000Z,DEC,7.400,DEC,7.400,7.400,,,,C-8XVL447QS0,18,false,200,0
17191340,21d35778292246d5c3523afdec801cddd8fd200b-72,enminers-vault,1,49.450,500,17191340,b4106c9a08dd0fdaa583ad86691256947775e8f6,2021-10-28T14:46:24.000Z,upatre,2,peakmonsters,1,2021-10-29T14:46:24.000Z,DEC,49.450,DEC,49.450,49.450,,,,G4-178-Y153WE36HS,178,true,1,4
17169414,1689bf0b8531e09bfd77e52b69249f698d61982e-90,slugf,1,5.000,500,17169414,b4106c9a08dd0fdaa583ad86691256947775e8f6,2021-10-28T14:46:24.000Z,upatre,2,peakmonsters,1,2021-10-29T14:46:24.000Z,DEC,5.000,DEC,5.000,5.000,,,,G4-169-VZ93TWFFSW,169,true,1,4
16176424,cb9c5b60078d391b09d12fa97b967f091b814753-1,ryan600,1,15.700,500,16176424,b4106c9a08dd0fdaa583ad86691256947775e8f6,2021-10-28T14:46:24.000Z,upatre,2,peakmonsters,1,2021-10-29T14:46:24.000Z,DEC,15.700,DEC,15.700,15.700,,,,G1-14-97D60V86OW,14,true,200,1
17194798,21423dfbd8436e5dbaff30ef56cc444d16492d5a-7,enminers-vault,1,5.099,500,17194798,b4106c9a08dd0fdaa583ad86691256947775e8f6,2021-10-28T14:46:24.000Z,upatre,2,peakmonsters,1,2021-10-29T14:46:24.000Z,DEC,5.099,DEC,5.099,5.099,,,,G4-171-7DXCSZB1MO,171,true,1,4
12043534,4c4346fbae4b737c8915bd4c615bf12f6049f0c9-6,nathansenn,1,11.950,500,12043534,5c11768f244737d698e1b9599531323477273fd5,2021-10-23T15:40:42.000Z,upatre,2,peakmonsters,1,2021-10-24T15:40:42.000Z,DEC,11.950,DEC,11.950,11.950,,,,C0-18-IQS78CEA80,18,false,100,0
16220198,3fc3e646ab64327979091734e8110e09a059c42d-24,imno,1,8.790,500,16220198,08b53fb24a450079deaac2736b02d400c340a62a,2021-10-23T15:40:06.000Z,upatre,2,peakmonsters,1,2021-10-24T15:40:06.000Z,DEC,9.000,DEC,9.000,9.000,,,,C4-293-ULYNV9651C,293,false,1,4
11396662,fd2bddd5af605d3dcc645722e868d652d8511684-11,sm-deck,1,13.827,500,11396662,4c2a32ab85b30a91942b92e9a7139c14d4104d8a,2021-10-23T15:39:54.000Z,upatre,2,peakmonsters,1,2021-10-24T15:39:54.000Z,DEC,13.827,DEC,13.827,13.827,,,,G1-14-VPEY0TEWTC,14,true,200,1
15717292,cea05185733dfa982cff5a04b3f0f38507eae431-95,faceb,1,14.950,500,15717292,4c2a32ab85b30a91942b92e9a7139c14d4104d8a,2021-10-23T15:39:54.000Z,upatre,2,peakmonsters,1,2021-10-24T15:39:54.000Z,DEC,14.950,DEC,14.950,14.950,,,,G3-91-DER0SSJIXC,91,true,200,3
17387385,06db72cb71b83d39bd9c11a3259764d6da6bcdfd-22,renterlands,1,44.950,500,17387385,4c2a32ab85b30a91942b92e9a7139c14d4104d8a,2021-10-23T15:39:54.000Z,upatre,2,peakmonsters,1,2021-10-24T15:39:54.000Z,DEC,44.950,DEC,44.950,44.950,,,,G4-178-LYGF5USD8W,178,true,1,4
11531928,13eb125e1c73f926313c17cb83b800304b144ea5-9,monstergames,1,8.661,500,11531928,4c2a32ab85b30a91942b92e9a7139c14d4104d8a,2021-10-23T15:39:54.000Z,upatre,2,peakmonsters,1,2021-10-24T15:39:54.000Z,DEC,8.661,DEC,8.661,8.661,,,,G1-12-XID3CI1U00,12,true,200,1
15866084,7c9f9025de291db24b404ba55eb6bfe85703094d-6,fighter4-freedom,1,8.000,500,15866084,4c2a32ab85b30a91942b92e9a7139c14d4104d8a,2021-10-23T15:39:54.000Z,upatre,2,peakmonsters,1,2021-10-24T15:39:54.000Z,DEC,8.000,DEC,8.000,8.000,,,,G4-169-CDER90RBRK,169,true,1,4
11170426,4cd385ad5fa8f1f88b5289acb4a3f4ffbb152a5a-0,aabcent,1,7.990,500,11170426,3a9b36e3127609259434dfebcb9c61c427691a54,2021-10-17T08:11:51.000Z,upatre,2,peakmonsters,1,2021-10-18T08:11:51.000Z,DEC,7.990,DEC,7.990,7.990,,,,C3-131-2T8BWLL7PS,131,false,0,3
15974997,7e1643cba15ccbf26361dbbc642bf674eb8724b8-3,bejo7,1,0.215,500,15974997,200cc88264310bee92904c6178a72e1aadf983ce,2021-10-17T08:11:36.000Z,upatre,2,peakmonsters,1,2021-10-18T08:11:36.000Z,DEC,0.215,DEC,0.215,0.215,,,,C1-14-ZB4F32RCMO,14,false,0,1
16211471,09ef316d7255061a49171b11fa3509a9891c5c1d-74,sliferdragon,1,1.000,500,16211471,44b97ca05d4fdef50c3f98535d71e80ccd4919e5,2021-10-17T08:10:48.000Z,upatre,2,peakmonsters,1,2021-10-18T08:10:48.000Z,DEC,1.000,DEC,1.000,1.000,,,,C3-91-PWW67011Y8,91,false,0,3
14269881,ab2d6e49f5bc9db1721fca20cba4cc61d0bc9541-6,bluemoon-phunk,1,12.600,500,14269881,74aabd43419886a5bc8dac01aa98383c317bdbf8,2021-10-17T08:10:36.000Z,upatre,2,peakmonsters,1,2021-10-18T08:10:36.000Z,DEC,12.600,DEC,12.600,12.600,,,,C4-293-399QS2LN5C,293,false,1,4
14365758,5f533d852c7f2005e4c9f623f783c8289b23a5af-0,zsander,1,89.000,500,14365758,f1040efab950beb7424a435a9efc78fe8ec4ab27,2021-10-17T08:10:27.000Z,upatre,2,peakmonsters,1,2021-10-18T08:10:27.000Z,DEC,89.000,DEC,89.000,89.000,,,,G4-178-119X4JECTC,178,true,1,4
10297522,ec39cf0ca8840e1fe78caae2576eda5e3c7b14ce-0,bang1,1,15.000,500,10297522,2c1a4690962bafc24fc88ef04b3a3eaea4ce1683,2021-10-17T08:09:51.000Z,upatre,2,peakmonsters,1,2021-10-18T08:09:51.000Z,DEC,15.000,DEC,15.000,15.000,,,,C0-18-19H8FCCJE8,18,false,300,0
12041955,c05138bdb1a62005eff937db9cb77d23ff6e0857-3,ayogom,1,16.950,500,12041955,8688d247c5522e637035399b87dd0ddf42645ea6,2021-10-17T08:09:00.000Z,upatre,2,peakmonsters,1,2021-10-18T08:09:00.000Z,DEC,16.950,DEC,16.950,16.950,,,,G1-12-AQNCC8FNOG,12,true,600,1
15365164,372f60468fa57650d3e387dac06775c264bf0303-46,legendarycanary,1,15.769,500,15365164,0a04e6825d3a75e4e9288ddaf858fa72edc44f2b,2021-10-15T11:45:15.000Z,upatre,2,splinterlands,1,2021-10-16T11:45:15.000Z,DEC,15.769,DEC,15.769,15.769,,,,G4-185-RKBI4AN9SW,185,true,1,4
9467475,3225a7cefde73bee8402cf58fb1795f8b4ab212c-20,smalp,1,5.747,500,9467475,288aa899387967a6edfab1c6874509ea9305628a,2021-10-15T11:43:45.000Z,upatre,2,splinterlands,1,2021-10-16T11:43:45.000Z,DEC,5.747,DEC,5.747,5.747,,,,C0-2-TZN421L89C,2,false,760,0
12136045,8d05e470cb7a0bfbc5a400268b936b5183f14cfa-12,clove71,1,12.900,500,12136045,a3fd80ee1b515f8e239c4567cc9fc59b2a85a8e3,2021-10-13T00:54:21.000Z,upatre,2,peakmonsters,1,2021-10-14T00:54:21.000Z,DEC,12.900,DEC,12.900,12.900,,,,G3-103-KAHD0EE1VK,103,true,200,3
10257514,658c1621fe4e79e0b775c5f33f86354e454bca20-0,okean123,1,7.250,500,10257514,07ed4340ce38a67d7d6fbc4ff6779aa2c088c080,2021-10-13T00:53:39.000Z,upatre,2,peakmonsters,1,2021-10-14T00:53:39.000Z,DEC,12.000,DEC,12.000,12.000,,,,C-1HX9GTFC9S,18,false,100,0
15909405,43d825243c8a4252eb9e45b83f2f717bbd0bfc2c-102,moriarty95,1,5.150,500,15909405,1b08897a05b21175f91a2f584a82b34be4b0018a,2021-10-13T00:52:39.000Z,upatre,2,peakmonsters,1,2021-10-14T00:52:39.000Z,DEC,5.150,DEC,5.150,5.150,,,,G4-171-U0MR8N2APC,171,true,1,4
9495000,b17d12793e498c7a29ea97c09c4465c2011ceb54-45,smalp,1,33.124,500,9495000,1b08897a05b21175f91a2f584a82b34be4b0018a,2021-10-13T00:52:39.000Z,upatre,2,peakmonsters,1,2021-10-14T00:52:39.000Z,DEC,33.124,DEC,33.124,33.124,,,,G3-131-PWKU0DPKWG,131,true,400,3
12232366,ccb62b0fc609fb4de05ec3821e152c021751cb05-11,rce,1,15.650,500,12232366,1b08897a05b21175f91a2f584a82b34be4b0018a,2021-10-13T00:52:39.000Z,upatre,2,peakmonsters,1,2021-10-14T00:52:39.000Z,DEC,15.650,DEC,15.650,15.650,,,,G1-14-NZED70PQLC,14,true,200,1
15017315,271c910a15f58ef969fd5029d8d615cc612f8da8-111,rce,1,5.900,500,15017315,8b3b88d504a80b56891c93e6cfa31d91ac06411e,2021-10-09T01:22:15.000Z,upatre,2,peakmonsters,1,2021-10-10T01:22:15.000Z,DEC,9.900,DEC,9.900,9.900,,,,C4-293-HXYW1KTG1S,293,false,1,4
15582868,143e79e2c6f78d2226daf9805aa3347ee0c45b29-14,fighter4-freedom,1,29.000,500,15582868,7ff513dcb93b9daa21c82da01df8442c1eabd091,2021-10-09T01:21:51.000Z,upatre,2,peakmonsters,1,2021-10-10T01:21:51.000Z,DEC,29.000,DEC,29.000,29.000,,,,G3-131-QCWH4NUSPC,131,true,400,3
12136133,8d05e470cb7a0bfbc5a400268b936b5183f14cfa-100,clove71,1,16.578,500,12136133,7ff513dcb93b9daa21c82da01df8442c1eabd091,2021-10-09T01:21:51.000Z,upatre,2,peakmonsters,1,2021-10-10T01:21:51.000Z,DEC,16.578,DEC,16.578,16.578,,,,G3-91-IGPW4SKE9C,91,true,200,3
12427309,473eab35d73c79b788d16b83170ec4261390e05c-0,farm2,1,15.000,500,12427309,7ff513dcb93b9daa21c82da01df8442c1eabd091,2021-10-09T01:21:51.000Z,upatre,2,peakmonsters,1,2021-10-10T01:21:51.000Z,DEC,15.000,DEC,15.000,15.000,,,,G1-14-SW9P86HB9S,14,true,200,1
15449600,5278cd488dcb7b4a5fb9e74c1e6efb0a2dcf420a-0,bitcoincoimbra,1,2.900,500,15449600,7ff513dcb93b9daa21c82da01df8442c1eabd091,2021-10-09T01:21:51.000Z,upatre,2,peakmonsters,1,2021-10-10T01:21:51.000Z,DEC,2.900,DEC,2.900,2.900,,,,G4-171-RCS354YUJ4,171,true,1,4
11548098,43f06651e8729a636ea680b34a10d2843ea843b2-2,davemccoy,1,7.217,500,11548098,7ff513dcb93b9daa21c82da01df8442c1eabd091,2021-10-09T01:21:51.000Z,upatre,2,peakmonsters,1,2021-10-10T01:21:51.000Z,DEC,7.217,DEC,7.217,7.217,,,,G1-12-L2AKFSH2GW,12,true,200,1
10536060,8ff3acbe77740031634e510c886d7297256bb142-0,goldninja,1,9.850,500,10536060,b6571b75c1360d6af7aba43ff219b46fb819ccda,2021-10-03T12:40:39.000Z,upatre,2,peakmonsters,1,2021-10-04T12:40:39.000Z,DEC,9.850,DEC,9.850,9.850,,,,G3-103-FUK8V7SYU8,103,true,200,3
12023879,2203f832020da1a3cfc1932630bf34e435508721-0,cryptkeeper17,1,4.065,500,12023879,b6571b75c1360d6af7aba43ff219b46fb819ccda,2021-10-03T12:40:39.000Z,upatre,2,peakmonsters,1,2021-10-04T12:40:39.000Z,DEC,4.065,DEC,4.065,4.065,,,,G1-12-O39MQGYESG,12,true,200,1
10332223,f2b73d821099eea1817899b07e75f221c1489845-3,fighter4-freedom,1,17.000,500,10332223,b6571b75c1360d6af7aba43ff219b46fb819ccda,2021-10-03T12:40:39.000Z,upatre,2,peakmonsters,1,2021-10-04T12:40:39.000Z,DEC,17.000,DEC,17.000,17.000,,,,G1-14-I6XIK909NK,14,true,200,1
12202220,72666bfe7e2ee8c1cbc61c5dfa8499b73e249555-0,imperij4427,1,9.500,500,12202220,b6571b75c1360d6af7aba43ff219b46fb819ccda,2021-10-03T12:40:39.000Z,upatre,2,peakmonsters,1,2021-10-04T12:40:39.000Z,DEC,9.500,DEC,9.500,9.500,,,,G4-178-0DZQ2SGTG0,178,true,1,4