﻿id,sell_trx_id,seller,num_cards,buy_price,fee_percent,market_item_id,rental_tx,rental_date,renter,status,market_account,rental_days,next_rental_payment,payment_currency,payment_amount,escrow_currency,escrow_amount,paid_amount,cancel_tx,cancel_player,cancel_date,card_id,card_detail_id,gold,xp,edition
10201292,68f11b1102d958b14244d547603edc53dd36bd0d-0,cal1,1,15.000,500,10201292,a18b92aeaf249e0e3d5d0ab6d400b91b0da96977,2021-11-02T11:04:00.000Z,vundo,1,peakmonsters,1,2021-11-03T11:04:00.000Z,DEC,15.000,DEC,15.000,15.000,,,,C-1HPBZ20P2O,18,false,300,0
16462212,a99ee8d71f52cd360d7ef14bfe0f318b961242ca-64,americaman,1,5.690,500,16462212,26c86ce07d3e6d697c7d6371197eb2955ee27abd,2021-11-02T11:02:51.000Z,vundo,1,splinterlands,1,2021-11-03T11:02:51.000Z,DEC,5.690,DEC,5.690,5.690,,,,C3-131-PHYZ331Y00,131,false,0,3
15862284,7a7908f054495bd628fa7afab2fbdb5a25b08388-3,fighter4-freedom,1,18.000,500,15862284,09b0e3bd7fa5629ddcd9f52170f3d8d134db28aa,2021-11-02T11:02:00.000Z,vundo,1,splinterlands,1,2021-11-03T11:02:00.000Z,DEC,18.000,DEC,18.000,18.000,,,,G1-14-PO6WOGGUEO,14,true,200,1
14329993,a0412814849aff74bc086e65fe1b8ed3ce9abcce-120,vugtis,1,49.800,500,14329993,92e9904557e67ee0a7988e87e977cd29441bc25c,2021-11-02T11:01:39.000Z,vundo,1,splinterlands,1,2021-11-03T11:01:39.000Z,DEC,49.800,DEC,49.800,49.800,,,,G4-178-0G79412OSW,178,true,1,4
14873387,e6aaf02846ab0c3cf664ce73a9de0f2c3d41f4a0-109,mountainjewel,1,14.940,500,14873387,a89f9fd356ccde82d91086af293a4e775154fc44,2021-11-02T11:01:30.000Z,vundo,1,splinterlands,1,2021-11-03T11:01:30.000Z,DEC,14.940,DEC,14.940,14.940,,,,G3-91-45WH5DEWZ4,91,true,200,3
16167830,a3ee3b4df4a164d62bce89c133962ee5451d353a-4,fighter4-freedom,1,7.000,500,16167830,cdf71c2acbb606394b209fa08041666922ea1cc8,2021-11-02T10:58:30.000Z,vundo,1,splinterlands,1,2021-11-03T10:58:30.000Z,DEC,7.000,DEC,7.000,7.000,,,,C4-293-RM4HA09DM8,293,false,1,4
10188467,35e347709b6cfbe9193ddba07ee716b86490455f-0,bitcoinportugal,1,12.990,500,10188467,8eb77aef36d3232ed1d7db7cbff493cd79340d9d,2021-11-02T10:56:30.000Z,vundo,1,splinterlands,1,2021-11-03T10:56:30.000Z,DEC,12.990,DEC,12.990,12.990,,,,G3-103-OZMQ9PMW6O,103,true,200,3
11466143,3165c41f4ec92942293be31ccf3fb99b2b8733aa-1,sm-trader,1,5.000,500,11466143,505a7cfe9544da712dbd282344423a38f0eefe94,2021-11-02T10:56:12.000Z,vundo,1,splinterlands,1,2021-11-03T10:56:12.000Z,DEC,5.000,DEC,5.000,5.000,,,,G4-169-QWT9EU3NSW,169,true,1,4
11073991,718104626b2410032d54c58c4831c165e0f9df5a-4,lucky-cards,1,4.700,500,11073991,8f2ec4bac7e496e688449762eadf9ee4c034067c,2021-11-02T10:55:42.000Z,vundo,1,splinterlands,1,2021-11-03T10:55:42.000Z,DEC,4.700,DEC,4.700,4.700,,,,G1-12-AB2OWP3RZ4,12,true,200,1
11120600,5de629d2518c522426ff61bd88d4c5d29cfcb8f3-10,lucky-cards,1,14.000,500,11120600,38d3c71340988671753ddc5a310ffb9b602282dd,2021-10-30T07:35:06.000Z,vundo,2,splinterlands,1,2021-10-31T07:35:06.000Z,DEC,14.000,DEC,14.000,14.000,,,,G4-183-VT0VZDD3NK,183,true,1,4
15524182,a8caa5c2eb5cd44ad88e00b2750d84b3c35e1f73-53,aatrox,1,44.800,500,15524182,94effba69c39ad3561766252ee1f3dbd8b4e1a79,2021-10-30T07:32:39.000Z,vundo,2,splinterlands,1,2021-10-31T07:32:39.000Z,DEC,44.800,DEC,44.800,44.800,,,,C3-232-ENSGXQ094G,232,false,400,3
15499858,290ade2f083af73738dcc955a4d078c7d0bca178-9,lucky-cards,1,30.000,500,15499858,afc9db10968761ca44a20f6552efceffa5875122,2021-10-30T07:31:06.000Z,vundo,2,splinterlands,1,2021-10-31T07:31:06.000Z,DEC,30.000,DEC,30.000,30.000,,,,G1-52-HLFGTVM5JK,52,true,400,1
9307809,e9460b7d80da66a775b1a78bea4a6002dc7a968a-1,smalp,1,27.036,500,9307809,0b9c71ecc263c20206336a454a45ce6ea6e4e29a,2021-10-30T07:29:15.000Z,vundo,2,splinterlands,1,2021-10-31T07:29:15.000Z,DEC,27.036,DEC,27.036,27.036,,,,C1-66-2FNWQOIY9S,66,false,8550,1
15934929,552a290d4ac3cba618d582ff54445bf31b6cd119-0,mulletwang,1,16.000,500,15934929,3bae691ee32de731ec248d8ac7187f153f67b6b5,2021-10-26T02:24:57.000Z,vundo,2,peakmonsters,1,2021-10-27T02:24:57.000Z,DEC,16.000,DEC,16.000,16.000,,,,G3-91-OBOML51LPC,91,true,200,3
10298565,855ea67579aab9b4bfbfbaf139c916615086d38f-5,rdkmedia,1,0.189,500,10298565,4972e38bffbc2b783c389e9b0179e6be0c7c29df,2021-10-26T02:23:57.000Z,vundo,2,peakmonsters,1,2021-10-27T02:23:57.000Z,DEC,0.189,DEC,0.189,0.189,,,,C4-171-UMB5HNCIXC,171,false,1,4
10543297,4a78958bb5b559702c7213aeeed84216bf45372f-0,sonniwins,1,6.900,500,10543297,23df11c287724abeee9cb568d140a4447c0b1f7e,2021-10-26T02:23:30.000Z,vundo,2,peakmonsters,1,2021-10-27T02:23:30.000Z,DEC,6.900,DEC,6.900,6.900,,,,C-MZ20XSS9TC,18,false,300,0
17509238,2bcd8410694ea47026ff66ab9905a8309f474b0c-101,renterlands,1,1.500,500,17509238,7a41164d58163cae4b69811623339ceb35db74d8,2021-10-26T02:23:27.000Z,vundo,2,peakmonsters,1,2021-10-27T02:23:27.000Z,DEC,1.500,DEC,1.500,1.500,,,,C-DK795ETC4W,12,false,60,0
10600962,350d95884e96566481d7e4f260f753633b490b23-70,namelessnameless,1,9.844,500,10600962,4e11f73821cf2e7b51d73ab7277a934695585b79,2021-10-26T02:23:18.000Z,vundo,2,peakmonsters,1,2021-10-27T02:23:18.000Z,DEC,9.844,DEC,9.844,9.844,,,,G3-103-1MAZI0ZSY8,103,true,200,3
16803163,f66aa98099d8f80346495babf0fdb49facdf2aa5-2,americaman,1,4.790,500,16803163,acc814a20128ba7f7f95eeb4903e92ff683930f9,2021-10-20T08:50:15.000Z,vundo,2,peakmonsters,1,2021-10-21T08:50:15.000Z,DEC,4.790,DEC,4.790,4.790,,,,C3-131-22M8KV6PBK,131,false,0,3
15619831,2b2a9dd7806a4b88e4c0ded723bd77b43c25ee92-13,wargames,1,44.900,500,15619831,97cc44130f0d18de50cc71b01518cc683d0a7d2e,2021-10-20T08:49:27.000Z,vundo,2,peakmonsters,1,2021-10-21T08:49:27.000Z,DEC,44.900,DEC,44.900,44.900,,,,G4-178-DHBHPG5BPS,178,true,1,4
11548097,43f06651e8729a636ea680b34a10d2843ea843b2-1,davemccoy,1,7.217,500,11548097,c64daadaced09c5e18e7b58f60c96cca71e84ff8,2021-10-20T08:48:09.000Z,vundo,2,peakmonsters,1,2021-10-21T08:48:09.000Z,DEC,7.217,DEC,7.217,7.217,,,,G1-12-KU1URAY9K0,12,true,200,1
11559402,8ddbeb300ed4e2e1b9f135d1fb34ea3bc5a71640-0,digitspin,1,3.000,500,11559402,c64daadaced09c5e18e7b58f60c96cca71e84ff8,2021-10-20T08:48:09.000Z,vundo,2,peakmonsters,1,2021-10-21T08:48:09.000Z,DEC,3.000,DEC,3.000,3.000,,,,G4-169-H3XL7SX0OW,169,true,2,4
12296578,e1acac8c3d345b97d76773863d1d00b92ed13446-4,fighter4-freedom,1,53.000,500,12296578,61c05ad98e51850b5bd3a1c0cbe40b5957ab0af2,2021-10-15T13:15:15.000Z,vundo,2,splinterlands,1,2021-10-16T13:15:15.000Z,DEC,53.000,DEC,53.000,53.000,,,,G4-279-R8XJ65L8IO,279,true,1,4
9309699,26f10c4469eba8ff4e33bea638088aa033f93ef9-28,smalp,1,52.576,500,9309699,9bf0d24dfd2c5a8d30a60af4ba782ab9a662e8ba,2021-10-15T13:14:36.000Z,vundo,2,splinterlands,1,2021-10-16T13:14:36.000Z,DEC,52.576,DEC,52.576,52.576,,,,G2-114-KE8JL6OI68,114,true,1400,2
15287462,2f191fe30290f1322288db1c3dae222ecd3be487-19,legendarycanary,1,11.400,500,15287462,ca1673c0fbbb649e23e62181e60d5f82de4f4757,2021-10-15T13:14:00.000Z,vundo,2,splinterlands,1,2021-10-16T13:14:00.000Z,DEC,11.400,DEC,11.400,11.400,,,,G4-224-UYGJY1S3N4,224,true,1,4
9472025,55a5d4800f9947e213f04e99ffb3b28ef94bea13-54,smalp,1,5.589,500,9472025,55412f2473d305ac520dbad7774eb08902142578,2021-10-15T10:26:42.000Z,vundo,2,splinterlands,1,2021-10-16T10:26:42.000Z,DEC,5.589,DEC,5.589,5.589,,,,C4-146-PAPASRON8G,146,false,100,4
14433165,9fc2574bf2a744a74975b25a17e80aa954ae9365-1,sacred-agent,1,19.849,500,14433165,ecfe6118d51020b14066b78481983ba26e21e674,2021-10-13T06:48:27.000Z,vundo,2,peakmonsters,1,2021-10-14T06:48:27.000Z,DEC,19.849,DEC,19.849,19.849,,,,G3-91-G3GH4ZBZ74,91,true,200,3
10282672,be3f3724db4ebea80f2fe649fca8b9fd74efeb09-1,mawit07,1,7.000,500,10282672,c7acdc629584f08effc6f4250aca43260cdaaf34,2021-10-13T06:47:45.000Z,vundo,2,peakmonsters,1,2021-10-14T06:47:45.000Z,DEC,7.000,DEC,7.000,7.000,,,,C-MH6CYOGJHS,18,false,300,0
15905525,8d2f8dad82b82d44186840c432d117d6be4c7f05-83,moriarty95,1,10.950,500,15905525,5e00881572b18b3ea26b5f9f506fc573f1cbf79a,2021-10-13T06:47:18.000Z,vundo,2,peakmonsters,1,2021-10-14T06:47:18.000Z,DEC,11.940,DEC,11.940,11.940,,,,C4-293-7QEX974C28,293,false,1,4
9477526,2509d5fbafed8c7ec635e439727a779616299bea-3,smalp,1,18.069,500,9477526,eff1449d8170f2f58a834933f9ec1d2017a6ffb1,2021-10-13T06:47:06.000Z,vundo,2,peakmonsters,1,2021-10-14T06:47:06.000Z,DEC,18.069,DEC,18.069,18.069,,,,G1-12-I7CA18B4VK,12,true,800,1
10600977,350d95884e96566481d7e4f260f753633b490b23-85,namelessnameless,1,9.844,500,10600977,eff1449d8170f2f58a834933f9ec1d2017a6ffb1,2021-10-13T06:47:06.000Z,vundo,2,peakmonsters,1,2021-10-14T06:47:06.000Z,DEC,9.844,DEC,9.844,9.844,,,,G3-103-KA9W0XWHWW,103,true,200,3
12006811,8d2121d18274f54881b50d896182b1eef1e99c41-0,rentcards,1,17.000,500,12006811,eff1449d8170f2f58a834933f9ec1d2017a6ffb1,2021-10-13T06:47:06.000Z,vundo,2,peakmonsters,1,2021-10-14T06:47:06.000Z,DEC,17.000,DEC,17.000,17.000,,,,G1-14-VME9ORYS7K,14,true,200,1
15866136,59c0877e444f56875f4c7258836ebe7c3353552e-3,fighter4-freedom,1,5.500,500,15866136,eff1449d8170f2f58a834933f9ec1d2017a6ffb1,2021-10-13T06:47:06.000Z,vundo,2,peakmonsters,1,2021-10-14T06:47:06.000Z,DEC,5.500,DEC,5.500,5.500,,,,G4-171-4K1WUKJDNK,171,true,1,4
14330002,a0412814849aff74bc086e65fe1b8ed3ce9abcce-129,vugtis,1,49.800,500,14330002,eff1449d8170f2f58a834933f9ec1d2017a6ffb1,2021-10-13T06:47:06.000Z,vundo,2,peakmonsters,1,2021-10-14T06:47:06.000Z,DEC,49.800,DEC,49.800,49.800,,,,G4-178-EJ5W5UQGWW,178,true,1,4
14873326,e6aaf02846ab0c3cf664ce73a9de0f2c3d41f4a0-48,mountainjewel,1,11.650,500,14873326,36b27020a3cc6ae709ecc418f135fe2e9939079b,2021-10-08T17:47:15.000Z,vundo,2,peakmonsters,1,2021-10-09T17:47:15.000Z,DEC,11.650,DEC,11.650,11.650,,,,G3-103-5D1WRAQ3QO,103,true,200,3
11193691,3babf5cfaf2533734d459a764202dea5d245921d-0,db-cooper,1,2.500,500,11193691,36b27020a3cc6ae709ecc418f135fe2e9939079b,2021-10-08T17:47:15.000Z,vundo,2,peakmonsters,1,2021-10-09T17:47:15.000Z,DEC,2.500,DEC,2.500,2.500,,,,G4-171-2AP2VGLZ5S,171,true,1,4
14433164,9fc2574bf2a744a74975b25a17e80aa954ae9365-0,sacred-agent,1,19.849,500,14433164,36b27020a3cc6ae709ecc418f135fe2e9939079b,2021-10-08T17:47:15.000Z,vundo,2,peakmonsters,1,2021-10-09T17:47:15.000Z,DEC,19.849,DEC,19.849,19.849,,,,G3-91-CUHNJEPF5C,91,true,200,3
11378902,a535609105ea4f0242547d23418423a86d115c52-0,davemccoy,1,23.873,500,11378902,36b27020a3cc6ae709ecc418f135fe2e9939079b,2021-10-08T17:47:15.000Z,vundo,2,peakmonsters,1,2021-10-09T17:47:15.000Z,DEC,23.873,DEC,23.873,23.873,,,,G1-18-7GFHUMI2NK,18,true,400,1
10292710,7957de5de591cf7b60577d5a3f7d2c5f56bc74bf-0,randumb,1,2.000,500,10292710,36b27020a3cc6ae709ecc418f135fe2e9939079b,2021-10-08T17:47:15.000Z,vundo,2,peakmonsters,1,2021-10-09T17:47:15.000Z,DEC,2.000,DEC,2.000,2.000,,,,G1-12-M857PK62B4,12,true,200,1
14330009,a0412814849aff74bc086e65fe1b8ed3ce9abcce-136,vugtis,1,49.800,500,14330009,36b27020a3cc6ae709ecc418f135fe2e9939079b,2021-10-08T17:47:15.000Z,vundo,2,peakmonsters,1,2021-10-09T17:47:15.000Z,DEC,49.800,DEC,49.800,49.800,,,,G4-178-T1HLAX3D4W,178,true,1,4
10779386,6d4b80378a61e9e450da800e6db18f238aa72607-0,splintercards,1,24.000,500,10779386,36b27020a3cc6ae709ecc418f135fe2e9939079b,2021-10-08T17:47:15.000Z,vundo,2,peakmonsters,1,2021-10-09T17:47:15.000Z,DEC,24.000,DEC,24.000,24.000,,,,G3-131-PZIPRW3NE8,131,true,400,3
15442274,8aa4c889006fb67f2929c7892d8d5fc1ee75c45c-2,beescards,1,7.600,500,15442274,36b27020a3cc6ae709ecc418f135fe2e9939079b,2021-10-08T17:47:15.000Z,vundo,2,peakmonsters,1,2021-10-09T17:47:15.000Z,DEC,9.000,DEC,9.000,9.000,,,,G4-169-Q8O2SCZRA8,169,true,1,4