﻿id,sell_trx_id,seller,num_cards,buy_price,fee_percent,market_item_id,rental_tx,rental_date,renter,status,market_account,rental_days,next_rental_payment,payment_currency,payment_amount,escrow_currency,escrow_amount,paid_amount,cancel_tx,cancel_player,cancel_date,card_id,card_detail_id,gold,xp,edition
15986920,e19287044a874c2dcffe6bd8f03f7ba5429391fe-3,avestan,1,23.000,500,15986920,22028755c10e6998132e49a871403b5f107e8ed2,2021-11-02T11:54:33.000Z,banload,1,peakmonsters,1,2021-11-03T11:54:33.000Z,DEC,23.000,DEC,23.000,23.000,,,,G-8JZT9FJ0LS,14,true,250,0
11914778,21521046f7bf3983d7341e88a3f63d7b581b8024-0,reimerlin,1,20.000,500,11914778,71ddf43055376dc8f495fe44d3f818fc20b74970,2021-11-02T11:53:18.000Z,banload,1,peakmonsters,1,2021-11-03T11:53:18.000Z,DEC,20.000,DEC,20.000,20.000,,,,C-O1BYMA0N0G,18,false,300,0
14920110,0c3001c3d8086a5139a86364f98b7287d1b05f42-19,americaman,1,5.639,500,14920110,19f7f57d2e6c500a8d4b423bd65b000199b0de92,2021-11-02T11:51:21.000Z,banload,1,splinterlands,1,2021-11-03T11:51:21.000Z,DEC,5.639,DEC,5.639,5.639,,,,C3-131-3U17Z1U83K,131,false,0,3
14330006,a0412814849aff74bc086e65fe1b8ed3ce9abcce-133,vugtis,1,49.800,500,14330006,d4ba0959d32dcd915a966c098e931f4966d951dc,2021-11-02T11:50:00.000Z,banload,1,splinterlands,1,2021-11-03T11:50:00.000Z,DEC,49.800,DEC,49.800,49.800,,,,G4-178-R8XOIE6FB4,178,true,1,4
14433653,1d626309fb89c3676499030be072a69ed07f2043-0,sacred-agent,1,19.490,500,14433653,03e36a0d8faa68c3bb2e3cba8ebf5a1c678aaa61,2021-11-02T11:49:51.000Z,banload,1,splinterlands,1,2021-11-03T11:49:51.000Z,DEC,19.490,DEC,19.490,19.490,,,,G3-91-HV9JY1IGM8,91,true,200,3
16167808,9e841aa3fed95bc06eeb59a7eac71b21918629ce-8,fighter4-freedom,1,8.000,500,16167808,ba1b3dad58f7de1174ce6578e5e3ca4a44bdafd4,2021-11-02T11:31:18.000Z,banload,1,splinterlands,1,2021-11-03T11:31:18.000Z,DEC,8.000,DEC,8.000,8.000,,,,C4-293-K0UWO2RKWW,293,false,1,4
15885195,400317c647482aab78315c236a8adef112dea6a6-0,codebull,1,11.000,500,15885195,a66ae328316cae2160708d7f1aff2c9e844e2270,2021-11-02T11:28:39.000Z,banload,1,splinterlands,1,2021-11-03T11:28:39.000Z,DEC,11.000,DEC,11.000,11.000,,,,G3-103-23XJHTK3W0,103,true,200,3
18329235,673bcc26a5bd716bc2b660dd8645961f251dcbca-20,godislove777,1,7.800,500,18329235,2d302dd8b7b1a68bab22b404d3fc5c96ee9a6910,2021-11-02T11:28:27.000Z,banload,1,splinterlands,1,2021-11-03T11:28:27.000Z,DEC,7.800,DEC,7.800,7.800,,,,G4-169-0NDMGCFAUO,169,true,1,4
11468216,7daa5e05cce6fd5ae756ae6eca0296534895fcf6-5,monstergames,1,8.166,500,11468216,35f9fae7b4fe3df8d64f222dbceee50a0e8ebf69,2021-11-02T11:27:24.000Z,banload,1,splinterlands,1,2021-11-03T11:27:24.000Z,DEC,8.166,DEC,8.166,8.166,,,,G1-12-UTDO98IJ0G,12,true,200,1
11070517,94feb77f999d6fd0f0bd3765bda905c8ea979fad-68,smalp,1,7.800,500,11070517,0e4df790fbb4648d65a7f5dba6a402ca1b8fb726,2021-10-30T07:42:15.000Z,banload,2,splinterlands,1,2021-10-31T07:42:15.000Z,DEC,7.800,DEC,7.800,7.800,,,,C4-204-VVCXP5V2WW,204,false,1,4
9495003,b17d12793e498c7a29ea97c09c4465c2011ceb54-48,smalp,1,31.341,500,9495003,6effcb1f72ed01f64179bd220b36733b7e6ca531,2021-10-30T07:40:54.000Z,banload,2,splinterlands,1,2021-10-31T07:40:54.000Z,DEC,31.341,DEC,31.341,31.341,,,,G3-131-RDFO6YXD6O,131,true,400,3
15524179,a8caa5c2eb5cd44ad88e00b2750d84b3c35e1f73-50,aatrox,1,44.800,500,15524179,288737291b62b75caa35e9ba94995e3e4b195044,2021-10-30T07:40:09.000Z,banload,2,splinterlands,1,2021-10-31T07:40:09.000Z,DEC,44.800,DEC,44.800,44.800,,,,C3-232-0CEE6B325C,232,false,400,3
17880973,0b045f3651fc11cdb845e9390bddb15ce0948cd4-2,renterlands,1,75.000,500,17880973,7267f48ef9f0c527c0b625eb6418575aec9a8689,2021-10-30T07:37:18.000Z,banload,2,splinterlands,1,2021-10-31T07:37:18.000Z,DEC,75.000,DEC,75.000,75.000,,,,G1-5-F60R27MUCW,5,true,800,1
10975600,878dd73da30a6b709c19f85de2e660347e4b311d-15,fighter4-freedom,1,19.000,500,10975600,95fc9e3f7295e4f2b0405504571b54d503539da1,2021-10-26T12:29:45.000Z,banload,2,peakmonsters,1,2021-10-27T12:29:45.000Z,DEC,19.000,DEC,19.000,19.000,,,,G3-91-WW1S8FOTKG,91,true,200,3
17509233,2bcd8410694ea47026ff66ab9905a8309f474b0c-96,renterlands,1,1.500,500,17509233,ac18f4ef7fc73580650a14d009f0b5e95ad3064d,2021-10-26T12:29:18.000Z,banload,2,peakmonsters,1,2021-10-27T12:29:18.000Z,DEC,1.500,DEC,1.500,1.500,,,,C-HRZN9OO3M8,12,false,60,0
12043534,4c4346fbae4b737c8915bd4c615bf12f6049f0c9-6,nathansenn,1,11.950,500,12043534,0677570ab8ed0c85a6e33a68ba164ceac399178a,2021-10-26T12:28:42.000Z,banload,2,peakmonsters,1,2021-10-27T12:28:42.000Z,DEC,11.950,DEC,11.950,11.950,,,,C0-18-IQS78CEA80,18,false,100,0
17040880,eb20d3bad125fccea5b989e4b5c2bc94f6dc61dd-0,pompe72,1,11.500,500,17040880,d95d090500c062e2d72033767033a4f8498ad0de,2021-10-26T12:28:21.000Z,banload,2,peakmonsters,1,2021-10-27T12:28:21.000Z,DEC,11.500,DEC,11.500,11.500,,,,G3-103-KWMRMCVZHS,103,true,200,3
12136040,8d05e470cb7a0bfbc5a400268b936b5183f14cfa-7,clove71,1,12.900,500,12136040,5842379f9760f53d4b9d40583bace5b0254ff6b6,2021-10-21T09:45:51.000Z,banload,2,peakmonsters,1,2021-10-22T09:45:51.000Z,DEC,12.900,DEC,12.900,12.900,,,,G3-103-9KID2WNBV4,103,true,200,3
15619831,2b2a9dd7806a4b88e4c0ded723bd77b43c25ee92-13,wargames,1,44.900,500,15619831,bfe39229536e90ef960eef01bf94f56f0500bb91,2021-10-21T09:44:33.000Z,banload,2,peakmonsters,1,2021-10-22T09:44:33.000Z,DEC,44.900,DEC,44.900,44.900,,,,G4-178-DHBHPG5BPS,178,true,1,4
10292793,e9f1e64f9ef9223a4dd97a0ec8ef60d2b9ae3afa-4,alexvan,1,9.000,500,10292793,4ccbb082f5f944547ef2226027d5b4778b9e31c7,2021-10-21T09:44:30.000Z,banload,2,peakmonsters,1,2021-10-22T09:44:30.000Z,DEC,9.000,DEC,9.000,9.000,,,,G3-91-M2VEKJ52MO,91,true,200,3
15862284,7a7908f054495bd628fa7afab2fbdb5a25b08388-3,fighter4-freedom,1,18.000,500,15862284,4ccbb082f5f944547ef2226027d5b4778b9e31c7,2021-10-21T09:44:30.000Z,banload,2,peakmonsters,1,2021-10-22T09:44:30.000Z,DEC,18.000,DEC,18.000,18.000,,,,G1-14-PO6WOGGUEO,14,true,200,1
16203009,4d7c0ffd72d15c977b9591f31c70313b15bf96cd-0,khazbot,1,5.000,500,16203009,4ccbb082f5f944547ef2226027d5b4778b9e31c7,2021-10-21T09:44:30.000Z,banload,2,peakmonsters,1,2021-10-22T09:44:30.000Z,DEC,5.000,DEC,5.000,5.000,,,,G4-169-C5WRYK5BY8,169,true,1,4
11771258,7997280bd7b04b46624cd7143b3e2d856672657d-0,myfriend,1,19.750,500,11771258,4ccbb082f5f944547ef2226027d5b4778b9e31c7,2021-10-21T09:44:30.000Z,banload,2,peakmonsters,1,2021-10-22T09:44:30.000Z,DEC,19.750,DEC,19.750,19.750,,,,G1-18-8AACTW5HOW,18,true,400,1
11207657,d4d96809248aef8a5e1f3b2936c24d6677293f4c-23,smalp,1,26.825,500,11207657,c6658e8dbd87ca7ba3035a235e6543a8d873e4fd,2021-10-15T13:09:06.000Z,banload,2,splinterlands,1,2021-10-16T13:09:06.000Z,DEC,26.825,DEC,26.825,26.825,,,,G1-30-H4QKZZYAWW,30,true,400,1
16117407,ebd21e24c874f4a915c3767dbc3185d721e5fb81-41,azircon,1,7.850,500,16117407,8779e21fcc835dc2523088aefb18cf662c2dbb01,2021-10-13T14:03:42.000Z,banload,2,peakmonsters,1,2021-10-14T14:03:42.000Z,DEC,7.850,DEC,7.850,7.850,,,,G4-169-ZXJ68TJJ4G,169,true,1,4
11848104,3cb5e3533f9fd1734923374b0d0384c14d1de280-0,ga-sm,1,14.950,500,11848104,d7b7aac5742ec42e33343fa663b2f6d03abd88a0,2021-10-13T14:03:33.000Z,banload,2,peakmonsters,1,2021-10-14T14:03:33.000Z,DEC,14.950,DEC,14.950,14.950,,,,G3-91-RD81XJEASW,91,true,200,3
10297224,7f0e23a33588e5a10cdc911171474c6d8f89ef2d-0,bang0,1,14.000,500,10297224,fa5b62d43d17fd617378dc41dd5bea7ef6795b0e,2021-10-13T13:59:33.000Z,banload,2,peakmonsters,1,2021-10-14T13:59:33.000Z,DEC,14.000,DEC,14.000,14.000,,,,G3-103-AF07869M3K,103,true,200,3
16117415,ebd21e24c874f4a915c3767dbc3185d721e5fb81-49,azircon,1,49.450,500,16117415,936358a6b425542706578f59920ccf01f2b3d876,2021-10-13T13:57:42.000Z,banload,2,peakmonsters,1,2021-10-14T13:57:42.000Z,DEC,49.450,DEC,49.450,49.450,,,,G4-178-YOJ8BM92Z4,178,true,1,4
15693283,2558d02f4b4b5757d0aaaab7fa9a17806738a3a1-0,blindinglight,1,4.950,500,15693283,936358a6b425542706578f59920ccf01f2b3d876,2021-10-13T13:57:42.000Z,banload,2,peakmonsters,1,2021-10-14T13:57:42.000Z,DEC,6.269,DEC,6.269,6.269,,,,G4-171-D7JZRTI5MO,171,true,1,4
15238863,7412007258c9323893403e2932a22aad44a8dfd0-0,kush-hyg,1,9.500,500,15238863,749b02a6b40c5052e1ac8cc670a710c1b9bc8732,2021-10-08T01:42:00.000Z,banload,2,peakmonsters,1,2021-10-09T01:42:00.000Z,DEC,9.500,DEC,9.500,9.500,,,,C4-293-6O488ZGD74,293,false,1,4
15582857,143e79e2c6f78d2226daf9805aa3347ee0c45b29-3,fighter4-freedom,1,29.000,500,15582857,40378c19b32222221504b0985b3de38c33cce168,2021-10-08T01:41:45.000Z,banload,2,peakmonsters,1,2021-10-09T01:41:45.000Z,DEC,29.000,DEC,29.000,29.000,,,,G3-131-ID1VE1MH6O,131,true,400,3
10496471,6a5513fd748bfd2670a40a7e386213e99c7076bc-8,aatrox,1,4.200,500,10496471,40378c19b32222221504b0985b3de38c33cce168,2021-10-08T01:41:45.000Z,banload,2,peakmonsters,1,2021-10-09T01:41:45.000Z,DEC,4.200,DEC,4.200,4.200,,,,G1-12-G8V3BAQILS,12,true,200,1