﻿id,sell_trx_id,seller,num_cards,buy_price,fee_percent,market_item_id,rental_tx,rental_date,renter,status,market_account,rental_days,next_rental_payment,payment_currency,payment_amount,escrow_currency,escrow_amount,paid_amount,cancel_tx,cancel_player,cancel_date,card_id,card_detail_id,gold,xp,edition
9495001,b17d12793e498c7a29ea97c09c4465c2011ceb54-46,smalp,1,31.341,500,9495001,9477f315e768d226d94c815cd0eea65bb685a7f6,2021-11-02T03:26:48.000Z,kaseya,1,peakmonsters,1,2021-11-03T03:26:48.000Z,DEC,31.341,DEC,31.341,31.341,,,,G3-131-QQ16JN1WXC,131,true,400,3
17078440,82b6f5f3151c4cdf370b7de385e186d78444f3c5-0,jongolson,1,40.000,500,17078440,766902b0accfcd3281a3c6550c9b9b6a7776eee0,2021-11-02T03:26:33.000Z,kaseya,1,peakmonsters,1,2021-11-03T03:26:33.000Z,DEC,40.000,DEC,40.000,40.000,,,,G4-178-7MONGOF33K,178,true,1,4
13029820,de630ab3e14215c233cad48b7003197eeab9667a-0,chinzilla,1,7.504,500,13029820,241bab08713f46ce6b5e81ed7ef6dcbd6a2da0c5,2021-11-02T03:26:09.000Z,kaseya,1,peakmonsters,1,2021-11-03T03:26:09.000Z,DEC,7.504,DEC,7.504,7.504,,,,C4-293-JXIJP4397K,293,false,1,4
11378902,a535609105ea4f0242547d23418423a86d115c52-0,davemccoy,1,23.873,500,11378902,f94dfbc4e6448e3bef4f09515b5f3d899bc14149,2021-11-02T03:25:24.000Z,kaseya,1,peakmonsters,1,2021-11-03T03:25:24.000Z,DEC,23.873,DEC,23.873,23.873,,,,G1-18-7GFHUMI2NK,18,true,400,1
11379317,e9bc96eb98a4c7693f99cb5411c65701150ca688-5,davemccoy,1,12.739,500,11379317,34ba33654f5107d316bf4c876fc37e83f8e5b076,2021-11-02T03:25:09.000Z,kaseya,1,peakmonsters,1,2021-11-03T03:25:09.000Z,DEC,12.739,DEC,12.739,12.739,,,,G3-103-O67E4IONEO,103,true,200,3
15500974,992a6aef5e0054e5fe86baa398f127cd9fa13595-3,lucky-cards,1,14.500,500,15500974,463c32e21563db409afbe29a4b64f0b7cd85f488,2021-11-02T03:19:24.000Z,kaseya,1,peakmonsters,1,2021-11-03T03:19:24.000Z,DEC,14.500,DEC,14.500,14.500,,,,G1-14-7ZPE6XYDIO,14,true,200,1
16203521,884c8001c544bcae75ec4781d0d62014094ad8aa-7,niallon11,1,4.140,500,16203521,f0ada4a3812cf9b6ace60f0dd5ccfcf7edd17f4b,2021-11-02T03:18:51.000Z,kaseya,1,peakmonsters,1,2021-11-03T03:18:51.000Z,DEC,4.140,DEC,4.140,4.140,,,,G1-12-HRUWPEDTZ4,12,true,200,1
11559169,5eaef81aeaf02f4258faad339d74673f86de8480-0,stever82,1,9.000,500,11559169,f0ada4a3812cf9b6ace60f0dd5ccfcf7edd17f4b,2021-11-02T03:18:51.000Z,kaseya,1,peakmonsters,1,2021-11-03T03:18:51.000Z,DEC,9.000,DEC,9.000,9.000,,,,G3-91-C579FCVJNK,91,true,200,3
18307164,49b116d452a1c4ad8ad96ddb3d7c3b2c2770c007-12,themcgwire,1,3.350,500,18307164,f0ada4a3812cf9b6ace60f0dd5ccfcf7edd17f4b,2021-11-02T03:18:51.000Z,kaseya,1,peakmonsters,1,2021-11-03T03:18:51.000Z,DEC,3.350,DEC,3.350,3.350,,,,G4-169-LN3A4AHG74,169,true,1,4
11053975,d9170590bad26ee679ebc09e4f173d7350ea720a-6,lucky-cards,1,25.000,500,11053975,8603d90f43445e0b20540eb6054cb792ee2f5071,2021-10-30T05:45:09.000Z,kaseya,2,splinterlands,1,2021-10-31T05:45:09.000Z,DEC,25.000,DEC,25.000,25.000,,,,G1-18-XJ3ASMNQ0G,18,true,400,1
15014487,cb953b736256e81f6e892e0bb52017ef585ded41-10,earthsplinters,1,34.000,500,15014487,3a812b4d3c223863ac06da393985df7920c20e0c,2021-10-30T05:44:51.000Z,kaseya,2,splinterlands,1,2021-10-31T05:44:51.000Z,DEC,34.000,DEC,34.000,34.000,,,,C5-265-OMLKOO8DOW,265,false,3,5
15865082,480aa950829c51fa0dce8fcae83965eb78785a07-9,fighter4-freedom,1,14.000,500,15865082,401e6f1fc8f63187970952f594e1f5f59c02ca04,2021-10-30T05:42:57.000Z,kaseya,2,splinterlands,1,2021-10-31T05:42:57.000Z,DEC,14.000,DEC,14.000,14.000,,,,G2-128-QNOPSDOCW0,128,true,200,2
15547750,6295cb2550323fe2058a3829d650015f0d7bac9f-10,lucky-cards,1,30.000,500,15547750,4aa2723b4c4e88dcff469a26a9a68b9d661c70a7,2021-10-30T05:39:30.000Z,kaseya,2,splinterlands,1,2021-10-31T05:39:30.000Z,DEC,30.000,DEC,30.000,30.000,,,,C2-129-GRTMAF34OG,129,false,1750,2
16488012,550a7627cb7845cb99c14fd5b371a0a8ebc40f4d-0,netnegocios,1,0.200,500,16488012,b715ae44a39597be6f88ff1c50eb7727235e6be9,2021-10-26T03:05:00.000Z,kaseya,2,peakmonsters,1,2021-10-27T03:05:00.000Z,DEC,0.200,DEC,0.200,0.200,,,,C4-171-7GZPBGXYM8,171,false,1,4
14378533,0eac15e6f14a882996dda593f9a0212e4374f054-1,sacred-agent,1,16.577,500,14378533,de01fe2653cc04a3be79e3cd9222cddb239bb017,2021-10-26T03:04:36.000Z,kaseya,2,peakmonsters,1,2021-10-27T03:04:36.000Z,DEC,16.577,DEC,16.577,16.577,,,,G3-91-29RQC5MJ68,91,true,200,3
12242217,70f5276c3edb25f0fbf0c8ac7ce64db9b5e07aca-4,clove71,1,7.914,500,12242217,6a8255a33d960080602ea78aadda9a1c2639954c,2021-10-26T03:03:48.000Z,kaseya,2,peakmonsters,1,2021-10-27T03:03:48.000Z,DEC,7.914,DEC,7.914,7.914,,,,C4-293-2B5U5BXE5S,293,false,1,4
14902024,aaf2f42bdd91da67cf24ee936c33933cbd01b6b2-0,stever82,1,20.000,500,14902024,d789073986290fb1153525cc14518d1906d9d041,2021-10-26T03:02:48.000Z,kaseya,2,peakmonsters,1,2021-10-27T03:02:48.000Z,DEC,20.000,DEC,20.000,20.000,,,,G3-131-DWA3JPZ7M8,131,true,400,3
16122415,b17cb32bb9dda8bc008a522448b221fa82eee22e-0,killau,1,8.650,500,16122415,d789073986290fb1153525cc14518d1906d9d041,2021-10-26T03:02:48.000Z,kaseya,2,peakmonsters,1,2021-10-27T03:02:48.000Z,DEC,8.650,DEC,8.650,8.650,,,,G4-169-CJPK6D3140,169,true,1,4
17554811,548b7605f9878a1961c17dc408cb985a90c74269-1,olleo,1,11.600,500,17554811,d789073986290fb1153525cc14518d1906d9d041,2021-10-26T03:02:48.000Z,kaseya,2,peakmonsters,1,2021-10-27T03:02:48.000Z,DEC,11.600,DEC,11.600,11.600,,,,G3-103-C70Z4B8UY8,103,true,200,3
16879058,f9dc48895302865d11ea1a726b9517c3df3deefa-5,masterthematrix,1,3.894,500,16879058,bc430d758d1c5d277fc210bca58fd8f097f8770f,2021-10-21T03:26:09.000Z,kaseya,2,peakmonsters,1,2021-10-22T03:26:09.000Z,DEC,3.894,DEC,3.894,3.894,,,,C3-131-JCBC0MYIZK,131,false,0,3
13758997,dbf93a3735f0970c6b28529905aff87647548d25-0,panda4sale85,1,13.000,500,13758997,ef5b92bc27db920962164743ed2e00aa572515e7,2021-10-21T03:20:12.000Z,kaseya,2,peakmonsters,1,2021-10-22T03:20:12.000Z,DEC,13.000,DEC,13.000,13.000,,,,C0-18-EOH4LN5P28,18,false,200,0
16761775,fed6222e4e84b866bec8594a80577d6440ff7501-0,jeremycrow,1,4.750,500,16761775,fcf317969e3fb707760e8d24333b57d5cc796deb,2021-10-21T03:19:36.000Z,kaseya,2,peakmonsters,1,2021-10-22T03:19:36.000Z,DEC,4.750,DEC,4.750,4.750,,,,G4-171-8GIRN8RDDS,171,true,1,4
10409466,67a179aa9632650c8187153853aa4ca276c9363e-56,redparra,1,14.950,500,10409466,fcf317969e3fb707760e8d24333b57d5cc796deb,2021-10-21T03:19:36.000Z,kaseya,2,peakmonsters,1,2021-10-22T03:19:36.000Z,DEC,14.950,DEC,14.950,14.950,,,,G1-14-934N8Z91S0,14,true,200,1
10496918,17300276c49e544fdd620cdc5d2d164ca994eb5a-4,cyguy,1,4.698,500,10496918,fcf317969e3fb707760e8d24333b57d5cc796deb,2021-10-21T03:19:36.000Z,kaseya,2,peakmonsters,1,2021-10-22T03:19:36.000Z,DEC,4.698,DEC,4.698,4.698,,,,G1-12-Y0TS10FZWW,12,true,200,1
10806669,78d3a149b1373559743dba9e76f85d0c5b9ee72d-0,healthdear,1,20.000,500,10806669,fcf317969e3fb707760e8d24333b57d5cc796deb,2021-10-21T03:19:36.000Z,kaseya,2,peakmonsters,1,2021-10-22T03:19:36.000Z,DEC,20.000,DEC,20.000,20.000,,,,G3-103-S5MHA84NA8,103,true,200,3
15801446,37564e095036a28ffb78be2e4a2cd1c34950c29f-0,moon32walker,1,37.000,500,15801446,fcf317969e3fb707760e8d24333b57d5cc796deb,2021-10-21T03:19:36.000Z,kaseya,2,peakmonsters,1,2021-10-22T03:19:36.000Z,DEC,37.000,DEC,37.000,37.000,,,,G4-178-IMNKPYG3PS,178,true,1,4
12122525,e023bada20bd1a333dcb8988bb3663362db7fd4e-0,craigt,1,19.900,500,12122525,fcf317969e3fb707760e8d24333b57d5cc796deb,2021-10-21T03:19:36.000Z,kaseya,2,peakmonsters,1,2021-10-22T03:19:36.000Z,DEC,19.900,DEC,19.900,19.900,,,,G3-91-X7WR8GWSE8,91,true,200,3
15866382,bc27b41d4b7447b84bfb3ded75330d2dfbde5fa2-4,fighter4-freedom,1,14.000,500,15866382,4542cc1b06fcaa0df9301cdf31fab07e39be7ac4,2021-10-15T11:03:12.000Z,kaseya,2,splinterlands,1,2021-10-16T11:03:12.000Z,DEC,14.000,DEC,14.000,14.000,,,,G4-189-LI2Y3ZEEUO,189,true,1,4
9494998,b17d12793e498c7a29ea97c09c4465c2011ceb54-43,smalp,1,33.124,500,9494998,53810153a3b35547ccedec87ad126bbe44baec83,2021-10-12T06:12:21.000Z,kaseya,2,peakmonsters,1,2021-10-13T06:12:21.000Z,DEC,33.124,DEC,33.124,33.124,,,,G3-131-OEDRSEWC7K,131,true,400,3
14432646,bce499ea43f3d844bffb5fe6660bdea631e75329-0,happyme,1,19.500,500,14432646,ff071265d2524e4f9224e7496e3118858e9adaa3,2021-10-12T06:11:39.000Z,kaseya,2,peakmonsters,1,2021-10-13T06:11:39.000Z,DEC,19.500,DEC,19.500,19.500,,,,G3-91-UQZ4EOVSOG,91,true,200,3
11342432,acfa26d60a3345e59a0035106f246f4f7a47d5a7-12,fighter4-freedom,1,15.000,500,11342432,ff071265d2524e4f9224e7496e3118858e9adaa3,2021-10-12T06:11:39.000Z,kaseya,2,peakmonsters,1,2021-10-13T06:11:39.000Z,DEC,15.000,DEC,15.000,15.000,,,,G-5WH6FG7PGG,12,true,250,0
12531959,a13a78d275eb50906272b8f94dbd8f0921c0deab-0,bitcoinportugal,1,11.800,500,12531959,ff071265d2524e4f9224e7496e3118858e9adaa3,2021-10-12T06:11:39.000Z,kaseya,2,peakmonsters,1,2021-10-13T06:11:39.000Z,DEC,11.800,DEC,11.800,11.800,,,,G3-103-CAWZ7QDKTS,103,true,200,3
10582825,484f984d56564a97d776a2820d30e26f69c7c241-1,jlordc,1,3.950,500,10582825,ff071265d2524e4f9224e7496e3118858e9adaa3,2021-10-12T06:11:39.000Z,kaseya,2,peakmonsters,1,2021-10-13T06:11:39.000Z,DEC,3.950,DEC,3.950,3.950,,,,G4-169-7F4NUAFROW,169,true,1,4
14330002,a0412814849aff74bc086e65fe1b8ed3ce9abcce-129,vugtis,1,49.800,500,14330002,ff071265d2524e4f9224e7496e3118858e9adaa3,2021-10-12T06:11:39.000Z,kaseya,2,peakmonsters,1,2021-10-13T06:11:39.000Z,DEC,49.800,DEC,49.800,49.800,,,,G4-178-EJ5W5UQGWW,178,true,1,4
12013081,7d44ee418e837c6a27ec7ada1207390f9f896642-0,calvinle,1,21.000,500,12013081,ff071265d2524e4f9224e7496e3118858e9adaa3,2021-10-12T06:11:39.000Z,kaseya,2,peakmonsters,1,2021-10-13T06:11:39.000Z,DEC,21.000,DEC,21.000,21.000,,,,G1-14-P5MUMUEXJ4,14,true,200,1
15207226,e2da67dd51247b09549a857b7c13e9fdaf6f877f-0,coolbowser,1,60.000,500,15207226,b07f62c0b82a86be0e42bfdac8b1b6fb5a8ccb35,2021-10-09T01:57:36.000Z,kaseya,2,peakmonsters,1,2021-10-10T01:57:36.000Z,DEC,60.000,DEC,60.000,60.000,,,,C3-82-M1JWNV714W,82,false,7500,3
15059831,369a94104357cb8781b3cc21a9687d8e04a4115a-0,rege1,1,25.000,500,15059831,67289ae41da5872bd5ce099102c9407e5c8a7c9b,2021-10-06T11:07:33.000Z,kaseya,2,peakmonsters,1,2021-10-07T11:07:33.000Z,DEC,25.000,DEC,25.000,25.000,,,,C1-6-N3GEYM6JK0,6,false,8550,1
14829999,956576fb1dabaca98b2d4c17cc477fa8e520ef9e-0,rekodesign,1,100.000,500,14829999,a4a12a2e24faa888a4e0f2e2fb31ba2d06e4896d,2021-10-06T01:28:45.000Z,kaseya,2,peakmonsters,1,2021-10-07T01:28:45.000Z,DEC,100.000,DEC,100.000,100.000,,,,C4-166-AQ4GK51334,166,false,11,4
15349958,4d1e61a0733a13a37884b8b6ec1450c612f9d80c-85,dec-bazaar,1,14.505,500,15349958,60805ea2f6a916288e48b343b3bc378103c1c499,2021-10-06T01:12:57.000Z,kaseya,2,peakmonsters,1,2021-10-07T01:12:57.000Z,DEC,14.505,DEC,14.505,14.505,,,,C4-161-6I64H8PMXS,161,false,115,4
14390769,82687aec43e1d99f83c959e3a7b96d3ae8c8551a-0,holbein81,1,45.000,500,14390769,60805ea2f6a916288e48b343b3bc378103c1c499,2021-10-06T01:12:57.000Z,kaseya,2,peakmonsters,1,2021-10-07T01:12:57.000Z,DEC,45.000,DEC,45.000,45.000,,,,C-IC00YIXIM8,43,false,7750,0
11088539,16262b9c06dbb88cc5bf9a65c33c66cfbe752dc4-0,giker,1,36.750,500,11088539,31fb4a0eabe5b3fb2aace6e2ffea744517c5ac93,2021-10-06T00:34:18.000Z,kaseya,2,peakmonsters,1,2021-10-07T00:34:18.000Z,DEC,36.750,DEC,36.750,36.750,,,,C4-201-BK61Y25RK0,201,false,11,4
15159326,769f00d5c3f8ac2f2dcef5e97987dbcb67dbeb51-30,americaman,1,44.950,500,15159326,71eff26e885cf8224796f1dd0d4232ed9ec98942,2021-10-06T00:33:36.000Z,kaseya,2,peakmonsters,1,2021-10-07T00:33:36.000Z,DEC,54.750,DEC,54.750,54.750,,,,C3-131-F0KOPNMF9S,131,false,8550,3
9308551,793fa1650ee0ef24357d9e9c89fbc62d2f8f91b0-26,smalp,1,31.971,500,9308551,7b691196ac0c043ddacec9765031b1adcdc560a3,2021-10-06T00:33:18.000Z,kaseya,2,peakmonsters,1,2021-10-07T00:33:18.000Z,DEC,31.971,DEC,31.971,31.971,,,,C4-202-380Z3VEK34,202,false,11,4
9596222,5756c88a3b5a969b7bdb3f2094ef047e74388606-52,aatrox,1,49.800,500,9596222,67305c58f71fa12bd6b4f70e4f3e86a6625da2e5,2021-10-06T00:32:57.000Z,kaseya,2,peakmonsters,1,2021-10-07T00:32:57.000Z,DEC,49.800,DEC,49.800,49.800,,,,C-HW9NCXK7E8,57,false,7000,0
11451061,7d11deaa74fe5f6a632414a45b1b6ad07aea384c-0,splintercards,1,20.000,500,11451061,ea454a1dcb4eb9bdca301a49175eb9909e53b556,2021-10-06T00:31:27.000Z,kaseya,2,peakmonsters,1,2021-10-07T00:31:27.000Z,DEC,20.000,DEC,20.000,20.000,,,,C3-214-VT07M1YZUO,214,false,7560,3
12228003,9959f37dbaf95ef75d2bde110dde4ef076ccc99c-2,teammonsters,1,19.900,500,12228003,ea454a1dcb4eb9bdca301a49175eb9909e53b556,2021-10-06T00:31:27.000Z,kaseya,2,peakmonsters,1,2021-10-07T00:31:27.000Z,DEC,19.900,DEC,19.900,19.900,,,,C3-94-PVT7ORPY9C,94,false,8550,3
9308374,7377e48b6eff866ad3d29bce3974ab277bf9d445-23,smalp,1,17.998,500,9308374,ea454a1dcb4eb9bdca301a49175eb9909e53b556,2021-10-06T00:31:27.000Z,kaseya,2,peakmonsters,1,2021-10-07T00:31:27.000Z,DEC,17.998,DEC,17.998,17.998,,,,C4-160-GSQL681OV4,160,false,400,4
15337149,b41ec5d3765e95cbb33e1c10dc66ee4e800aa9aa-58,renterlands,1,39.800,500,15337149,a30d2de1e601324a5798f1531f38f772cb81b0e4,2021-10-06T00:30:54.000Z,kaseya,2,peakmonsters,1,2021-10-07T00:30:54.000Z,DEC,39.800,DEC,39.800,39.800,,,,C5-277-9F8JLLS1RK,277,false,11,5
15195917,dec46742703bfd8aa11e44078ffa4a1b728f7e34-12,world4play2earn,1,33.950,500,15195917,a30d2de1e601324a5798f1531f38f772cb81b0e4,2021-10-06T00:30:54.000Z,kaseya,2,peakmonsters,1,2021-10-07T00:30:54.000Z,DEC,33.950,DEC,33.950,33.950,,,,C4-155-3BEHRYGARK,155,false,11,4
9462312,69d68e43a89cccd4c7fe30bf1f0903fe91c4b7dc-50,smalp,1,24.447,500,9462312,6aadbc9d9027b4860f9aa03b56927a51bf9fa1ae,2021-10-06T00:30:00.000Z,kaseya,2,peakmonsters,1,2021-10-07T00:30:00.000Z,DEC,24.447,DEC,24.447,24.447,,,,C4-154-9B3DUCOVUO,154,false,46,4