﻿id,sell_trx_id,seller,num_cards,buy_price,fee_percent,market_item_id,rental_tx,rental_date,renter,status,market_account,rental_days,next_rental_payment,payment_currency,payment_amount,escrow_currency,escrow_amount,paid_amount,cancel_tx,cancel_player,cancel_date,card_id,card_detail_id,gold,xp,edition
15573445,94c4f1b9e7db6ed76b4814108c84d55bcc7e61b1-2,lucky-cards,1,12.600,500,15573445,5121c1187fa87ae35aaa7e01de366310c66158e7,2021-10-27T00:50:33.000Z,neurevt,2,peakmonsters,1,2021-10-28T00:50:33.000Z,DEC,12.600,DEC,12.600,12.600,,,,G3-91-2CTGYEMCE8,91,true,200,3
17723555,08616c6a98c38312f8e1bfdc6246822e0d902295-20,modrid,1,0.180,500,17723555,bd95ebecf9cf184395d9f05b9d7f2690c831bc29,2021-10-27T00:50:24.000Z,neurevt,2,peakmonsters,1,2021-10-28T00:50:24.000Z,DEC,0.180,DEC,0.180,0.180,,,,C4-171-Z9MMR902Z4,171,false,1,4
11914778,21521046f7bf3983d7341e88a3f63d7b581b8024-0,reimerlin,1,20.000,500,11914778,1ff3e6b486c843667a2fb8531d158ba9ee5f126d,2021-10-27T00:50:03.000Z,neurevt,2,peakmonsters,1,2021-10-28T00:50:03.000Z,DEC,20.000,DEC,20.000,20.000,,,,C-O1BYMA0N0G,18,false,300,0
14329995,a0412814849aff74bc086e65fe1b8ed3ce9abcce-122,vugtis,1,49.800,500,14329995,6b7366e7cb20592bec4a6742799817d0d44025b3,2021-10-27T00:49:42.000Z,neurevt,2,peakmonsters,1,2021-10-28T00:49:42.000Z,DEC,49.800,DEC,49.800,49.800,,,,G4-178-4FOLGEBGXS,178,true,1,4
10652563,3e12ca52679032371f71871d5938f8e763bdce19-3,teammonsters,1,30.000,500,10652563,0ca21342fbdcbe6349973eef31b8ef4abbfaf5e5,2021-10-27T00:49:36.000Z,neurevt,2,peakmonsters,1,2021-10-28T00:49:36.000Z,DEC,30.000,DEC,30.000,30.000,,,,G3-131-UFS1J1ANJ4,131,true,400,3
12041987,c05138bdb1a62005eff937db9cb77d23ff6e0857-35,ayogom,1,14.550,500,12041987,2a1d2a4432974cc1f6a98a0b917c4448fb064c71,2021-10-27T00:49:30.000Z,neurevt,2,peakmonsters,1,2021-10-28T00:49:30.000Z,DEC,14.550,DEC,14.550,14.550,,,,G3-103-QBHDXTJAPS,103,true,200,3
15802332,d2284e5811c7cc467d601e2c4b8518263cf478f6-0,moon32walker,1,8.200,500,15802332,2a1d2a4432974cc1f6a98a0b917c4448fb064c71,2021-10-27T00:49:30.000Z,neurevt,2,peakmonsters,1,2021-10-28T00:49:30.000Z,DEC,8.200,DEC,8.200,8.200,,,,G4-169-0UEOXR7CE8,169,true,1,4
11531921,13eb125e1c73f926313c17cb83b800304b144ea5-2,monstergames,1,8.661,500,11531921,2a1d2a4432974cc1f6a98a0b917c4448fb064c71,2021-10-27T00:49:30.000Z,neurevt,2,peakmonsters,1,2021-10-28T00:49:30.000Z,DEC,8.661,DEC,8.661,8.661,,,,G1-12-JLX389LGBK,12,true,200,1
10596123,9e492bc5ece9e2e5be9fe3d12e44426eb5b05b00-24,genketsu,1,14.950,500,10596123,5ecd956a96fa2302d8b51df19d4c4b101495dc89,2021-10-22T10:03:51.000Z,neurevt,2,peakmonsters,1,2021-10-23T10:03:51.000Z,DEC,14.950,DEC,14.950,14.950,,,,G3-91-544Y2B8UY8,91,true,200,3
15979946,6d9f2cf40514627db63a4c9c0caa6808789cf71c-135,untamedpotential,1,8.336,500,15979946,5ecd956a96fa2302d8b51df19d4c4b101495dc89,2021-10-22T10:03:51.000Z,neurevt,2,peakmonsters,1,2021-10-23T10:03:51.000Z,DEC,8.336,DEC,8.336,8.336,,,,G4-169-U82KL6NNDC,169,true,1,4
15501058,ea31f633b41b33a511fc810ded97c3c183b1df1c-1,lucky-cards,1,13.900,500,15501058,5ecd956a96fa2302d8b51df19d4c4b101495dc89,2021-10-22T10:03:51.000Z,neurevt,2,peakmonsters,1,2021-10-23T10:03:51.000Z,DEC,13.900,DEC,13.900,13.900,,,,G1-14-II2GN8TJWG,14,true,200,1
12136046,8d05e470cb7a0bfbc5a400268b936b5183f14cfa-13,clove71,1,12.900,500,12136046,5ecd956a96fa2302d8b51df19d4c4b101495dc89,2021-10-22T10:03:51.000Z,neurevt,2,peakmonsters,1,2021-10-23T10:03:51.000Z,DEC,12.900,DEC,12.900,12.900,,,,G3-103-LDO6V4DLXC,103,true,200,3
17106364,d8b8fafae54218b9308ee6b601a2460fb36fc555-37,ryan600,1,14.850,500,17106364,5ecd956a96fa2302d8b51df19d4c4b101495dc89,2021-10-22T10:03:51.000Z,neurevt,2,peakmonsters,1,2021-10-23T10:03:51.000Z,DEC,14.850,DEC,14.850,14.850,,,,G1-12-3TMBDKOI40,12,true,200,1
11801639,c409dca5bce84ced47840fb33ca06363009a1461-131,pugnacious,1,23.450,500,11801639,1e6ed70f94e69ef6dc7ea75d79d5fa9a53b66473,2021-10-16T17:20:12.000Z,neurevt,2,peakmonsters,1,2021-10-17T17:20:12.000Z,DEC,23.450,DEC,23.450,23.450,,,,G3-131-GFZOXT0G5S,131,true,400,3
12935850,a8ca5f48786e226cbdd36375d0355147f8645c78-7,davemccoy,1,4.190,500,12935850,8e34638f52be0c589678fc0b98b92512043e36c4,2021-10-16T17:19:09.000Z,neurevt,2,peakmonsters,1,2021-10-17T17:19:09.000Z,DEC,4.190,DEC,4.190,4.190,,,,G1-12-YZLXPX1JK0,12,true,200,1
10052491,136f6928f5f912018de8b9fb092f905bdb50c0a4-0,criticalthinkin,1,35.000,500,10052491,8e34638f52be0c589678fc0b98b92512043e36c4,2021-10-16T17:19:09.000Z,neurevt,2,peakmonsters,1,2021-10-17T17:19:09.000Z,DEC,35.000,DEC,35.000,35.000,,,,G1-18-LF0NF93DDC,18,true,800,1
9475110,ecd9bbb38ceb857eeed3b4a669c99c5785199001-102,smalp,1,5.371,500,9475110,8e34638f52be0c589678fc0b98b92512043e36c4,2021-10-16T17:19:09.000Z,neurevt,2,peakmonsters,1,2021-10-17T17:19:09.000Z,DEC,5.371,DEC,5.371,5.371,,,,G3-91-JAPPU6B7Y8,91,true,800,3
9307586,f4c5df9224e3bcc4de1a097fd81c478bca8d33d8-25,smalp,1,56.291,500,9307586,d7c32c6d2e245205c47a1dfd7e8cbafdcc66aeeb,2021-10-15T16:44:03.000Z,neurevt,2,splinterlands,1,2021-10-16T16:44:03.000Z,DEC,56.291,DEC,56.291,56.291,,,,C1-55-N4MZ2N66XC,55,false,1500,1
10479395,3346ed23d4b294d884263145df6ca68eafdb9bbb-11,cyguy,1,0.100,500,10479395,e4c5b6d988eaecbb35690e29f423ba311698fca6,2021-10-15T07:23:45.000Z,neurevt,2,splinterlands,1,2021-10-16T07:23:45.000Z,DEC,0.100,DEC,0.100,0.100,,,,C3-251-G0ENAHVV74,251,false,1,3
10713267,2b8533c6664b132f9143b13c6e65cbf097c4acd5-64,cyguy,1,0.175,500,10713267,9509ce555df79be850afa7d0dfa90844428e5cd3,2021-10-15T07:23:27.000Z,neurevt,2,splinterlands,1,2021-10-16T07:23:27.000Z,DEC,0.175,DEC,0.175,0.175,,,,C1-66-ODSS6DHJR4,66,false,0,1
11336260,293023e8d247fee76cbf6257ed0dc7ce45159d67-27,cyguy,1,0.100,500,11336260,06fb9e3743302e4415bd9157f7e045ea96a15fe5,2021-10-15T07:16:12.000Z,neurevt,2,splinterlands,1,2021-10-16T07:16:12.000Z,DEC,0.100,DEC,0.100,0.100,,,,C2-126-GHBI78YQ5S,126,false,0,2
13697284,111392169c6f68f3c95e6bde22035ad76e62470f-45,monster.candy,1,0.100,500,13697284,3ca3c088fd05cd5f977bfba083b101a525a0417f,2021-10-15T07:03:48.000Z,neurevt,2,splinterlands,1,2021-10-16T07:03:48.000Z,DEC,0.100,DEC,0.100,0.100,,,,C-4O67V4LTHS,47,false,0,0
11527161,1f6fe248ae280d9d265674f52556038404011012-105,forealife,1,3.550,500,11527161,91d7236575bf2aa0082cc2bd0bf9117b98ec4cf0,2021-10-11T13:27:18.000Z,neurevt,2,peakmonsters,1,2021-10-12T13:27:18.000Z,DEC,3.550,DEC,3.550,3.550,,,,G4-171-CO83AKASO0,171,true,1,4
15069119,0e73becc941608d9f7f3d8b4466a2df7f313a7fd-0,calvinishobbes,1,6.000,500,15069119,afb26ab935f9b2d1f96b8d7608bee8cbe6bf96cd,2021-10-11T13:26:03.000Z,neurevt,2,peakmonsters,1,2021-10-12T13:26:03.000Z,DEC,6.000,DEC,6.000,6.000,,,,G4-169-MCG44VBRV4,169,true,1,4
14294624,ea8ce5a04202c8f532ac32e03881cf0563364e56-7,eush,1,13.770,500,14294624,afb26ab935f9b2d1f96b8d7608bee8cbe6bf96cd,2021-10-11T13:26:03.000Z,neurevt,2,peakmonsters,1,2021-10-12T13:26:03.000Z,DEC,13.770,DEC,13.770,13.770,,,,G1-14-Z8S2DIEN6O,14,true,200,1
9477527,2509d5fbafed8c7ec635e439727a779616299bea-4,smalp,1,18.069,500,9477527,afb26ab935f9b2d1f96b8d7608bee8cbe6bf96cd,2021-10-11T13:26:03.000Z,neurevt,2,peakmonsters,1,2021-10-12T13:26:03.000Z,DEC,18.069,DEC,18.069,18.069,,,,G1-12-QLD5U30NZK,12,true,800,1
11255816,7b17fe764a77f8ec4133bbef7fc12077732b5794-0,foggybottom,1,16.628,500,11255816,9db676d4225d5a04bf070a5990ca3fc118fbecaf,2021-10-05T01:00:51.000Z,neurevt,2,peakmonsters,1,2021-10-06T01:00:51.000Z,DEC,16.628,DEC,16.628,16.628,,,,G3-91-O0K54DEDA8,91,true,200,3
15016945,12ddb96062f72a650c515f5a1769ee60b53c15ea-0,mulletwang,1,19.000,500,15016945,7e339da5e517d291c8ba92bcd5cd633866f1e1bd,2021-10-05T01:00:21.000Z,neurevt,2,peakmonsters,1,2021-10-06T01:00:21.000Z,DEC,19.000,DEC,19.000,19.000,,,,G-EA1AYJFYI8,14,true,250,0
10164226,baa2a435d673bf25f2f69bb40ea62cc188b14a90-0,pardinus,1,7.900,500,10164226,7e339da5e517d291c8ba92bcd5cd633866f1e1bd,2021-10-05T01:00:21.000Z,neurevt,2,peakmonsters,1,2021-10-06T01:00:21.000Z,DEC,7.900,DEC,7.900,7.900,,,,G3-103-Z0QWV4H91C,103,true,200,3
14330005,a0412814849aff74bc086e65fe1b8ed3ce9abcce-132,vugtis,1,49.800,500,14330005,7e339da5e517d291c8ba92bcd5cd633866f1e1bd,2021-10-05T01:00:21.000Z,neurevt,2,peakmonsters,1,2021-10-06T01:00:21.000Z,DEC,49.800,DEC,49.800,49.800,,,,G4-178-PYZJG7MRJ4,178,true,1,4
12049255,d6f5d70328781535557b48968b95bf0bc5fa73a3-66,thebluewin,1,4.350,500,12049255,7e339da5e517d291c8ba92bcd5cd633866f1e1bd,2021-10-05T01:00:21.000Z,neurevt,2,peakmonsters,1,2021-10-06T01:00:21.000Z,DEC,4.350,DEC,4.350,4.350,,,,G1-12-MT4N0HBRAO,12,true,200,1
11065669,5c27dbdb8cd5c890b896f7aa4c1a3c2ec7aba8e3-4,lucky-cards,1,29.000,500,11065669,7e339da5e517d291c8ba92bcd5cd633866f1e1bd,2021-10-05T01:00:21.000Z,neurevt,2,peakmonsters,1,2021-10-06T01:00:21.000Z,DEC,29.000,DEC,29.000,29.000,,,,G1-18-NVVCGGXPI8,18,true,400,1