﻿id,sell_trx_id,seller,num_cards,buy_price,fee_percent,market_item_id,rental_tx,rental_date,renter,status,market_account,rental_days,next_rental_payment,payment_currency,payment_amount,escrow_currency,escrow_amount,paid_amount,cancel_tx,cancel_player,cancel_date,card_id,card_detail_id,gold,xp,edition
16167772,3c86a274695bd77ffef4c8e832a218f20c76d00c-8,fighter4-freedom,1,10.000,500,16167772,9fff336fbfbf3552bd075c150747ac57d2d97218,2021-10-31T09:45:18.000Z,brynne,2,peakmonsters,1,2021-11-01T09:45:18.000Z,DEC,10.000,DEC,10.000,10.000,,,,C4-293-47O0I7BKIO,293,false,1,4
9494982,b17d12793e498c7a29ea97c09c4465c2011ceb54-27,smalp,1,33.124,500,9494982,c3a41d1d3cc4c0d867a52cbda0af009741d18850,2021-10-31T09:44:36.000Z,brynne,2,peakmonsters,1,2021-11-01T09:44:36.000Z,DEC,33.124,DEC,33.124,33.124,,,,G3-131-BSD6HPXIPC,131,true,400,3
10896472,b596057d8a81571ffcb80a62c4f42147dec972a2-1,cryptofrancois,1,13.450,500,10896472,c3a41d1d3cc4c0d867a52cbda0af009741d18850,2021-10-31T09:44:36.000Z,brynne,2,peakmonsters,1,2021-11-01T09:44:36.000Z,DEC,13.450,DEC,13.450,13.450,,,,G3-103-U4LR7R23YO,103,true,200,3
16939679,0e9a86d8b5719eddcf424eae86ae6aef48109a8f-62,grosh,1,49.600,500,16939679,b8f7bb3b4791ac70c77644fcb80b02475c5b9566,2021-10-31T09:43:09.000Z,brynne,2,peakmonsters,1,2021-11-01T09:43:09.000Z,DEC,49.600,DEC,49.600,49.600,,,,G4-178-L6XZ0R5DI8,178,true,1,4
10367148,bb8d03edbad4f17cef9ff4443d3312585e96eb1f-0,aatrox,1,29.014,500,10367148,b8f7bb3b4791ac70c77644fcb80b02475c5b9566,2021-10-31T09:43:09.000Z,brynne,2,peakmonsters,1,2021-11-01T09:43:09.000Z,DEC,29.014,DEC,29.014,29.014,,,,G-F4LF4QN9J4,18,true,500,0
17472600,08198bc126fd624bdb861731476721e7875bddc7-19,dorabot,1,5.950,500,17472600,b8f7bb3b4791ac70c77644fcb80b02475c5b9566,2021-10-31T09:43:09.000Z,brynne,2,peakmonsters,1,2021-11-01T09:43:09.000Z,DEC,5.950,DEC,5.950,5.950,,,,G4-169-MYOZ4UY4NK,169,true,1,4
18348540,c167cfe651862d4d73df31e6fd11343cecb97b79-2,slobberchops,1,14.950,500,18348540,b8f7bb3b4791ac70c77644fcb80b02475c5b9566,2021-10-31T09:43:09.000Z,brynne,2,peakmonsters,1,2021-11-01T09:43:09.000Z,DEC,14.950,DEC,14.950,14.950,,,,G1-14-NHEHY7E9FK,14,true,200,1
12330429,2d7646fb4a203f55f3a62706a032f7ebf88a0792-0,davemccoy,1,4.200,500,12330429,b8f7bb3b4791ac70c77644fcb80b02475c5b9566,2021-10-31T09:43:09.000Z,brynne,2,peakmonsters,1,2021-11-01T09:43:09.000Z,DEC,4.200,DEC,4.200,4.200,,,,G1-12-SVSD8KI6DC,12,true,200,1
17321701,a9dbf0e902da46a627cd904932091e8db890b57f-12,didyourmom,1,3.499,500,17321701,b8f7bb3b4791ac70c77644fcb80b02475c5b9566,2021-10-31T09:43:09.000Z,brynne,2,peakmonsters,1,2021-11-01T09:43:09.000Z,DEC,3.499,DEC,3.499,3.499,,,,G4-171-T5NYBP3O00,171,true,1,4
10975598,878dd73da30a6b709c19f85de2e660347e4b311d-13,fighter4-freedom,1,19.000,500,10975598,b8f7bb3b4791ac70c77644fcb80b02475c5b9566,2021-10-31T09:43:09.000Z,brynne,2,peakmonsters,1,2021-11-01T09:43:09.000Z,DEC,19.000,DEC,19.000,19.000,,,,G3-91-VARKS11XUO,91,true,200,3
10989582,3fb55c6910e11ae2ba1f79571314fafd21d43e0d-0,deezrentals,1,7.400,500,10989582,615b01eb672fa8fe64a20c059b0509b0ad7783fd,2021-10-27T06:27:33.000Z,brynne,2,peakmonsters,1,2021-10-28T06:27:33.000Z,DEC,9.798,DEC,9.798,9.798,,,,C4-293-0KV70CANMO,293,false,1,4
15776916,3d8313f21ed09cfa77dae8ffb7e7a5d60f035932-0,dymaster,1,48.880,500,15776916,ed94f683ca8f5f89bb2a9487e9b5cdb76612307d,2021-10-27T06:27:15.000Z,brynne,2,peakmonsters,1,2021-10-28T06:27:15.000Z,DEC,48.880,DEC,48.880,48.880,,,,G1-18-JJCW31IHZK,18,true,400,1
13836633,e810d95f9d50c93381221253188f9e96e652a189-0,axu.jscar,1,8.000,500,13836633,ed94f683ca8f5f89bb2a9487e9b5cdb76612307d,2021-10-27T06:27:15.000Z,brynne,2,peakmonsters,1,2021-10-28T06:27:15.000Z,DEC,8.000,DEC,8.000,8.000,,,,G3-103-BAYEP73D40,103,true,200,3
17439115,d804d483bb69cc81950ecd865561e79b841beacc-1,olleo,1,14.850,500,17439115,f87f870bce97151024c8375f6b34f6a6b4fb6080,2021-10-27T06:26:03.000Z,brynne,2,peakmonsters,1,2021-10-28T06:26:03.000Z,DEC,14.850,DEC,14.850,14.850,,,,G1-14-V2IYS6YV9S,14,true,200,1
16643370,45bb121b1b8771a691a2ed9323f9909fe2a5cb6c-16,matt-dub,1,3.700,500,16643370,367e065837c245df5b9ca23df41bbe541211efc1,2021-10-27T06:25:36.000Z,brynne,2,peakmonsters,1,2021-10-28T06:25:36.000Z,DEC,8.900,DEC,8.900,8.900,,,,G4-169-KZI3HBRENK,169,true,1,4
16296994,5593416daba76410070df2b59d81868ed634fff2-0,marselmar,1,40.000,500,16296994,367e065837c245df5b9ca23df41bbe541211efc1,2021-10-27T06:25:36.000Z,brynne,2,peakmonsters,1,2021-10-28T06:25:36.000Z,DEC,40.000,DEC,40.000,40.000,,,,G4-178-AA2TQTBQ28,178,true,1,4
10779371,ac961a66bfc50671f286c8cf7a1e58a76ddf386a-0,splintercards,1,27.000,500,10779371,367e065837c245df5b9ca23df41bbe541211efc1,2021-10-27T06:25:36.000Z,brynne,2,peakmonsters,1,2021-10-28T06:25:36.000Z,DEC,27.000,DEC,27.000,27.000,,,,G3-131-YJLV39C4GG,131,true,400,3
15823630,da4153d0a1ad649ef9643ab84810017f99f5854f-44,minorprophet,1,5.900,500,15823630,f0e46d50fe48362bd860c42afc92467c96f240c5,2021-10-21T12:29:39.000Z,brynne,2,peakmonsters,1,2021-10-22T12:29:39.000Z,DEC,5.900,DEC,5.900,5.900,,,,G4-171-7LH7NVIDKG,171,true,1,4
15909971,71e63f5151ec917998112d139967de08280bac54-67,moriarty95,1,49.700,500,15909971,1c0a01790cda2c4d082cc06deb40d5b90715c125,2021-10-21T12:28:15.000Z,brynne,2,peakmonsters,1,2021-10-22T12:28:15.000Z,DEC,49.700,DEC,49.700,49.700,,,,G4-178-E3XHWNACVK,178,true,1,4
14437811,233752e14f47e265d8e7ee413ee17f79c9c3f8d5-60,deezrentals,1,8.950,500,14437811,426d0e0081620d0310fcb6c280e52934961ebf7b,2021-10-21T12:26:54.000Z,brynne,2,peakmonsters,1,2021-10-22T12:26:54.000Z,DEC,8.950,DEC,8.950,8.950,,,,G4-169-LSG2DYLOLS,169,true,1,4
14937653,bf40f6244670ecd794845df8a157503c376fa12f-26,birillitudine,1,5.950,500,14937653,fc281843b2005b6a373760702138f45bb5053be0,2021-10-17T00:31:12.000Z,brynne,2,peakmonsters,1,2021-10-18T00:31:12.000Z,DEC,10.950,DEC,10.950,10.950,,,,C4-293-WGZDQP5OSW,293,false,1,4
11379313,e9bc96eb98a4c7693f99cb5411c65701150ca688-1,davemccoy,1,12.739,500,11379313,017169219dcca7be5e9ab702010cc3d91a9573f1,2021-10-17T00:30:15.000Z,brynne,2,peakmonsters,1,2021-10-18T00:30:15.000Z,DEC,12.739,DEC,12.739,12.739,,,,G3-103-HT2TMGOGC0,103,true,200,3
13964088,8f74b6ee3cb432b15d5de61b9af8bcb0e409253b-33,jarvie,1,24.900,500,13964088,0b5bf5b7d5d5d7e2026fcce10b3d26e2fb3a80b6,2021-10-17T00:29:39.000Z,brynne,2,peakmonsters,1,2021-10-18T00:29:39.000Z,DEC,24.900,DEC,24.900,24.900,,,,G3-131-A18FV5B0BK,131,true,400,3
11378902,a535609105ea4f0242547d23418423a86d115c52-0,davemccoy,1,23.873,500,11378902,0b5bf5b7d5d5d7e2026fcce10b3d26e2fb3a80b6,2021-10-17T00:29:39.000Z,brynne,2,peakmonsters,1,2021-10-18T00:29:39.000Z,DEC,23.873,DEC,23.873,23.873,,,,G1-18-7GFHUMI2NK,18,true,400,1
14330009,a0412814849aff74bc086e65fe1b8ed3ce9abcce-136,vugtis,1,49.800,500,14330009,0b5bf5b7d5d5d7e2026fcce10b3d26e2fb3a80b6,2021-10-17T00:29:39.000Z,brynne,2,peakmonsters,1,2021-10-18T00:29:39.000Z,DEC,49.800,DEC,49.800,49.800,,,,G4-178-T1HLAX3D4W,178,true,1,4
14378533,0eac15e6f14a882996dda593f9a0212e4374f054-1,sacred-agent,1,16.577,500,14378533,0b5bf5b7d5d5d7e2026fcce10b3d26e2fb3a80b6,2021-10-17T00:29:39.000Z,brynne,2,peakmonsters,1,2021-10-18T00:29:39.000Z,DEC,16.577,DEC,16.577,16.577,,,,G3-91-29RQC5MJ68,91,true,200,3
11073988,718104626b2410032d54c58c4831c165e0f9df5a-1,lucky-cards,1,4.700,500,11073988,0b5bf5b7d5d5d7e2026fcce10b3d26e2fb3a80b6,2021-10-17T00:29:39.000Z,brynne,2,peakmonsters,1,2021-10-18T00:29:39.000Z,DEC,4.700,DEC,4.700,4.700,,,,G1-12-45SU3KUO00,12,true,200,1
9494988,b17d12793e498c7a29ea97c09c4465c2011ceb54-33,smalp,1,33.124,500,9494988,8a1602474bd9c25b2b63ae520da552071bfa36b0,2021-10-12T05:55:21.000Z,brynne,2,peakmonsters,1,2021-10-13T05:55:21.000Z,DEC,33.124,DEC,33.124,33.124,,,,G3-131-JTJ52Q6368,131,true,400,3
11468218,7daa5e05cce6fd5ae756ae6eca0296534895fcf6-7,monstergames,1,8.166,500,11468218,5a374efcdc070830f5334daf212978d047891237,2021-10-12T05:54:51.000Z,brynne,2,peakmonsters,1,2021-10-13T05:54:51.000Z,DEC,8.166,DEC,8.166,8.166,,,,G1-12-ZPLU9PV85S,12,true,200,1
11477965,bbeea77cdc2a0dade81f0a85dac949ca5a49dce0-3,ilovepoorpeople,1,20.329,500,11477965,c5d61c932c2f98c76182bf49cd6cbfce51d8dcc3,2021-10-12T05:54:00.000Z,brynne,2,peakmonsters,1,2021-10-13T05:54:00.000Z,DEC,20.329,DEC,20.329,20.329,,,,G1-14-U85OCDI78W,14,true,200,1
15298335,f7d82379fb2ed3f3ec49c29cc970b0a4106dbc55-0,ga-sm,1,9.950,500,15298335,539751dfd71f23002bb5f43c9afe76b41de47ea8,2021-10-12T05:53:24.000Z,brynne,2,peakmonsters,1,2021-10-13T05:53:24.000Z,DEC,9.950,DEC,9.950,9.950,,,,G4-169-IA5L5OF39S,169,true,2,4
12081681,6e00b7e1c63158fd4ef530799ce45bb238c66481-1,gfriend96,1,11.792,500,12081681,394266b7ac1f533b6de8e82ded032091965ce74c,2021-10-12T05:53:12.000Z,brynne,2,peakmonsters,1,2021-10-13T05:53:12.000Z,DEC,11.792,DEC,11.792,11.792,,,,G3-103-4CW1ROEBC0,103,true,200,3
12602766,e3e49b909129e16c80125d3dfe0efe4dd45f966e-3,inspiringquotes,1,14.900,500,12602766,3d5a3cac186c3e66e4c99d2a4dfcc2faa189f994,2021-10-12T05:52:42.000Z,brynne,2,peakmonsters,1,2021-10-13T05:52:42.000Z,DEC,14.900,DEC,14.900,14.900,,,,G3-91-F519ESR65C,91,true,200,3
15909397,43d825243c8a4252eb9e45b83f2f717bbd0bfc2c-94,moriarty95,1,5.150,500,15909397,9dc6bb7f3325b356a7c4c3532a248ef71c5b9b3e,2021-10-12T05:51:57.000Z,brynne,2,peakmonsters,1,2021-10-13T05:51:57.000Z,DEC,5.150,DEC,5.150,5.150,,,,G4-171-RC5W5NLEMO,171,true,1,4