﻿id,sell_trx_id,seller,num_cards,buy_price,fee_percent,market_item_id,rental_tx,rental_date,renter,status,market_account,rental_days,next_rental_payment,payment_currency,payment_amount,escrow_currency,escrow_amount,paid_amount,cancel_tx,cancel_player,cancel_date,card_id,card_detail_id,gold,xp,edition
18452469,5f4c69d0ecbdbc6e6df9a3e40aeb7e56f901449c-0,comakid,1,33.000,500,18452469,e9dd58c9944238dd6b8234648a5b1aa2488506e3,2021-11-02T11:13:03.000Z,bluecrew,1,peakmonsters,1,2021-11-03T11:13:03.000Z,DEC,33.000,DEC,33.000,33.000,,,,G1-18-WRVHWXX0BK,18,true,400,1
18587877,6fbff34eee931f95688d388d79b2938eb730bcdd-7,themcgwire,1,15.800,500,18587877,dd307dfe6e54ad1f7f851abcd228eb0903ffce05,2021-11-02T11:06:36.000Z,bluecrew,1,peakmonsters,1,2021-11-03T11:06:36.000Z,DEC,15.800,DEC,15.800,15.800,,,,C4-293-0O48YS47NK,293,false,4,4
18441440,cdbbd411015e55de64fff8ba507dce7e7f7cd577-0,sparkofphoenix,1,14.900,500,18441440,3bb7be16fb6e72f178d11d78464ecd1ed2c3b2f6,2021-11-02T10:54:12.000Z,bluecrew,1,peakmonsters,1,2021-11-03T10:54:12.000Z,DEC,14.900,DEC,14.900,14.900,,,,G1-14-GF9OJSUY0W,14,true,200,1
11379319,e9bc96eb98a4c7693f99cb5411c65701150ca688-7,davemccoy,1,12.739,500,11379319,fd1759789d85558c2309d244c8a9abd494a7518e,2021-11-02T10:41:30.000Z,bluecrew,1,peakmonsters,1,2021-11-03T10:41:30.000Z,DEC,12.739,DEC,12.739,12.739,,,,G3-103-V9S1FCJA3K,103,true,200,3
11481756,8d0fd301d5105af6da4f6e4033c47500544fb5a5-0,jzn,1,9.800,500,11481756,be64dd7898840f19254ec6ebb14b3ab49a8e9fef,2021-11-02T10:34:15.000Z,bluecrew,1,peakmonsters,1,2021-11-03T10:34:15.000Z,DEC,9.800,DEC,9.800,9.800,,,,G3-91-6PJE5312I8,91,true,200,3
15298335,f7d82379fb2ed3f3ec49c29cc970b0a4106dbc55-0,ga-sm,1,9.950,500,15298335,6cab1db747444e2e9f7b5aadf1aa40dcde96f1c1,2021-11-02T10:28:45.000Z,bluecrew,1,peakmonsters,1,2021-11-03T10:28:45.000Z,DEC,9.950,DEC,9.950,9.950,,,,G4-169-IA5L5OF39S,169,true,2,4
12136262,a27ae60be47b5fcbf3f43046c28457a0a1ccb367-88,clove71,1,30.509,500,12136262,4741ae4757ab9421d4048d6e367b91b963ac61e9,2021-11-02T10:27:33.000Z,bluecrew,1,peakmonsters,1,2021-11-03T10:27:33.000Z,DEC,30.509,DEC,30.509,30.509,,,,G3-131-LNT7BVSCUO,131,true,400,3
17050928,61bd4990280394a50f75173c0e209a03cea552a8-0,azalealife,1,8.000,500,17050928,c5a35178e6d642b1985606758c78951b19a9fdf3,2021-11-02T10:25:51.000Z,bluecrew,1,peakmonsters,1,2021-11-03T10:25:51.000Z,DEC,8.000,DEC,8.000,8.000,,,,G1-12-QPOXTZXS34,12,true,200,1
10375067,c28c17439b16d460e0e0478d9bcda3451d4fbbe3-0,battlemaster,1,1.583,500,10375067,edbdbb2a4df5bff1e5bfd520e7087473c508ce63,2021-11-02T10:20:51.000Z,bluecrew,1,peakmonsters,1,2021-11-03T10:20:51.000Z,DEC,1.583,DEC,1.583,1.583,,,,G4-171-AIANDRFHJK,171,true,1,4
9938379,85109fb002cc3042bfe2649a4d521e9ba5a8fa7e-10,toocurious,1,44.000,500,9938379,aa40f8f5ccb5504c66143cdc1d46255b5434cd87,2021-11-02T10:19:12.000Z,bluecrew,1,peakmonsters,1,2021-11-03T10:19:12.000Z,DEC,44.000,DEC,44.000,44.000,,,,G4-178-HE7HMCWM8G,178,true,1,4