﻿id,sell_trx_id,seller,num_cards,buy_price,fee_percent,market_item_id,rental_tx,rental_date,renter,status,market_account,rental_days,next_rental_payment,payment_currency,payment_amount,escrow_currency,escrow_amount,paid_amount,cancel_tx,cancel_player,cancel_date,card_id,card_detail_id,gold,xp,edition
18107368,5712cf8d265da01c67b5f372b466f37a7f479ded-13,mungoy,1,19.900,500,18107368,c824df2d07acae2e7f66f0c33e46e7428048df0a,2021-10-30T09:07:45.000Z,bucksquare,2,peakmonsters,1,2021-10-31T09:07:45.000Z,DEC,19.900,DEC,19.900,19.900,,,,C3-131-DH827Z2Z0W,131,false,300,3
18134599,dd0262fa9ed9352ecfdd71f7d0e9643d74ba021a-137,jemmarti,1,0.284,500,18134599,567770e38d0d191eca786d447a8b79a63dd0ecab,2021-10-30T09:06:21.000Z,bucksquare,2,peakmonsters,1,2021-10-31T09:06:21.000Z,DEC,1.910,DEC,1.910,1.910,,,,C4-171-DQ0XE2OUGW,171,false,6,4
10681136,a0f918176e0167c838100e43fc1d8291e0903a25-0,phython,1,8.000,500,10681136,567770e38d0d191eca786d447a8b79a63dd0ecab,2021-10-30T09:06:21.000Z,bucksquare,2,peakmonsters,1,2021-10-31T09:06:21.000Z,DEC,8.000,DEC,8.000,8.000,,,,C3-103-0MVA6EZSSW,103,false,165,3
18134625,674125173bd90d99f9aebf6e155ea3e7a530228b-15,jemmarti,1,6.950,500,18134625,567770e38d0d191eca786d447a8b79a63dd0ecab,2021-10-30T09:06:21.000Z,bucksquare,2,peakmonsters,1,2021-10-31T09:06:21.000Z,DEC,13.800,DEC,13.800,13.800,,,,C1-18-483701IP6O,18,false,300,1
15599693,8438766aa9c5531ea15f7f8c7c1ca64f2c55727d-0,nephilimhoss,1,9.500,500,15599693,567770e38d0d191eca786d447a8b79a63dd0ecab,2021-10-30T09:06:21.000Z,bucksquare,2,peakmonsters,1,2021-10-31T09:06:21.000Z,DEC,9.500,DEC,9.500,9.500,,,,C4-293-I3KMCOV6SW,293,false,1,4
10668033,a633b2448de242bb8767287341e9a6ad86fa9381-0,scooter77,1,12.000,500,10668033,567770e38d0d191eca786d447a8b79a63dd0ecab,2021-10-30T09:06:21.000Z,bucksquare,2,peakmonsters,1,2021-10-31T09:06:21.000Z,DEC,12.000,DEC,12.000,12.000,,,,C1-14-WLI78NHTXS,14,false,165,1
10742815,fc6c119fea0d9180490634351bf60909e4cf7855-0,janoshik,1,2.352,500,10742815,567770e38d0d191eca786d447a8b79a63dd0ecab,2021-10-30T09:06:21.000Z,bucksquare,2,peakmonsters,1,2021-10-31T09:06:21.000Z,DEC,2.352,DEC,2.352,2.352,,,,C1-12-0ZGK57ZUVK,12,false,30,1
18134325,338d316251b283b2323867c0a4f4d68cdfb71aa8-0,imno,1,96.000,500,18134325,9a24c5d57b728a114aa66ba08b2f71fa4e9a2eba,2021-10-30T09:03:51.000Z,bucksquare,2,peakmonsters,1,2021-10-31T09:03:51.000Z,DEC,96.000,DEC,96.000,96.000,,,,G4-178-N7R2REKL74,178,true,1,4
11445322,3151da25dd70849ce7a8edc3296995d58ae615b4-21,fighter4-freedom,1,19.000,500,11445322,86fd3ac08b87edd7a7a18fcfbbfb10a9878090c7,2021-10-30T09:03:18.000Z,bucksquare,2,peakmonsters,1,2021-10-31T09:03:18.000Z,DEC,19.000,DEC,19.000,19.000,,,,G3-91-Y5ARSWNTSW,91,true,200,3
17166135,f2420e9e7a0e9d1962fb8aea709b32437ebdf992-56,slbgf,1,15.000,500,17166135,f9acec077f5941f941bf5dc3d93d408d9bcd3a9e,2021-10-26T01:18:06.000Z,bucksquare,2,peakmonsters,1,2021-10-27T01:18:06.000Z,DEC,15.000,DEC,15.000,15.000,,,,G1-14-K4MOER5LAO,14,true,400,1
16167790,d402b9f85423aebd4689963f88390e3b920c9120-6,fighter4-freedom,1,9.000,500,16167790,9309d4a3fd3ec598054afeb2c7a51d921c66b052,2021-10-26T01:17:42.000Z,bucksquare,2,peakmonsters,1,2021-10-27T01:17:42.000Z,DEC,9.000,DEC,9.000,9.000,,,,C4-293-9WL9RI95U8,293,false,1,4
10048388,7127da0954beba52e729385905a8129b71abbe76-0,mano237,1,20.000,500,10048388,9309d4a3fd3ec598054afeb2c7a51d921c66b052,2021-10-26T01:17:42.000Z,bucksquare,2,peakmonsters,1,2021-10-27T01:17:42.000Z,DEC,20.000,DEC,20.000,20.000,,,,C1-18-21M4FH5QTS,18,false,1500,1
11559163,24c765d63b400c26ce0f54de0375cf94aa9bf9cc-0,stever82,1,9.000,500,11559163,7686af5d393dc736f8aa6cd0bf3c37063d0030e7,2021-10-26T01:13:15.000Z,bucksquare,2,peakmonsters,1,2021-10-27T01:13:15.000Z,DEC,9.000,DEC,9.000,9.000,,,,G3-91-L6JVUIQ3VK,91,true,200,3
9494972,b17d12793e498c7a29ea97c09c4465c2011ceb54-17,smalp,1,31.341,500,9494972,7686af5d393dc736f8aa6cd0bf3c37063d0030e7,2021-10-26T01:13:15.000Z,bucksquare,2,peakmonsters,1,2021-10-27T01:13:15.000Z,DEC,31.341,DEC,31.341,31.341,,,,G3-131-71DUG8JXLS,131,true,400,3
17224634,40acc8241c9f279639c6d570a5fae78bfc6c3198-63,renterlands,1,44.949,500,17224634,7686af5d393dc736f8aa6cd0bf3c37063d0030e7,2021-10-26T01:13:15.000Z,bucksquare,2,peakmonsters,1,2021-10-27T01:13:15.000Z,DEC,44.949,DEC,44.949,44.949,,,,G4-178-TOOMKR13N4,178,true,1,4
10613461,18eb8c0d3dd6494b7771c77d40d871db7e27db36-3,jeffjagoe,1,29.950,500,10613461,037b46add3c3ac81627bd43f20405fbfa72bc8e6,2021-10-21T12:08:30.000Z,bucksquare,2,peakmonsters,1,2021-10-22T12:08:30.000Z,DEC,29.950,DEC,29.950,29.950,,,,C3-131-CR00ZTIYGG,131,false,825,3
10317970,e9d1de8c53fc57ef93c5699daad0c0c4bf74be43-82,rce,1,9.549,500,10317970,f099a33aa51441bfae064284d7995e540f729ffa,2021-10-21T12:08:15.000Z,bucksquare,2,peakmonsters,1,2021-10-22T12:08:15.000Z,DEC,15.739,DEC,15.739,15.739,,,,C3-91-0HS6J0QD5C,91,false,765,3
10566356,4e4107201cc20e3802a6cdf8de600ddcff62642e-2,fighter4-freedom,1,20.000,500,10566356,bde78597d4381f6c25a7bfa16c448eeb95885e4e,2021-10-21T12:06:48.000Z,bucksquare,2,peakmonsters,1,2021-10-22T12:06:48.000Z,DEC,20.000,DEC,20.000,20.000,,,,G1-14-KA869YK7WG,14,true,200,1
10566267,4cf1b30eef1910540da0c2a6fcb35f5e15cc8c9e-1,fighter4-freedom,1,8.400,500,10566267,a6313869beaf23f9141534e1c3fbc81413557588,2021-10-21T12:05:48.000Z,bucksquare,2,peakmonsters,1,2021-10-22T12:05:48.000Z,DEC,8.400,DEC,8.400,8.400,,,,G1-12-13XNL79KM8,12,true,200,1
10367435,d97af5301887fab7ec0a86c60d74b4f6aedf1eb0-41,the10legmulti,1,3.690,500,10367435,2cbd017f6a71a5d4894544369dbd5ea46a376b95,2021-10-21T12:05:27.000Z,bucksquare,2,peakmonsters,1,2021-10-22T12:05:27.000Z,DEC,3.690,DEC,3.690,3.690,,,,G4-171-JW7AB9WD4G,171,true,1,4
15484702,973826aade6dd2ebab40a2fa1b6067d412b4a664-7,genketsu,1,9.699,500,15484702,06d47951e1cb59a2ddd5414e3567dd4a3b9bf439,2021-10-21T12:05:15.000Z,bucksquare,2,peakmonsters,1,2021-10-22T12:05:15.000Z,DEC,9.699,DEC,9.699,9.699,,,,G4-169-CF84A8Z5Z4,169,true,1,4
16117415,ebd21e24c874f4a915c3767dbc3185d721e5fb81-49,azircon,1,49.450,500,16117415,90c8b534d1609fe2a80a1396418d985977253111,2021-10-21T12:04:42.000Z,bucksquare,2,peakmonsters,1,2021-10-22T12:04:42.000Z,DEC,49.450,DEC,49.450,49.450,,,,G4-178-YOJ8BM92Z4,178,true,1,4
10719904,df4194f1bcd8cf1d2f81e66109625b67124a7606-1,pladozero,1,15.600,500,10719904,4d7aecca108008293c6ad8b96000d19c07083b24,2021-10-16T23:41:45.000Z,bucksquare,2,peakmonsters,1,2021-10-17T23:41:45.000Z,DEC,15.600,DEC,15.600,15.600,,,,G1-14-S82N9MHPOW,14,true,200,1
11940176,a0ee7956582023ef416a1fabe4ca6834e900cb57-0,muaddib1983,1,11.000,500,11940176,8989e1eedc543331349f007dbce66a7262ff40ca,2021-10-16T23:40:15.000Z,bucksquare,2,peakmonsters,1,2021-10-17T23:40:15.000Z,DEC,11.000,DEC,11.000,11.000,,,,G3-103-J6R9QC1Y74,103,true,200,3
10317975,e9d1de8c53fc57ef93c5699daad0c0c4bf74be43-87,rce,1,9.549,500,10317975,543f5cba19e7a79f4f26fc2ea46004fab06c4373,2021-10-16T23:39:48.000Z,bucksquare,2,peakmonsters,1,2021-10-17T23:39:48.000Z,DEC,15.739,DEC,15.739,15.739,,,,C3-91-MZI0ZAV8GW,91,false,765,3
11415052,8086fc957c4b96d0fbe5cefa9b81ff8603d28b9e-0,dhimmel,1,33.800,500,11415052,51453c94e46b0ff4c51669f8e40414af49ec9243,2021-10-16T23:25:24.000Z,bucksquare,2,peakmonsters,1,2021-10-17T23:25:24.000Z,DEC,33.800,DEC,33.800,33.800,,,,C3-131-J35ZFRNIMO,131,false,2625,3
16644922,5b344d12879d32a1f7ab409798ef337dde88736a-1,abrockman,1,7.400,500,16644922,0790c1676614536674008e0d8aeb0427bb5fe3c6,2021-10-16T23:24:06.000Z,bucksquare,2,peakmonsters,1,2021-10-17T23:24:06.000Z,DEC,7.400,DEC,7.400,7.400,,,,C1-12-AVLV0GRYTC,12,false,795,1
11036537,75227879e2dd52beb54e36a47955e3a878d1fff2-8,smalp,1,29.750,500,11036537,f490a2a14583717c93f9eb68e313f8780a356957,2021-10-16T23:23:54.000Z,bucksquare,2,peakmonsters,1,2021-10-17T23:23:54.000Z,DEC,29.750,DEC,29.750,29.750,,,,C1-18-6GH8QMA6SG,18,false,750,1
9589968,6a3d0a7ff42f580e6edf2ab854b6f0a6ec57a9e2-0,peeholder,1,39.444,500,9589968,9600d03b452604c7bb1de503a7d93e4fa300b8fb,2021-10-16T23:22:24.000Z,bucksquare,2,peakmonsters,1,2021-10-17T23:22:24.000Z,DEC,39.444,DEC,39.444,39.444,,,,C4-178-2NMW3PUPS0,178,false,115,4
11376758,9c2ad9b95f33ee457a3710009622a6eb103c641f-0,picciridda2,1,24.800,500,11376758,d13f7405f31b6fc0f38a451109b31190da419a9e,2021-10-14T02:20:00.000Z,bucksquare,2,peakmonsters,1,2021-10-15T02:20:00.000Z,DEC,24.800,DEC,24.800,24.800,,,,G3-131-MCC82WFZLC,131,true,400,3
10831427,e9f7d20c198d6dbab4a56504896f2bf358ce06f9-7,reggaemuffin,1,15.700,500,10831427,6ecff224e216c4fd470c0651a516c27416ac341d,2021-10-14T02:17:15.000Z,bucksquare,2,peakmonsters,1,2021-10-15T02:17:15.000Z,DEC,15.700,DEC,15.700,15.700,,,,G1-14-7W862VX2R4,14,true,200,1
13394527,d0a1e9c8142718db685f91127ba53b3540b32715-0,kr7753191,1,19.000,500,13394527,e6e0511b5ecf7b5aaf28d6aee9c37a955ac274a4,2021-10-10T03:29:33.000Z,bucksquare,2,peakmonsters,1,2021-10-11T03:29:33.000Z,DEC,19.000,DEC,19.000,19.000,,,,C3-131-O53XAXJZ6O,131,false,1500,3
12466056,6c54fdc465175c8d3c8e857b8f9bdbe7e74509a3-0,knowholdings,1,9.549,500,12466056,b1245e170dadebffca3d673beac724b60b79e38f,2021-10-10T03:22:00.000Z,bucksquare,2,peakmonsters,1,2021-10-11T03:22:00.000Z,DEC,15.000,DEC,15.000,15.000,,,,C3-91-MX5AVG1FI8,91,false,765,3
10257826,ac5354998da1f73c5941ed841eebd37e35585e14-0,ensiferum,1,16.900,500,10257826,1aa1a2f4d9a2570ba5a98dc67b92830049ac0f1b,2021-10-10T03:19:54.000Z,bucksquare,2,peakmonsters,1,2021-10-11T03:19:54.000Z,DEC,18.900,DEC,18.900,18.900,,,,C1-18-3JQAF1FA34,18,false,1575,1