﻿id,sell_trx_id,seller,num_cards,buy_price,fee_percent,market_item_id,rental_tx,rental_date,renter,status,market_account,rental_days,next_rental_payment,payment_currency,payment_amount,escrow_currency,escrow_amount,paid_amount,cancel_tx,cancel_player,cancel_date,card_id,card_detail_id,gold,xp,edition
17167710,ab471110b4b38bc5ee45c961b94716def63f930d-13,slbrf,1,21.000,500,17167710,a7bb55540c4e8e7d7b37d5925a50904ba7e01b7e,2021-11-01T03:44:03.000Z,cafemilan,2,peakmonsters,1,2021-11-02T03:44:03.000Z,DEC,21.000,DEC,21.000,21.000,,,,C1-18-50J61WGSIO,18,false,2550,1
16726974,e240887c9399796df8359f69243c2e28c7caa4a7-5,calvinishobbes,1,9.750,500,16726974,a7bb55540c4e8e7d7b37d5925a50904ba7e01b7e,2021-11-01T03:44:03.000Z,cafemilan,2,peakmonsters,1,2021-11-02T03:44:03.000Z,DEC,9.750,DEC,9.750,9.750,,,,C4-293-SI2U6EVME8,293,false,1,4
15736699,13f4a062506333f7cc6fa49dea3088e5576f77a5-2,monsterfit,1,4.940,500,15736699,2e25a2ac20735dbdd291c1cda5aff80678fef915,2021-11-01T03:43:27.000Z,cafemilan,2,peakmonsters,1,2021-11-02T03:43:27.000Z,DEC,4.940,DEC,4.940,4.940,,,,G4-171-FM8HO3ZJ8G,171,true,2,4
18264679,8c7aa6c31673fd9bc0af7935d2ae67378ef7f7e5-112,herons-unlimited,1,26.000,500,18264679,60757c725ea42d61b4cda56b7c40d6c3e1025523,2021-11-01T03:42:06.000Z,cafemilan,2,peakmonsters,1,2021-11-02T03:42:06.000Z,DEC,26.000,DEC,26.000,26.000,,,,G3-131-CX1XJ9JH80,131,true,400,3
11207752,d4d96809248aef8a5e1f3b2936c24d6677293f4c-118,smalp,1,14.950,500,11207752,60757c725ea42d61b4cda56b7c40d6c3e1025523,2021-11-01T03:42:06.000Z,cafemilan,2,peakmonsters,1,2021-11-02T03:42:06.000Z,DEC,14.950,DEC,14.950,14.950,,,,G3-91-VX4EULDJAO,91,true,200,3
10426263,6c94a49150279acb51c5fb9d01e2734d1da74336-4,foggybottom,1,12.335,500,10426263,c908bb734beec13fb1c06404c5b547f755804f1a,2021-11-01T03:39:27.000Z,cafemilan,2,peakmonsters,1,2021-11-02T03:39:27.000Z,DEC,12.335,DEC,12.335,12.335,,,,G1-14-PSFACC4ADS,14,true,200,1
18148524,157bd4791c203c5eb0e7c1c8fd367e4f36aef5fa-0,travelgirl,1,78.200,500,18148524,0d197484ed34c1a65035f9689bf679e4b09db56d,2021-11-01T03:38:48.000Z,cafemilan,2,peakmonsters,1,2021-11-02T03:38:48.000Z,DEC,78.200,DEC,78.200,78.200,,,,G4-178-TI8GOUTY2O,178,true,1,4
11396651,fd2bddd5af605d3dcc645722e868d652d8511684-0,sm-deck,1,4.597,500,11396651,b8683fc4421914fdb9cd11aed07914da804e0d68,2021-11-01T03:18:57.000Z,cafemilan,2,peakmonsters,1,2021-11-02T03:18:57.000Z,DEC,4.597,DEC,4.597,4.597,,,,G1-12-USU5CNWQY8,12,true,200,1
17876390,a704328ba9323e4732dc74292ce488aca4023df3-5,renterlands,1,19.900,500,17876390,b8683fc4421914fdb9cd11aed07914da804e0d68,2021-11-01T03:18:57.000Z,cafemilan,2,peakmonsters,1,2021-11-02T03:18:57.000Z,DEC,19.900,DEC,19.900,19.900,,,,G3-103-3I3M0H2EZK,103,true,400,3
14222301,23971660f04b84b6052ba565f46de3dd75fa91cb-74,zawarrior,1,3.450,500,14222301,b8683fc4421914fdb9cd11aed07914da804e0d68,2021-11-01T03:18:57.000Z,cafemilan,2,peakmonsters,1,2021-11-02T03:18:57.000Z,DEC,3.450,DEC,3.450,3.450,,,,G4-169-MGQC5T7R1C,169,true,1,4