﻿id,sell_trx_id,seller,num_cards,buy_price,fee_percent,market_item_id,rental_tx,rental_date,renter,status,market_account,rental_days,next_rental_payment,payment_currency,payment_amount,escrow_currency,escrow_amount,paid_amount,cancel_tx,cancel_player,cancel_date,card_id,card_detail_id,gold,xp,edition
10600978,350d95884e96566481d7e4f260f753633b490b23-86,namelessnameless,1,9.844,500,10600978,57c250f7a2000a1b25492a65e06ed8833f097565,2021-11-01T06:38:33.000Z,charatara,2,peakmonsters,1,2021-11-02T06:38:33.000Z,DEC,9.844,DEC,9.844,9.844,,,,G3-103-L01UZBU1A8,103,true,200,3
9973317,1f3ddc7d66dcd2acd32ece2f3d76ad0768ee9c93-0,ewkaw,1,15.000,500,9973317,812d057e5e2fbde3595e8f0ccad73730197c921c,2021-11-01T06:29:27.000Z,charatara,2,peakmonsters,1,2021-11-02T06:29:27.000Z,DEC,15.000,DEC,15.000,15.000,,,,C1-18-PSU09O8QAO,18,false,825,1
12268732,cd557bd5019ad6d2eea8f1199cea4f9651225f70-3,chaoxwinx,1,9.800,500,12268732,628787a963cc3b61e7d1ec7e46a6ec58be42404c,2021-11-01T06:23:42.000Z,charatara,2,peakmonsters,1,2021-11-02T06:23:42.000Z,DEC,9.800,DEC,9.800,9.800,,,,C4-293-JH5XGSN3KG,293,false,1,4
17277643,baca14b946923e53ee8f4e3564dfec61d2f81857-4,renterlands,1,9.949,500,17277643,a7416d5cbc8665b80efd451b162f02565803e432,2021-11-01T04:36:06.000Z,charatara,2,peakmonsters,1,2021-11-02T04:36:06.000Z,DEC,9.949,DEC,9.949,9.949,,,,G1-12-08VIXEMRA8,12,true,200,1
17777880,ce97cff6b9504218fa653a92ebd9d04f3db6dfa4-79,olleo,1,17.950,500,17777880,a385c9a0834aaf8a262f3469e42e958dde43e215,2021-11-01T04:34:06.000Z,charatara,2,peakmonsters,1,2021-11-02T04:34:06.000Z,DEC,17.950,DEC,17.950,17.950,,,,G1-14-WMJSBQ51HC,14,true,200,1
10779378,df8a4ed6ce7c2bc79e20c56b478c309d6e0cd181-0,splintercards,1,25.000,500,10779378,a385c9a0834aaf8a262f3469e42e958dde43e215,2021-11-01T04:34:06.000Z,charatara,2,peakmonsters,1,2021-11-02T04:34:06.000Z,DEC,25.000,DEC,25.000,25.000,,,,G3-131-WQTFSALKOG,131,true,400,3
10292794,e9f1e64f9ef9223a4dd97a0ec8ef60d2b9ae3afa-5,alexvan,1,9.000,500,10292794,a385c9a0834aaf8a262f3469e42e958dde43e215,2021-11-01T04:34:06.000Z,charatara,2,peakmonsters,1,2021-11-02T04:34:06.000Z,DEC,9.000,DEC,9.000,9.000,,,,G3-91-QBCM2TTCTS,91,true,200,3
10426262,6c94a49150279acb51c5fb9d01e2734d1da74336-3,foggybottom,1,12.335,500,10426262,c37506e8a7f760a334a8f5d331f6baf388b26d25,2021-11-01T04:32:00.000Z,charatara,2,peakmonsters,1,2021-11-02T04:32:00.000Z,DEC,12.335,DEC,12.335,12.335,,,,G1-14-P4ACFC2GRK,14,true,200,1
18409605,6564e5cac474ce6942fd30638cea39280a661104-90,avestan,1,9.900,500,18409605,0fe50fd88913cc52c5f2261ad023039f79509058,2021-11-01T04:31:15.000Z,charatara,2,peakmonsters,1,2021-11-02T04:31:15.000Z,DEC,9.900,DEC,9.900,9.900,,,,G4-173-ZFALTQEK1C,173,true,1,4
18118118,4535f83ef5f3a432b138fdfdf102f76eef64a182-1,joedredd,1,81.950,500,18118118,a841df5f42ff7b7aab559bae0c910a9da963326e,2021-11-01T04:29:06.000Z,charatara,2,peakmonsters,1,2021-11-02T04:29:06.000Z,DEC,81.950,DEC,81.950,81.950,,,,G4-178-VLX333JSHC,178,true,1,4
16940260,b278076bd23105e59201f508ec972c8149f2bbaf-8,niallon11,1,7.700,500,16940260,a841df5f42ff7b7aab559bae0c910a9da963326e,2021-11-01T04:29:06.000Z,charatara,2,peakmonsters,1,2021-11-02T04:29:06.000Z,DEC,7.700,DEC,7.700,7.700,,,,G4-169-CX1JTS9FTC,169,true,1,4