﻿id,sell_trx_id,seller,num_cards,buy_price,fee_percent,market_item_id,rental_tx,rental_date,renter,status,market_account,rental_days,next_rental_payment,payment_currency,payment_amount,escrow_currency,escrow_amount,paid_amount,cancel_tx,cancel_player,cancel_date,card_id,card_detail_id,gold,xp,edition
10307853,7fcce4e630b66ad0db15a6b3b482a64d48be7a49-43,lucky-cards,1,13.000,500,10307853,260c5ed134ea1a52dd6fcce982dd3e5cf5b757ad,2021-11-01T04:52:45.000Z,brynectar,2,peakmonsters,1,2021-11-02T04:52:45.000Z,DEC,13.000,DEC,13.000,13.000,,,,G3-91-384R7KTM74,91,true,200,3
17167715,ab471110b4b38bc5ee45c961b94716def63f930d-18,slbrf,1,21.000,500,17167715,13bc639b88c8d12e05c684d17a55c84e53de90c1,2021-11-01T04:51:42.000Z,brynectar,2,peakmonsters,1,2021-11-02T04:51:42.000Z,DEC,21.000,DEC,21.000,21.000,,,,C1-18-S70ZXFNRVK,18,false,2550,1
10676386,d661fc70b59db344809d35d0440dc1380294ef93-4,a-secondchance,1,9.899,500,10676386,13bc639b88c8d12e05c684d17a55c84e53de90c1,2021-11-01T04:51:42.000Z,brynectar,2,peakmonsters,1,2021-11-02T04:51:42.000Z,DEC,9.899,DEC,9.899,9.899,,,,C4-293-JOVMCH4ZAO,293,false,1,4
15500976,992a6aef5e0054e5fe86baa398f127cd9fa13595-5,lucky-cards,1,14.800,500,15500976,91842097cfd1f3da12acffb6c24be81a5b64d3f8,2021-11-01T04:50:18.000Z,brynectar,2,peakmonsters,1,2021-11-02T04:50:18.000Z,DEC,14.800,DEC,14.800,14.800,,,,G1-14-B1S2D4NB8G,14,true,200,1
17783206,7332bd419ab9d39b34e2d2836328f4e1cde35d4c-9,renterlands,1,7.750,500,17783206,91842097cfd1f3da12acffb6c24be81a5b64d3f8,2021-11-01T04:50:18.000Z,brynectar,2,peakmonsters,1,2021-11-02T04:50:18.000Z,DEC,7.750,DEC,7.750,7.750,,,,G4-169-E1Z90RKKGG,169,true,1,4
18264628,8c7aa6c31673fd9bc0af7935d2ae67378ef7f7e5-61,herons-unlimited,1,26.000,500,18264628,91842097cfd1f3da12acffb6c24be81a5b64d3f8,2021-11-01T04:50:18.000Z,brynectar,2,peakmonsters,1,2021-11-02T04:50:18.000Z,DEC,26.000,DEC,26.000,26.000,,,,G3-131-TML58CJ7XC,131,true,400,3
10458622,44bc499c2fba66bf9db45fe208285b29c69cc761-6,cyguy,1,8.950,500,10458622,91842097cfd1f3da12acffb6c24be81a5b64d3f8,2021-11-01T04:50:18.000Z,brynectar,2,peakmonsters,1,2021-11-02T04:50:18.000Z,DEC,8.950,DEC,8.950,8.950,,,,G1-12-LMRJA6L2V4,12,true,200,1
17224635,40acc8241c9f279639c6d570a5fae78bfc6c3198-64,renterlands,1,44.949,500,17224635,91842097cfd1f3da12acffb6c24be81a5b64d3f8,2021-11-01T04:50:18.000Z,brynectar,2,peakmonsters,1,2021-11-02T04:50:18.000Z,DEC,44.949,DEC,44.949,44.949,,,,G4-178-V4VH013GKG,178,true,1,4
17790215,42d6f32aa55a22efe668518bb04ed1964cac7543-0,neominejade,1,10.000,500,17790215,91842097cfd1f3da12acffb6c24be81a5b64d3f8,2021-11-01T04:50:18.000Z,brynectar,2,peakmonsters,1,2021-11-02T04:50:18.000Z,DEC,10.000,DEC,10.000,10.000,,,,G3-103-YPN22F8HU8,103,true,200,3
15766695,54cc9cbcf78cc73d13522465ac76a2e8a14e279e-10,lucky-cards,1,10.000,500,15766695,91842097cfd1f3da12acffb6c24be81a5b64d3f8,2021-11-01T04:50:18.000Z,brynectar,2,peakmonsters,1,2021-11-02T04:50:18.000Z,DEC,10.000,DEC,10.000,10.000,,,,G4-173-LXFKXS1EEO,173,true,1,4