﻿id,sell_trx_id,seller,num_cards,buy_price,fee_percent,market_item_id,rental_tx,rental_date,renter,status,market_account,rental_days,next_rental_payment,payment_currency,payment_amount,escrow_currency,escrow_amount,paid_amount,cancel_tx,cancel_player,cancel_date,card_id,card_detail_id,gold,xp,edition
16167764,3c86a274695bd77ffef4c8e832a218f20c76d00c-0,fighter4-freedom,1,10.000,500,16167764,d283da5839f23e15ebb66780ada39c6054cc5b49,2021-11-02T15:00:09.000Z,bluecreek,1,peakmonsters,1,2021-11-03T15:00:09.000Z,DEC,10.000,DEC,10.000,10.000,,,,C4-293-0FUQM2TW7K,293,false,1,4
13646061,b43da64ecf2ffb6e6179800d449270f811d85d52-0,sustainablyyours,1,9.900,500,13646061,d2096935d6935bc0e095994cf6174bc68b3a6297,2021-11-02T14:58:54.000Z,bluecreek,1,peakmonsters,1,2021-11-03T14:58:54.000Z,DEC,9.900,DEC,9.900,9.900,,,,G3-103-75KUNWSU9C,103,true,200,3
10109872,620938c971e4f713de893f4ee4c36362c9fa482a-5,monsterveritas,1,27.949,500,10109872,d2096935d6935bc0e095994cf6174bc68b3a6297,2021-11-02T14:58:54.000Z,bluecreek,1,peakmonsters,1,2021-11-03T14:58:54.000Z,DEC,27.949,DEC,27.949,27.949,,,,G3-131-F1WJFBQE3K,131,true,400,3
18512165,c59a3a9dd63faafea6e89ec328afb43c50513f8d-43,slbgf,1,5.000,500,18512165,41dd4d718e9d7188757f7667f07ea24a2e068ff5,2021-11-02T14:58:03.000Z,bluecreek,1,peakmonsters,1,2021-11-03T14:58:03.000Z,DEC,5.000,DEC,5.000,5.000,,,,G1-12-5643JL6BPC,12,true,400,1
16532504,8c06b90e0402129456e4c3fefefc8312a225bd15-60,sirdemian,1,10.700,500,16532504,41dd4d718e9d7188757f7667f07ea24a2e068ff5,2021-11-02T14:58:03.000Z,bluecreek,1,peakmonsters,1,2021-11-03T14:58:03.000Z,DEC,10.700,DEC,10.700,10.700,,,,G4-169-OC5PU2A6KG,169,true,2,4
18508437,d9c7456b7ac2ef12191e5d239708187f92d5e243-55,matt-dub,1,14.950,500,18508437,9f917161fed484520a21ef95925d8d46eb884986,2021-11-02T14:54:54.000Z,bluecreek,1,peakmonsters,1,2021-11-03T14:54:54.000Z,DEC,14.950,DEC,14.950,14.950,,,,G1-14-7KMAC8PJRK,14,true,200,1
18508961,ba3c6f9ec22864f4f5cedc8b3ddc53b9a2e8e6a0-31,uniqn,1,39.950,500,18508961,c60c8510a29455574e07a7ee23b9e58d82bc070c,2021-11-02T14:54:00.000Z,bluecreek,1,peakmonsters,1,2021-11-03T14:54:00.000Z,DEC,39.950,DEC,39.950,39.950,,,,G4-178-9EFNICV4O0,178,true,1,4
10014857,c0979bc5ce2f936ccb752eb67fefcd75b426b31d-2,goldninja,1,14.586,500,10014857,1844b232f26eb5f374b023a16b3ce8b0cea118c9,2021-11-02T14:53:30.000Z,bluecreek,1,peakmonsters,1,2021-11-03T14:53:30.000Z,DEC,14.586,DEC,14.586,14.586,,,,G1-18-IC3LC5BNOW,18,true,400,1
9438791,f914706eca0e22b669382948a4bf3f19846c4164-0,fw206,1,0.681,500,9438791,f690cada6e10273ae1d01fa43d9bb0cd37c480e2,2021-11-02T14:51:48.000Z,bluecreek,1,peakmonsters,1,2021-11-03T14:51:48.000Z,DEC,0.681,DEC,0.681,0.681,,,,G3-91-27ZYCWQVBK,91,true,200,3