﻿id,sell_trx_id,seller,num_cards,buy_price,fee_percent,market_item_id,rental_tx,rental_date,renter,status,market_account,rental_days,next_rental_payment,payment_currency,payment_amount,escrow_currency,escrow_amount,paid_amount,cancel_tx,cancel_player,cancel_date,card_id,card_detail_id,gold,xp,edition
16018830,c12d887059bcb5bad003e810fb1511bad37dc27a-0,rudemon,1,9.899,500,16018830,8522266cb4f8c6f5fae0f5faccc92d30bccfa5f7,2021-10-31T09:41:57.000Z,chararatski,2,peakmonsters,1,2021-11-01T09:41:57.000Z,DEC,9.899,DEC,9.899,9.899,,,,C4-293-R3IFG6FR9S,293,false,1,4
10975597,878dd73da30a6b709c19f85de2e660347e4b311d-12,fighter4-freedom,1,19.000,500,10975597,ba6437d776a75837f5fe19578fd77812507cb1f5,2021-10-31T09:40:33.000Z,chararatski,2,peakmonsters,1,2021-11-01T09:40:33.000Z,DEC,19.000,DEC,19.000,19.000,,,,G3-91-UW3HH4ZSE8,91,true,200,3
15885212,ed1c711e80d58c7e3b6dd473d58e8c687803585d-0,codebull,1,11.000,500,15885212,ba6437d776a75837f5fe19578fd77812507cb1f5,2021-10-31T09:40:33.000Z,chararatski,2,peakmonsters,1,2021-11-01T09:40:33.000Z,DEC,11.000,DEC,11.000,11.000,,,,G3-103-6ALBW6CRG0,103,true,200,3
17681057,e0d752846fbcd5f2dbe1d2adc6f22e7c590fd0f3-4,bala41288,1,3.449,500,17681057,b95306f83279973edaee24ce0fd4ae13028f02f5,2021-10-31T09:39:21.000Z,chararatski,2,peakmonsters,1,2021-11-01T09:39:21.000Z,DEC,3.449,DEC,3.449,3.449,,,,G4-171-MIAM104SDS,171,true,1,4
12135768,17f2e936a82cb46a110898bd2d081d3a63696318-16,clove71,1,19.750,500,12135768,ceb2cfcf01c77e8494db06e0ec5223abf1369fd7,2021-10-31T09:38:24.000Z,chararatski,2,peakmonsters,1,2021-11-01T09:38:24.000Z,DEC,19.750,DEC,19.750,19.750,,,,G1-18-X2XTQGC728,18,true,400,1
15694539,0674cb56ed54403859fd0cddd9d1fc794ca7ce4a-0,softa,1,30.848,500,15694539,ceb2cfcf01c77e8494db06e0ec5223abf1369fd7,2021-10-31T09:38:24.000Z,chararatski,2,peakmonsters,1,2021-11-01T09:38:24.000Z,DEC,30.848,DEC,30.848,30.848,,,,G3-131-316NPIB968,131,true,400,3
17224631,40acc8241c9f279639c6d570a5fae78bfc6c3198-60,renterlands,1,44.949,500,17224631,ceb2cfcf01c77e8494db06e0ec5223abf1369fd7,2021-10-31T09:38:24.000Z,chararatski,2,peakmonsters,1,2021-11-01T09:38:24.000Z,DEC,44.949,DEC,44.949,44.949,,,,G4-178-T0URJUXV40,178,true,1,4
11378844,89660f5dcba512e607c4ea064e4dba24a01b922c-1,davemccoy,1,6.618,500,11378844,ceb2cfcf01c77e8494db06e0ec5223abf1369fd7,2021-10-31T09:38:24.000Z,chararatski,2,peakmonsters,1,2021-11-01T09:38:24.000Z,DEC,6.618,DEC,6.618,6.618,,,,G1-12-87UIL26IA8,12,true,200,1
9945798,ede46b5b59cd38f857e4b4157f154b52d82974ad-0,gungunkrishu,1,15.000,500,9945798,ceb2cfcf01c77e8494db06e0ec5223abf1369fd7,2021-10-31T09:38:24.000Z,chararatski,2,peakmonsters,1,2021-11-01T09:38:24.000Z,DEC,15.000,DEC,15.000,15.000,,,,G1-14-26UKZ0RSK0,14,true,200,1
17295538,4fe17f70ff6184095220f3dd2d353e3db42f15e2-0,vaca4,1,20.000,500,17295538,a6382bb7ad6b1228db40d94ef3e203a576a02d38,2021-10-27T06:20:36.000Z,chararatski,2,peakmonsters,1,2021-10-28T06:20:36.000Z,DEC,20.000,DEC,20.000,20.000,,,,G3-91-JZ8P61TOQO,91,true,200,3
12569279,7060d659dd5fa2a64e66499ab1ed06ada192cdf6-22,jobere,1,26.900,500,12569279,3e67f75e1dd575eb1487914a727ad0a4130e6fe8,2021-10-27T06:20:06.000Z,chararatski,2,peakmonsters,1,2021-10-28T06:20:06.000Z,DEC,26.900,DEC,26.900,26.900,,,,G3-131-7LQVZFXCKG,131,true,400,3
10676387,d661fc70b59db344809d35d0440dc1380294ef93-5,a-secondchance,1,9.700,500,10676387,fe0570422fc5984ac1f6f5e40e48441c7ec51f97,2021-10-27T06:19:42.000Z,chararatski,2,peakmonsters,1,2021-10-28T06:19:42.000Z,DEC,9.700,DEC,9.700,9.700,,,,C4-293-M0BQA2TEAO,293,false,1,4
12136052,8d05e470cb7a0bfbc5a400268b936b5183f14cfa-19,clove71,1,12.900,500,12136052,6d1718a21c935bd160705e7e8f12a59ca4dd3f25,2021-10-27T06:18:15.000Z,chararatski,2,peakmonsters,1,2021-10-28T06:18:15.000Z,DEC,12.900,DEC,12.900,12.900,,,,G3-103-ZL3J82I9J4,103,true,200,3
15909967,71e63f5151ec917998112d139967de08280bac54-63,moriarty95,1,8.900,500,15909967,6d1718a21c935bd160705e7e8f12a59ca4dd3f25,2021-10-27T06:18:15.000Z,chararatski,2,peakmonsters,1,2021-10-28T06:18:15.000Z,DEC,8.900,DEC,8.900,8.900,,,,G4-169-J1EJ2MT500,169,true,1,4
17321700,a9dbf0e902da46a627cd904932091e8db890b57f-11,didyourmom,1,1.999,500,17321700,101b471a800739af3ca763a1c906b79ca516ea19,2021-10-27T06:17:45.000Z,chararatski,2,peakmonsters,1,2021-10-28T06:17:45.000Z,DEC,4.994,DEC,4.994,4.994,,,,G4-171-U80TK7ZJRK,171,true,1,4
13215638,9ea709c014cb1dae46f59cd7afd745d25e294de2-0,monstergames,1,19.337,500,13215638,101b471a800739af3ca763a1c906b79ca516ea19,2021-10-27T06:17:45.000Z,chararatski,2,peakmonsters,1,2021-10-28T06:17:45.000Z,DEC,19.337,DEC,19.337,19.337,,,,G1-18-3DGZAM23VK,18,true,400,1
10557935,7d529a0d08fc45c0e94ce46a5b286ee9ac1951a5-2,imperij4427,1,8.000,500,10557935,85d1d9014b78760885ee12969a62b09b684d1766,2021-10-21T12:21:03.000Z,chararatski,2,peakmonsters,1,2021-10-22T12:21:03.000Z,DEC,10.000,DEC,10.000,10.000,,,,C4-293-WGOI179C9C,293,false,1,4
10286972,900a7659fb8a6bb6d3420a5492dd3c81dadcc2d6-0,gungunkrishu,1,25.000,500,10286972,d34d0982943c9a762d6231355a4ec797bf8d0409,2021-10-21T12:20:33.000Z,chararatski,2,peakmonsters,1,2021-10-22T12:20:33.000Z,DEC,25.000,DEC,25.000,25.000,,,,G1-14-JNIUN6AHV4,14,true,200,1
12842776,2bc1b737007a2466443e33b6a5e5d531c6b4c7a3-49,renzovz,1,11.295,500,12842776,d34d0982943c9a762d6231355a4ec797bf8d0409,2021-10-21T12:20:33.000Z,chararatski,2,peakmonsters,1,2021-10-22T12:20:33.000Z,DEC,11.295,DEC,11.295,11.295,,,,G4-169-HYXF0C4YDC,169,true,1,4
11065669,5c27dbdb8cd5c890b896f7aa4c1a3c2ec7aba8e3-4,lucky-cards,1,29.000,500,11065669,d41ea85afc7587b05a0f555d22c3588967ff56c9,2021-10-21T12:16:42.000Z,chararatski,2,peakmonsters,1,2021-10-22T12:16:42.000Z,CREDITS,391.288,DEC,29.000,29.000,,,,G1-18-NVVCGGXPI8,18,true,400,1
16914803,fb1d045ce923ef14939f59b2c3e2d199904a0a7b-90,legendarycanary,1,30.000,500,16914803,2e1a901fc81be9e982e1cb52b51e11dcc7a70900,2021-10-21T12:16:06.000Z,chararatski,2,peakmonsters,1,2021-10-22T12:16:06.000Z,DEC,30.000,DEC,30.000,30.000,,,,G3-91-QRI6D2WYJK,91,true,200,3
14226609,e1cd659092fda59576b479dee77c35bf87c86152-0,calvinishobbes,1,32.774,500,14226609,2e1a901fc81be9e982e1cb52b51e11dcc7a70900,2021-10-21T12:16:06.000Z,chararatski,2,peakmonsters,1,2021-10-22T12:16:06.000Z,DEC,32.774,DEC,32.774,32.774,,,,G4-178-547VXENU4W,178,true,1,4
13332674,edba5c77e72e14b6d75195b4af0cccc70295351d-7,toocurious,1,9.950,500,13332674,2e1a901fc81be9e982e1cb52b51e11dcc7a70900,2021-10-21T12:16:06.000Z,chararatski,2,peakmonsters,1,2021-10-22T12:16:06.000Z,DEC,9.950,DEC,9.950,9.950,,,,G3-103-MWXC25PVR4,103,true,200,3
15866157,59c0877e444f56875f4c7258836ebe7c3353552e-24,fighter4-freedom,1,5.500,500,15866157,2e1a901fc81be9e982e1cb52b51e11dcc7a70900,2021-10-21T12:16:06.000Z,chararatski,2,peakmonsters,1,2021-10-22T12:16:06.000Z,DEC,5.500,DEC,5.500,5.500,,,,G4-171-PLNUHZU12O,171,true,1,4
15130510,c2ed25c44081a7d80766db81c045baafddfaa43d-0,farm5,1,28.000,500,15130510,766587905d0abbf61d7ab1fd5c3ab60516d5b67f,2021-10-17T00:25:27.000Z,chararatski,2,peakmonsters,1,2021-10-18T00:25:27.000Z,DEC,28.000,DEC,28.000,28.000,,,,G-UJA62GRSA8,18,true,500,0
10015242,ea3e9f6cb0e7e90526e6e6db1c9adc4eb30ea09a-12,goldninja,1,10.000,500,10015242,55035f0340472d33879bc44b21bd7a4cd09ca474,2021-10-17T00:25:00.000Z,chararatski,2,peakmonsters,1,2021-10-18T00:25:00.000Z,DEC,10.000,DEC,10.000,10.000,,,,G1-14-H9L7DLX8NK,14,true,200,1
15144586,64fa6082892df8d980ae669aa99f550d3eee3069-54,abrockman,1,19.450,500,15144586,40119ee393fbfde87b3aa99c36afaeb11910401d,2021-10-17T00:24:42.000Z,chararatski,2,peakmonsters,1,2021-10-18T00:24:42.000Z,DEC,19.450,DEC,19.450,19.450,,,,G0-12-H5KJQ6OQCW,12,true,500,0
15584209,a4ca8e7a1b7253dcb0feb57bd988f7b7de182f8c-1,lucky-cards,1,14.000,500,15584209,a0dfd2060e06f942ed64f9a80e8be7e209376503,2021-10-17T00:23:06.000Z,chararatski,2,peakmonsters,1,2021-10-18T00:23:06.000Z,DEC,14.000,DEC,14.000,14.000,,,,G3-91-6WKLIXF38W,91,true,200,3
12480963,8ad7415e04b4b128c0c6aa002e45f79ac5412444-0,bitcoinportugal,1,11.690,500,12480963,45b7de29bf166fecaad53ca381e45d9658975e24,2021-10-17T00:22:39.000Z,chararatski,2,peakmonsters,1,2021-10-18T00:22:39.000Z,DEC,11.690,DEC,11.690,11.690,,,,G3-103-LYG2OYYPPS,103,true,200,3
14330003,a0412814849aff74bc086e65fe1b8ed3ce9abcce-130,vugtis,1,49.800,500,14330003,44de9853dd83240e13fe5e633237d924dbcfc4b6,2021-10-17T00:21:33.000Z,chararatski,2,peakmonsters,1,2021-10-18T00:21:33.000Z,DEC,49.800,DEC,49.800,49.800,,,,G4-178-F0H1YCMNZ4,178,true,1,4
10269646,af2ad218e64425a6dc0640c6eca2135201087a18-15,aatrox,1,4.200,500,10269646,a622e8ce009dce1f6ecda41825fd0c3ebebdf126,2021-10-11T07:30:51.000Z,chararatski,2,peakmonsters,1,2021-10-12T07:30:51.000Z,DEC,4.200,DEC,4.200,4.200,,,,G1-12-ZTVTDLTSSW,12,true,200,1
12501507,3256f1a6b123ba6e5177182a107b1616bd212c6a-0,bitcoinportugal,1,11.840,500,12501507,534b438d7734d64f9de31fdf2919025520d26dbd,2021-10-11T07:19:33.000Z,chararatski,2,peakmonsters,1,2021-10-12T07:19:33.000Z,DEC,11.840,DEC,11.840,11.840,,,,G3-103-HPGZVJRM4W,103,true,200,3
9930264,be156599c0641a441f0f50d6ed1e685e644f4bb9-25,taug,1,9.940,500,9930264,65415b25bfbeb5028467d5cb4aea85ee719ff3ce,2021-10-11T07:16:15.000Z,chararatski,2,peakmonsters,1,2021-10-12T07:16:15.000Z,DEC,9.940,DEC,9.940,9.940,,,,G4-171-TKCQ5UVR34,171,true,1,4
15501057,ea31f633b41b33a511fc810ded97c3c183b1df1c-0,lucky-cards,1,13.900,500,15501057,5c5a5f9cdf0e583ff42a5f51d698ac6658f1cf22,2021-10-11T07:13:36.000Z,chararatski,2,peakmonsters,1,2021-10-12T07:13:36.000Z,DEC,13.900,DEC,13.900,13.900,,,,G1-14-9YLHH5S8OW,14,true,200,1