﻿id,sell_trx_id,seller,num_cards,buy_price,fee_percent,market_item_id,rental_tx,rental_date,renter,status,market_account,rental_days,next_rental_payment,payment_currency,payment_amount,escrow_currency,escrow_amount,paid_amount,cancel_tx,cancel_player,cancel_date,card_id,card_detail_id,gold,xp,edition
15182333,d4a91f413fd713db637c257a7fb5aad9b65eecd3-49,venusascending,1,7.900,500,15182333,5e738ee6881ef340d93ebb33be71492348a61c28,2021-10-30T08:32:15.000Z,buckstar,2,peakmonsters,1,2021-10-31T08:32:15.000Z,DEC,7.900,DEC,7.900,7.900,,,,C3-103-KIDUB4S84G,103,false,165,3
10947915,c092c6ef612f097bbad88c8b9675885197717303-0,scooter77,1,12.000,500,10947915,9615921e0afc00fde0fd04708e25361933befe38,2021-10-30T08:20:36.000Z,buckstar,2,peakmonsters,1,2021-10-31T08:20:36.000Z,DEC,12.000,DEC,12.000,12.000,,,,C1-14-JIWPV02QQO,14,false,165,1
16167793,d402b9f85423aebd4689963f88390e3b920c9120-9,fighter4-freedom,1,9.000,500,16167793,9615921e0afc00fde0fd04708e25361933befe38,2021-10-30T08:20:36.000Z,buckstar,2,peakmonsters,1,2021-10-31T08:20:36.000Z,DEC,9.000,DEC,9.000,9.000,,,,C4-293-APVLXCOGI8,293,false,1,4
16428114,d47f3a2d937f1bee10fe306ebc97b85b4f27d7c7-8,rerix,1,2.696,500,16428114,9615921e0afc00fde0fd04708e25361933befe38,2021-10-30T08:20:36.000Z,buckstar,2,peakmonsters,1,2021-10-31T08:20:36.000Z,DEC,2.696,DEC,2.696,2.696,,,,C4-169-1M6F4ZNM8G,169,false,5,4
12755185,d267ff89853fc70319d3a8399fb234bc0376cc27-0,sandrone,1,2.920,500,12755185,9615921e0afc00fde0fd04708e25361933befe38,2021-10-30T08:20:36.000Z,buckstar,2,peakmonsters,1,2021-10-31T08:20:36.000Z,DEC,2.920,DEC,2.920,2.920,,,,C4-171-2Z1309ZLA8,171,false,5,4
11793613,5154f8fef270cf3fddf17c0752c198bb802299ce-2,ccoin,1,14.900,500,11793613,920d3a9d1d76238c44fbac23750f5c9cafe94c62,2021-10-30T08:14:27.000Z,buckstar,2,peakmonsters,1,2021-10-31T08:14:27.000Z,DEC,14.900,DEC,14.900,14.900,,,,G3-91-C1G1VU9W2O,91,true,200,3
17167712,ab471110b4b38bc5ee45c961b94716def63f930d-15,slbrf,1,21.000,500,17167712,b53bfb634549d915e2401159903d836a01da99e1,2021-10-26T01:06:27.000Z,buckstar,2,peakmonsters,1,2021-10-27T01:06:27.000Z,DEC,21.000,DEC,21.000,21.000,,,,C1-18-LWYF7O69WW,18,false,2550,1
15905525,8d2f8dad82b82d44186840c432d117d6be4c7f05-83,moriarty95,1,10.950,500,15905525,b53bfb634549d915e2401159903d836a01da99e1,2021-10-26T01:06:27.000Z,buckstar,2,peakmonsters,1,2021-10-27T01:06:27.000Z,DEC,10.950,DEC,10.950,10.950,,,,C4-293-7QEX974C28,293,false,1,4
16203523,884c8001c544bcae75ec4781d0d62014094ad8aa-9,niallon11,1,4.140,500,16203523,c469300aa5b0cd9ffddf49bfca32198eecb5b674,2021-10-26T01:05:18.000Z,buckstar,2,peakmonsters,1,2021-10-27T01:05:18.000Z,DEC,4.140,DEC,4.140,4.140,,,,G1-12-JTCMGDU2GW,12,true,200,1
17662555,845c0acde40eb9df79f9ba6502914d777e3c5728-18,olleo,1,14.500,500,17662555,e7b13d8fe9951ccc92704780a6223a34a5408c7d,2021-10-26T01:04:51.000Z,buckstar,2,peakmonsters,1,2021-10-27T01:04:51.000Z,CREDITS,161.130,DEC,14.500,14.500,,,,G3-103-6WGM0FZPCG,103,true,200,3
17166129,f2420e9e7a0e9d1962fb8aea709b32437ebdf992-50,slbgf,1,15.000,500,17166129,e5ac7ea4f7dc75adc41dbb13adb744320d625999,2021-10-26T01:03:06.000Z,buckstar,2,peakmonsters,1,2021-10-27T01:03:06.000Z,DEC,15.000,DEC,15.000,15.000,,,,G1-14-RIEJVNURLS,14,true,400,1
9401423,8a3a4f86a28d2d29cfb4cc5f9e1ff4daf95f3eeb-57,rareraptor,1,7.000,500,9401423,e5ac7ea4f7dc75adc41dbb13adb744320d625999,2021-10-26T01:03:06.000Z,buckstar,2,peakmonsters,1,2021-10-27T01:03:06.000Z,DEC,7.000,DEC,7.000,7.000,,,,G4-169-9EOEGMNZY8,169,true,9,4
15619829,2b2a9dd7806a4b88e4c0ded723bd77b43c25ee92-11,wargames,1,44.900,500,15619829,e5ac7ea4f7dc75adc41dbb13adb744320d625999,2021-10-26T01:03:06.000Z,buckstar,2,peakmonsters,1,2021-10-27T01:03:06.000Z,DEC,44.900,DEC,44.900,44.900,,,,G4-178-9M8Z6GSZXC,178,true,1,4
17662454,fbc2cfb89efa4eb67dee93e3320b6ebcf2ad8ca1-0,aykaco,1,22.000,500,17662454,e5ac7ea4f7dc75adc41dbb13adb744320d625999,2021-10-26T01:03:06.000Z,buckstar,2,peakmonsters,1,2021-10-27T01:03:06.000Z,DEC,22.000,DEC,22.000,22.000,,,,G3-91-KZCLVZO5TC,91,true,200,3
10444071,eef61fbfcaa2fd24d7adeb0e43ee2bda956f5a4f-0,ivansnz,1,7.000,500,10444071,89819c884fe56d22800af13355674e469b6c4291,2021-10-21T11:55:30.000Z,buckstar,2,peakmonsters,1,2021-10-22T11:55:30.000Z,DEC,7.000,DEC,7.000,7.000,,,,C3-91-W13CFCUP68,91,false,165,3
11653234,2c7c4a0fb52ef1018c08cb2f627f722bd0370f9f-0,dexent,1,15.000,500,11653234,6a7e609d430269c8c2f89767ae50d4284657f8c7,2021-10-21T11:55:06.000Z,buckstar,2,peakmonsters,1,2021-10-22T11:55:06.000Z,DEC,15.000,DEC,15.000,15.000,,,,C1-14-SEIUBSTDOG,14,false,270,1
11468218,7daa5e05cce6fd5ae756ae6eca0296534895fcf6-7,monstergames,1,8.166,500,11468218,4d7d493625c190f437b525e8794529d88f6cfae4,2021-10-21T11:53:12.000Z,buckstar,2,peakmonsters,1,2021-10-22T11:53:12.000Z,DEC,8.166,DEC,8.166,8.166,,,,G1-12-ZPLU9PV85S,12,true,200,1
13957382,2cad69159fa87198abd17ac96585f295eee30d52-0,onefatindian,1,9.500,500,13957382,39aa70fc311622caf302c9647e689a37757e848a,2021-10-21T11:52:06.000Z,buckstar,2,peakmonsters,1,2021-10-22T11:52:06.000Z,DEC,9.500,DEC,9.500,9.500,,,,G3-103-YNQN9PW3YO,103,true,200,3
11742399,697c6531f037616ec67d7ec3f8285f195d64e2ac-5,janoshik,1,78.900,500,11742399,a2f10fbff5613504eebefcfff1cf94c9254fd620,2021-10-21T11:47:09.000Z,buckstar,2,peakmonsters,1,2021-10-22T11:47:09.000Z,DEC,78.900,DEC,78.900,78.900,,,,G4-178-HDG8ZYWQ34,178,true,1,4
15032085,27deb1134ebb155e7adc9ce32ac3ff8028f81cfe-4,velourex.rentals,1,24.850,500,15032085,86b6a74a5c2702d5ce6eeb0f5982f19ebeb64db3,2021-10-16T23:21:15.000Z,buckstar,2,peakmonsters,1,2021-10-17T23:21:15.000Z,DEC,24.850,DEC,24.850,24.850,,,,C1-14-0R71UGU40W,14,false,360,1
10760288,c675965977e735207478ac649651003236b35e88-0,popsiclezone,1,8.000,500,10760288,46676f654bec0096d4a9a3e2547a8894a2a42e34,2021-10-16T23:19:39.000Z,buckstar,2,peakmonsters,1,2021-10-17T23:19:39.000Z,DEC,10.000,DEC,10.000,10.000,,,,C4-293-I7Z98QE70W,293,false,1,4
11593672,8c5700c5e2a5ac139904a73d04e46cafa4bee064-0,ewkaw,1,13.000,500,11593672,1385515302c46b14ebe753f60db56a62f9c728ba,2021-10-16T23:18:12.000Z,buckstar,2,peakmonsters,1,2021-10-17T23:18:12.000Z,DEC,13.000,DEC,13.000,13.000,,,,C3-91-8GGIS22WZK,91,false,765,3
11979694,3fc1553f40b4a1c500dcbaa0f57aa62c111e2011-0,felander,1,20.662,500,11979694,71067f21daad4f01b7110f6ec61c74094610d133,2021-10-16T23:16:54.000Z,buckstar,2,peakmonsters,1,2021-10-17T23:16:54.000Z,DEC,20.662,DEC,20.662,20.662,,,,C1-18-D5G82NIYK0,18,false,1650,1
15126275,4d185a266942c80eeec04cd88af0b929f9db185a-0,dw-glgsy112321s,1,9.830,500,15126275,463b6f7fda2d436b0f473306bcf2819979616b21,2021-10-16T23:14:42.000Z,buckstar,2,peakmonsters,1,2021-10-17T23:14:42.000Z,DEC,9.830,DEC,9.830,9.830,,,,G3-103-GXYJ271AS0,103,true,200,3
16432673,2fa0d086b6e01711f9748fd60ca174e6c984d946-0,victor-alexander,1,88.000,500,16432673,b756a61759a6baeb1ed3f47351bead7b9ad54afe,2021-10-16T23:14:03.000Z,buckstar,2,peakmonsters,1,2021-10-17T23:14:03.000Z,DEC,88.000,DEC,88.000,88.000,,,,G4-178-F7ZOWHAGW0,178,true,1,4
10905224,f6997283b964df2a8c7f191fe838f41f49af6e09-0,grosh,1,7.450,500,10905224,38f9de7e9988d4a30d360ee56b9742bed70dff49,2021-10-14T02:01:15.000Z,buckstar,2,peakmonsters,1,2021-10-15T02:01:15.000Z,DEC,23.500,DEC,23.500,23.500,,,,C-0D8HISK0J4,18,false,100,0
10866161,df6c14a86b652eb0b0e443d4787b4385e60fd005-0,ora-et-labora,1,37.000,500,10866161,347d505a27ece741b94658636bcab91f3f85b0e5,2021-10-14T02:00:12.000Z,buckstar,2,peakmonsters,1,2021-10-15T02:00:12.000Z,DEC,37.000,DEC,37.000,37.000,,,,C3-131-1CTDML9LZK,131,false,750,3
15864588,d11a8fa5e25ecf24d3bc46b5cd7dccc5dfa80973-6,fighter4-freedom,1,14.000,500,15864588,202f3d4de40b862a0224df761c365785b638038f,2021-10-14T01:55:15.000Z,buckstar,2,peakmonsters,1,2021-10-15T01:55:15.000Z,DEC,14.000,DEC,14.000,14.000,,,,G3-91-NHR4M19H0G,91,true,200,3
10310705,de2a1d584f014f043dfec9f24593a50b76b2b53d-0,farm4,1,12.000,500,10310705,3ff6e427e41267a073b0658e1ba4cec882df5598,2021-10-14T01:53:15.000Z,buckstar,2,peakmonsters,1,2021-10-15T01:53:15.000Z,DEC,12.000,DEC,12.000,12.000,,,,G1-14-Z5VPA9P49S,14,true,200,1
11633582,7800cd8020019366c43e48c197c81e18a8936778-53,bitcoinsig,1,5.100,500,11633582,3ff6e427e41267a073b0658e1ba4cec882df5598,2021-10-14T01:53:15.000Z,buckstar,2,peakmonsters,1,2021-10-15T01:53:15.000Z,DEC,5.100,DEC,5.100,5.100,,,,G4-171-ZRN79W16V4,171,true,1,4
10600966,350d95884e96566481d7e4f260f753633b490b23-74,namelessnameless,1,9.844,500,10600966,3ff6e427e41267a073b0658e1ba4cec882df5598,2021-10-14T01:53:15.000Z,buckstar,2,peakmonsters,1,2021-10-15T01:53:15.000Z,DEC,9.844,DEC,9.844,9.844,,,,G3-103-61E6ACOORK,103,true,200,3
15258550,4f6dfaa0ecb0016b8a1e696dee0ce0e565c8312c-3,americaman,1,34.850,500,15258550,92c27c0dd3fbd432f3b412fae70c5bea240391ac,2021-10-09T22:42:54.000Z,buckstar,2,peakmonsters,1,2021-10-10T22:42:54.000Z,DEC,34.850,DEC,34.850,34.850,,,,C3-131-EGP6DH2AG0,131,false,4500,3
12919001,3e5e5f62ba7122b473f1f702426c072d3aee6dec-1,snarec,1,6.800,500,12919001,56bc9ee882ac3ef54846b0450be8fd711766d77c,2021-10-09T22:41:27.000Z,buckstar,2,peakmonsters,1,2021-10-10T22:41:27.000Z,DEC,6.800,DEC,6.800,6.800,,,,C3-91-0JBKCJQ5O0,91,false,165,3
15317965,228f8510e926f112a50ef15cd7a0652e24f4ae44-0,machv,1,3.700,500,15317965,b843f9f4d409d7a60d403aa53034b11f4f86afdc,2021-10-09T22:40:03.000Z,buckstar,2,peakmonsters,1,2021-10-10T22:40:03.000Z,DEC,3.700,DEC,3.700,3.700,,,,C3-103-8G9KCD1PFK,103,false,60,3
9467399,dbb59193d04d7fd76cf3803f4f0eacad96826c26-90,smalp,1,4.315,500,9467399,10870ad5f3273b66a7fe9f8c622749f0854d0b04,2021-10-09T22:38:12.000Z,buckstar,2,peakmonsters,1,2021-10-10T22:38:12.000Z,DEC,4.315,DEC,4.315,4.315,,,,C4-169-VH02A7JZZK,169,false,100,4
11653234,2c7c4a0fb52ef1018c08cb2f627f722bd0370f9f-0,dexent,1,15.000,500,11653234,b94340ecfe964c1b8dca5277f3a9807a693c7bcb,2021-10-09T22:37:36.000Z,buckstar,2,peakmonsters,1,2021-10-10T22:37:36.000Z,DEC,15.000,DEC,15.000,15.000,,,,C1-14-SEIUBSTDOG,14,false,270,1
14899395,9f6e0aae034f01c77c44bf38ae24db89ce7ee09c-5,jarvie,1,5.350,500,14899395,06e2a570834eb645108730268a5dfa96ad85f128,2021-10-09T22:37:09.000Z,buckstar,2,peakmonsters,1,2021-10-10T22:37:09.000Z,DEC,5.350,DEC,5.350,5.350,,,,C1-12-FCQC5EAXCG,12,false,360,1
14330010,a0412814849aff74bc086e65fe1b8ed3ce9abcce-137,vugtis,1,49.800,500,14330010,145dd2a56d73bb262ed679071e9b181e813ec078,2021-10-09T22:36:03.000Z,buckstar,2,peakmonsters,1,2021-10-10T22:36:03.000Z,DEC,49.800,DEC,49.800,49.800,,,,G4-178-YQLKZDGCGW,178,true,1,4