﻿id,sell_trx_id,seller,num_cards,buy_price,fee_percent,market_item_id,rental_tx,rental_date,renter,status,market_account,rental_days,next_rental_payment,payment_currency,payment_amount,escrow_currency,escrow_amount,paid_amount,cancel_tx,cancel_player,cancel_date,card_id,card_detail_id,gold,xp,edition
16167770,3c86a274695bd77ffef4c8e832a218f20c76d00c-6,fighter4-freedom,1,10.000,500,16167770,a67c836dfe800ae76e1c8ca7ab6276c3845ca4e9,2021-10-31T09:37:39.000Z,chararats,2,peakmonsters,1,2021-11-01T09:37:39.000Z,DEC,10.000,DEC,10.000,10.000,,,,C4-293-3IOUO051SW,293,false,1,4
11466142,3165c41f4ec92942293be31ccf3fb99b2b8733aa-0,sm-trader,1,5.000,500,11466142,d23f286d664d79521ad4067a19393f27ffff6abf,2021-10-31T09:36:51.000Z,chararats,2,peakmonsters,1,2021-11-01T09:36:51.000Z,DEC,5.000,DEC,5.000,5.000,,,,G4-169-HOIE2GZ628,169,true,1,4
10183600,dd0a4b20c4b54ab316455677bc23c968e476543c-1,digital-fortress,1,9.944,500,10183600,d23f286d664d79521ad4067a19393f27ffff6abf,2021-10-31T09:36:51.000Z,chararats,2,peakmonsters,1,2021-11-01T09:36:51.000Z,DEC,9.944,DEC,9.944,9.944,,,,G3-103-GQCOC8PSC0,103,true,200,3
10458624,44bc499c2fba66bf9db45fe208285b29c69cc761-8,cyguy,1,19.700,500,10458624,34325c195ca16eb6cdf94ba09ce44ecfe3a4bbb5,2021-10-31T09:35:54.000Z,chararats,2,peakmonsters,1,2021-11-01T09:35:54.000Z,DEC,19.700,DEC,19.700,19.700,,,,G1-18-KC7965D4IO,18,true,400,1
11065849,b62c823218efffa880e78dd25d38e87881ddab1e-2,lucky-cards,1,14.000,500,11065849,34325c195ca16eb6cdf94ba09ce44ecfe3a4bbb5,2021-10-31T09:35:54.000Z,chararats,2,peakmonsters,1,2021-11-01T09:35:54.000Z,DEC,14.000,DEC,14.000,14.000,,,,G4-178-WZTPJHSP4W,178,true,1,4
10015239,ea3e9f6cb0e7e90526e6e6db1c9adc4eb30ea09a-9,goldninja,1,10.000,500,10015239,34325c195ca16eb6cdf94ba09ce44ecfe3a4bbb5,2021-10-31T09:35:54.000Z,chararats,2,peakmonsters,1,2021-11-01T09:35:54.000Z,DEC,10.000,DEC,10.000,10.000,,,,G1-14-5X7VIO708W,14,true,200,1
11463744,d977167ae92fd8b4e5f338fbcf01bb70c2fb1c5b-0,monstergames,1,3.273,500,11463744,34325c195ca16eb6cdf94ba09ce44ecfe3a4bbb5,2021-10-31T09:35:54.000Z,chararats,2,peakmonsters,1,2021-11-01T09:35:54.000Z,DEC,3.273,DEC,3.273,3.273,,,,G4-171-ZI1DL2RP28,171,true,1,4
11949164,e4f9a479143fb205586287c5614d55cdc51ae428-2,gfriend96,1,30.559,500,11949164,34325c195ca16eb6cdf94ba09ce44ecfe3a4bbb5,2021-10-31T09:35:54.000Z,chararats,2,peakmonsters,1,2021-11-01T09:35:54.000Z,DEC,30.559,DEC,30.559,30.559,,,,G3-131-6FJ11HHB5S,131,true,400,3
15909792,eeae160366b6db7e71b143c98862dc78d8e84039-28,moriarty95,1,14.850,500,15909792,34325c195ca16eb6cdf94ba09ce44ecfe3a4bbb5,2021-10-31T09:35:54.000Z,chararats,2,peakmonsters,1,2021-11-01T09:35:54.000Z,DEC,14.850,DEC,14.850,14.850,,,,G3-91-M4NVJXFGW0,91,true,200,3
18345805,fe406bcdfde8585819ad132737ff3723bf08737b-18,steemdiamond,1,6.568,500,18345805,34325c195ca16eb6cdf94ba09ce44ecfe3a4bbb5,2021-10-31T09:35:54.000Z,chararats,2,peakmonsters,1,2021-11-01T09:35:54.000Z,DEC,6.568,DEC,6.568,6.568,,,,G1-12-8Z4P8SAWOG,12,true,200,1
11608937,7ad5a2407e57b8f62937269650e3be4e8f341f3d-0,giker,1,9.850,500,11608937,c23f9de687b55f8a51506fd6429c15b87de813b5,2021-10-27T06:22:36.000Z,chararats,2,peakmonsters,1,2021-10-28T06:22:36.000Z,DEC,9.850,DEC,9.850,9.850,,,,C4-293-3NMUZBKBC0,293,false,1,4
17777456,4b6dd4bd57e0e383c6eb88d505deb1b9308c961f-76,olleo,1,47.950,500,17777456,842cb1193450ceb862ac007caf5edcbd59dcb45a,2021-10-27T06:22:15.000Z,chararats,2,peakmonsters,1,2021-10-28T06:22:15.000Z,DEC,47.950,DEC,47.950,47.950,,,,G1-18-8CQ3CG5ZXS,18,true,400,1
10025164,c6c4b19f1cd38ed68ad90885462bcb979e3d2033-2,d-pend,1,13.750,500,10025164,f361132ade55bf3fb94358b0dc77767bae770a39,2021-10-27T06:21:54.000Z,chararats,2,peakmonsters,1,2021-10-28T06:21:54.000Z,DEC,13.750,DEC,13.750,13.750,,,,G3-91-V84P16ZC4G,91,true,200,3
10543891,a193fb8421efc6a57a49393f8b121edca6371f8b-47,sonniwins,1,3.850,500,10543891,f361132ade55bf3fb94358b0dc77767bae770a39,2021-10-27T06:21:54.000Z,chararats,2,peakmonsters,1,2021-10-28T06:21:54.000Z,DEC,3.850,DEC,3.850,3.850,,,,G4-169-T5AK9W1VQ8,169,true,1,4
14373855,ea0f74ae13cb14474aabbe063c2e2116923e2075-0,sacred-agent,1,19.888,500,14373855,0753582695cb85473d7cbf4ca0ff13c2b7247f4c,2021-10-27T06:21:30.000Z,chararats,2,peakmonsters,1,2021-10-28T06:21:30.000Z,DEC,19.888,DEC,19.888,19.888,,,,G1-14-6IPFIBHGZ4,14,true,200,1
17321732,a9dbf0e902da46a627cd904932091e8db890b57f-43,didyourmom,1,1.999,500,17321732,0753582695cb85473d7cbf4ca0ff13c2b7247f4c,2021-10-27T06:21:30.000Z,chararats,2,peakmonsters,1,2021-10-28T06:21:30.000Z,DEC,4.994,DEC,4.994,4.994,,,,G4-171-GKGY0CMT3K,171,true,1,4
15866195,355ef27045948e5d1762e1edd53fd3845eb1253e-5,fighter4-freedom,1,35.000,500,15866195,0753582695cb85473d7cbf4ca0ff13c2b7247f4c,2021-10-27T06:21:30.000Z,chararats,2,peakmonsters,1,2021-10-28T06:21:30.000Z,DEC,35.000,DEC,35.000,35.000,,,,G4-178-S214173D74,178,true,1,4
10317973,e9d1de8c53fc57ef93c5699daad0c0c4bf74be43-85,rce,1,9.549,500,10317973,b364f9c9cbd201472c59a175569bbc0707883263,2021-10-21T12:14:24.000Z,chararats,2,peakmonsters,1,2021-10-22T12:14:24.000Z,DEC,15.739,DEC,15.739,15.739,,,,C3-91-8HHVRRL4XC,91,false,765,3
15017311,271c910a15f58ef969fd5029d8d615cc612f8da8-107,rce,1,5.900,500,15017311,b364f9c9cbd201472c59a175569bbc0707883263,2021-10-21T12:14:24.000Z,chararats,2,peakmonsters,1,2021-10-22T12:14:24.000Z,DEC,9.900,DEC,9.900,9.900,,,,C4-293-7SGDTJ7MQ8,293,false,1,4
10402662,aa35682d46bee350e65584176509903a061f01ae-1,d-pend,1,17.900,500,10402662,0b42755dd016ad5f9642884f5fda588bf7187b36,2021-10-21T12:13:42.000Z,chararats,2,peakmonsters,1,2021-10-22T12:13:42.000Z,DEC,17.900,DEC,17.900,17.900,,,,C1-14-ZJOIN559FK,14,false,60,1
11747737,8151d5f5e366c408078665917f17061ef87941e6-0,sharkmonsters,1,3.450,500,11747737,d9fa073cd27ad8ac15066de20f7c17156b202ec9,2021-10-21T12:13:15.000Z,chararats,2,peakmonsters,1,2021-10-22T12:13:15.000Z,DEC,4.350,DEC,4.350,4.350,,,,C1-12-DDIUWADAAO,12,false,165,1
15866081,7c9f9025de291db24b404ba55eb6bfe85703094d-3,fighter4-freedom,1,8.000,500,15866081,d0d3b9e9ba1285f772e3bd093c85558a569316ee,2021-10-21T12:12:45.000Z,chararats,2,peakmonsters,1,2021-10-22T12:12:45.000Z,DEC,8.000,DEC,8.000,8.000,,,,G4-169-8KM6H64OU8,169,true,1,4
15866158,59c0877e444f56875f4c7258836ebe7c3353552e-25,fighter4-freedom,1,5.500,500,15866158,85067299a6c3444c98c27438c85c3034ae67eeeb,2021-10-21T12:10:27.000Z,chararats,2,peakmonsters,1,2021-10-22T12:10:27.000Z,DEC,5.500,DEC,5.500,5.500,,,,G4-171-PU97S3RLMO,171,true,1,4
16918860,447c8ea84ec85f17c04fed6289aa8ff7e53525e9-0,invcble,1,32.000,500,16918860,85067299a6c3444c98c27438c85c3034ae67eeeb,2021-10-21T12:10:27.000Z,chararats,2,peakmonsters,1,2021-10-22T12:10:27.000Z,DEC,32.000,DEC,32.000,32.000,,,,G4-178-ZWAY80G5U8,178,true,1,4
10317973,e9d1de8c53fc57ef93c5699daad0c0c4bf74be43-85,rce,1,9.549,500,10317973,034bd7f7683103a0f67b9377f5b9c7245193143d,2021-10-17T00:20:45.000Z,chararats,2,peakmonsters,1,2021-10-18T00:20:45.000Z,DEC,15.739,DEC,15.739,15.739,,,,C3-91-8HHVRRL4XC,91,false,765,3
10311337,abab5a2d80f7c88eda3b94e5ee636d38c09db4ac-0,farm5,1,15.000,500,10311337,16b850164e02838dfbff3802dbe631afb0667e8b,2021-10-17T00:20:18.000Z,chararats,2,peakmonsters,1,2021-10-18T00:20:18.000Z,DEC,15.000,DEC,15.000,15.000,,,,G1-14-KA8RHE6HW0,14,true,200,1
16167774,3c86a274695bd77ffef4c8e832a218f20c76d00c-10,fighter4-freedom,1,10.000,500,16167774,00e100b631a8c57fe970ded355228632596189f8,2021-10-17T00:19:06.000Z,chararats,2,peakmonsters,1,2021-10-18T00:19:06.000Z,DEC,10.000,DEC,10.000,10.000,,,,C4-293-55BASEOGTS,293,false,1,4
15939899,26dde204491808e2436bcb89ff920ca304d89255-1,blindinglight,1,12.672,500,15939899,ab27afe6a1fa476747eccdb7aa6c8be9d8610518,2021-10-16T23:46:30.000Z,chararats,2,peakmonsters,1,2021-10-17T23:46:30.000Z,DEC,12.672,DEC,12.672,12.672,,,,G3-103-ACY9JT2TXC,103,true,200,3
9309107,41184f79ef454fd3edea428e3be15320f9cb630c-55,smalp,1,24.386,500,9309107,d2376cb6809f6595a89f3dd1b9fb753093ed50d0,2021-10-16T23:45:54.000Z,chararats,2,peakmonsters,1,2021-10-17T23:45:54.000Z,DEC,24.386,DEC,24.386,24.386,,,,G1-18-HBCRYA83JK,18,true,800,1
15909969,71e63f5151ec917998112d139967de08280bac54-65,moriarty95,1,49.700,500,15909969,4c4768caf953111302e5fad9006593c7b65f4c75,2021-10-16T23:44:09.000Z,chararats,2,peakmonsters,1,2021-10-17T23:44:09.000Z,DEC,49.700,DEC,49.700,49.700,,,,G4-178-DC1M7BASRK,178,true,1,4
15712429,2feaa7db50903d1dcdb855eb77801415d2c60a04-23,drickcrypto,1,52.000,500,15712429,ecd83e204a553ffccbf1647dfded5d00eb89e86e,2021-10-11T07:05:15.000Z,chararats,2,peakmonsters,1,2021-10-12T07:05:15.000Z,DEC,52.000,DEC,52.000,52.000,,,,C4-178-51T8HZ2COG,178,false,5,4
11207743,d4d96809248aef8a5e1f3b2936c24d6677293f4c-109,smalp,1,19.950,500,11207743,d0744ac155d25ca4fee50d09417102513ad070af,2021-10-11T07:01:45.000Z,chararats,2,peakmonsters,1,2021-10-12T07:01:45.000Z,DEC,19.950,DEC,19.950,19.950,,,,G3-91-QAHQ0Y5BTS,91,true,200,3
11378867,da55cf0141d4d0f0a3088139196910c795dd47c3-2,davemccoy,1,26.733,500,11378867,3806eb373dc227232a26fcd1efa9b058fac15f6f,2021-10-11T06:53:42.000Z,chararats,2,peakmonsters,1,2021-10-12T06:53:42.000Z,DEC,26.733,DEC,26.733,26.733,,,,G1-14-RA8OU2RN1S,14,true,200,1
15887763,168711b8e42e48bd100fc56cf0d2d76a9fdbdf6d-29,mercurial9,1,3.250,500,15887763,2b02b489d52e0f12abfe8e522a19f239ce844c44,2021-10-11T06:51:45.000Z,chararats,2,peakmonsters,1,2021-10-12T06:51:45.000Z,DEC,4.950,DEC,4.950,4.950,,,,G4-171-EWUJ66S8WW,171,true,1,4
10081535,49885793a4b7c57078a0fce44ad4f7149857c853-0,katrina-ariel,1,10.000,500,10081535,fe74056fa9e2d7b52e29308a313cadab0d5aeff1,2021-10-11T06:49:00.000Z,chararats,2,peakmonsters,1,2021-10-12T06:49:00.000Z,DEC,10.000,DEC,10.000,10.000,,,,C3-103-4MSNHT321S,103,false,30,3