﻿id,sell_trx_id,seller,num_cards,buy_price,fee_percent,market_item_id,rental_tx,rental_date,renter,status,market_account,rental_days,next_rental_payment,payment_currency,payment_amount,escrow_currency,escrow_amount,paid_amount,cancel_tx,cancel_player,cancel_date,card_id,card_detail_id,gold,xp,edition
15939900,26dde204491808e2436bcb89ff920ca304d89255-2,blindinglight,1,12.672,500,15939900,b4892bb68368f6bfcdb72c588455a5bfb750b619,2021-11-01T03:52:00.000Z,buckline,2,peakmonsters,1,2021-11-02T03:52:00.000Z,DEC,12.672,DEC,12.672,12.672,,,,G3-103-JBDQ6B5DVK,103,true,200,3
10188901,8350901886cfc547eca0420d23e9fd13918f4767-4,digital-fortress,1,9.899,500,10188901,bebee0fa2493302ded865349575c7634e14b7e2f,2021-11-01T03:50:24.000Z,buckline,2,peakmonsters,1,2021-11-02T03:50:24.000Z,DEC,9.899,DEC,9.899,9.899,,,,C4-293-ZULFXE0EDC,293,false,1,4
15776920,2f77cd3b7e333a4d62357562829ce6c382566685-0,dymaster,1,48.880,500,15776920,72e211640cbaa82a3107efc21bd3acedee0ede08,2021-11-01T03:46:39.000Z,buckline,2,peakmonsters,1,2021-11-02T03:46:39.000Z,DEC,48.880,DEC,48.880,48.880,,,,G1-18-LSAGXLLPG0,18,true,400,1
10367435,d97af5301887fab7ec0a86c60d74b4f6aedf1eb0-41,the10legmulti,1,3.690,500,10367435,24019a829934994b7b131c0e679e0a33c4cd6a52,2021-11-01T03:46:15.000Z,buckline,2,peakmonsters,1,2021-11-02T03:46:15.000Z,DEC,3.690,DEC,3.690,3.690,,,,G4-171-JW7AB9WD4G,171,true,1,4
18264640,8c7aa6c31673fd9bc0af7935d2ae67378ef7f7e5-73,herons-unlimited,1,26.000,500,18264640,24019a829934994b7b131c0e679e0a33c4cd6a52,2021-11-01T03:46:15.000Z,buckline,2,peakmonsters,1,2021-11-02T03:46:15.000Z,DEC,26.000,DEC,26.000,26.000,,,,G3-131-D8QGBZ25I8,131,true,400,3
11207748,d4d96809248aef8a5e1f3b2936c24d6677293f4c-114,smalp,1,14.950,500,11207748,24019a829934994b7b131c0e679e0a33c4cd6a52,2021-11-01T03:46:15.000Z,buckline,2,peakmonsters,1,2021-11-02T03:46:15.000Z,DEC,14.950,DEC,14.950,14.950,,,,G3-91-TS7P6JH9O0,91,true,200,3
10496918,17300276c49e544fdd620cdc5d2d164ca994eb5a-4,cyguy,1,4.698,500,10496918,d8a45ce402988dad5d29a992be4808c7561b2c6a,2021-11-01T03:45:00.000Z,buckline,2,peakmonsters,1,2021-11-02T03:45:00.000Z,DEC,4.698,DEC,4.698,4.698,,,,G1-12-Y0TS10FZWW,12,true,200,1
18288898,1409a8796db745053db133ea2c6e59246f935ac8-0,cis9984,1,7.600,500,18288898,d8a45ce402988dad5d29a992be4808c7561b2c6a,2021-11-01T03:45:00.000Z,buckline,2,peakmonsters,1,2021-11-02T03:45:00.000Z,DEC,7.600,DEC,7.600,7.600,,,,G4-169-4IWQSS4ISW,169,true,1,4
10332223,f2b73d821099eea1817899b07e75f221c1489845-3,fighter4-freedom,1,17.000,500,10332223,d8a45ce402988dad5d29a992be4808c7561b2c6a,2021-11-01T03:45:00.000Z,buckline,2,peakmonsters,1,2021-11-02T03:45:00.000Z,DEC,17.000,DEC,17.000,17.000,,,,G1-14-I6XIK909NK,14,true,200,1
15679374,bc271b627013de747bffaa671c06aefc2e43a138-14,deezrentals,1,43.900,500,15679374,d8a45ce402988dad5d29a992be4808c7561b2c6a,2021-11-01T03:45:00.000Z,buckline,2,peakmonsters,1,2021-11-02T03:45:00.000Z,DEC,43.900,DEC,43.900,43.900,,,,G4-178-58I12YI8G0,178,true,1,4