﻿id,sell_trx_id,seller,num_cards,buy_price,fee_percent,market_item_id,rental_tx,rental_date,renter,status,market_account,rental_days,next_rental_payment,payment_currency,payment_amount,escrow_currency,escrow_amount,paid_amount,cancel_tx,cancel_player,cancel_date,card_id,card_detail_id,gold,xp,edition
18512159,c59a3a9dd63faafea6e89ec328afb43c50513f8d-37,slbgf,1,5.000,500,18512159,298944864d39e59f16fd490081c5e93cb8265e4d,2021-11-02T15:07:48.000Z,bluefiery,1,peakmonsters,1,2021-11-03T15:07:48.000Z,DEC,5.000,DEC,5.000,5.000,,,,G1-12-NOIN2V0568,12,true,400,1
16004728,9e020c57b71398e23f97fa525b56b996db1962aa-0,pi1,1,50.000,500,16004728,8f934843ba18829f9f7fc735bbd7c88f44cda569,2021-11-02T15:07:21.000Z,bluefiery,1,peakmonsters,1,2021-11-03T15:07:21.000Z,DEC,50.000,DEC,50.000,50.000,,,,G3-131-QT57JVJIBK,131,true,400,3
9880725,59239f0be12e0c211ac1371105d8a7cfde7de27c-11,foggybottom,1,7.145,500,9880725,2ea61ae2f4dc63a16c73a1276f124321450c6aca,2021-11-02T15:06:39.000Z,bluefiery,1,peakmonsters,1,2021-11-03T15:06:39.000Z,DEC,7.145,DEC,7.145,7.145,,,,G3-91-LNU17A6PJ4,91,true,200,3
17100794,5c0314b2d8f9a5265766a1254488f3c75b1887ab-2,rtron86,1,19.104,500,17100794,767eca1a6ae29714c0f2a19369b50943ea2ac900,2021-11-02T15:06:12.000Z,bluefiery,1,peakmonsters,1,2021-11-03T15:06:12.000Z,DEC,19.104,DEC,19.104,19.104,,,,G3-91-5DAM21EDTS,91,true,400,3
15495283,609ca27c61b282c17e53ffc75e8baf0a8cca86c7-1,wer-gewinnt,1,9.748,500,15495283,a79a0bb774c0727cdddd177be1bbf606583a31ac,2021-11-02T15:05:27.000Z,bluefiery,1,peakmonsters,1,2021-11-03T15:05:27.000Z,DEC,9.748,DEC,9.748,9.748,,,,C4-293-ZK6ZEPP1AO,293,false,1,4
10914046,439e17b6d09ef01efd31399eb8adaa1e78ee1b72-0,d-pend,1,12.990,500,10914046,55d411674a289f20dec2f545195665fcf7e48dd9,2021-11-02T15:04:03.000Z,bluefiery,1,peakmonsters,1,2021-11-03T15:04:03.000Z,DEC,12.990,DEC,12.990,12.990,,,,G3-103-6X3P13S95S,103,true,200,3
10345155,e11aacf0934d95a976abffc57a90a8c07cd9c36f-0,gregory-f,1,12.850,500,10345155,2a82039b9d802f2b3103e218f93d6ad66e9aecb9,2021-11-02T15:03:18.000Z,bluefiery,1,peakmonsters,1,2021-11-03T15:03:18.000Z,DEC,12.850,DEC,12.850,12.850,,,,G1-14-SLZEAH2VS0,14,true,200,1
18508385,d9c7456b7ac2ef12191e5d239708187f92d5e243-3,matt-dub,1,19.900,500,18508385,fc26ce1d51ad8c546b97691cddf97fd5157d1d71,2021-11-02T15:02:42.000Z,bluefiery,1,peakmonsters,1,2021-11-03T15:02:42.000Z,DEC,19.900,DEC,19.900,19.900,,,,G1-18-I1P8UHIYFK,18,true,400,1
14226609,e1cd659092fda59576b479dee77c35bf87c86152-0,calvinishobbes,1,32.774,500,14226609,7a1390413f5065476cf7c362cd24dcd56b9919ff,2021-11-02T15:01:57.000Z,bluefiery,1,peakmonsters,1,2021-11-03T15:01:57.000Z,DEC,32.774,DEC,32.774,32.774,,,,G4-178-547VXENU4W,178,true,1,4
18509797,2180739c362fe85682dda2b4c19e99e5fcb20f8c-114,matt-dub,1,3.700,500,18509797,361939778121cdf4e9ca0a02a93ec1a872835520,2021-11-02T15:01:24.000Z,bluefiery,1,peakmonsters,1,2021-11-03T15:01:24.000Z,DEC,3.700,DEC,3.700,3.700,,,,G4-169-HU3X59LRMO,169,true,1,4