﻿id,sell_trx_id,seller,num_cards,buy_price,fee_percent,market_item_id,rental_tx,rental_date,renter,status,market_account,rental_days,next_rental_payment,payment_currency,payment_amount,escrow_currency,escrow_amount,paid_amount,cancel_tx,cancel_player,cancel_date,card_id,card_detail_id,gold,xp,edition
13078621,911c1d224985c0dc006b1cfa363bf381c704739d-20,oligel,1,13.900,500,13078621,46ebc6a31e5197ce83c3ea3aa33715c3faccef98,2021-11-01T04:27:00.000Z,chararatsum,2,peakmonsters,1,2021-11-02T04:27:00.000Z,DEC,13.900,DEC,13.900,13.900,,,,C3-91-6RS9Q5ITCW,91,false,765,3
16230387,a8d7c5fda13834703379e247896ab2c9f45b17ba-14,swarminvestment,1,9.750,500,16230387,1885145acb52a0ba6b9efff3ca0b014fc392fa8f,2021-11-01T04:09:39.000Z,chararatsum,2,peakmonsters,1,2021-11-02T04:09:39.000Z,DEC,9.750,DEC,9.750,9.750,,,,C4-293-VQC9TIOACG,293,false,1,4
17167712,ab471110b4b38bc5ee45c961b94716def63f930d-15,slbrf,1,21.000,500,17167712,1885145acb52a0ba6b9efff3ca0b014fc392fa8f,2021-11-01T04:09:39.000Z,chararatsum,2,peakmonsters,1,2021-11-02T04:09:39.000Z,DEC,21.000,DEC,21.000,21.000,,,,C1-18-LWYF7O69WW,18,false,2550,1
9893817,d2768948db1e1866ba8682251178c0992278511a-7,masterthematrix,1,7.900,500,9893817,7bd7c69cfdc7043b7b7ec2042e192ecaa487c382,2021-11-01T04:03:54.000Z,chararatsum,2,peakmonsters,1,2021-11-02T04:03:54.000Z,DEC,7.900,DEC,7.900,7.900,,,,G3-103-XE8TQFCIE8,103,true,200,3
11703030,bd59c7a10d86a92198cc867a6357634908b2c05b-0,splintercards,1,25.000,500,11703030,7bd7c69cfdc7043b7b7ec2042e192ecaa487c382,2021-11-01T04:03:54.000Z,chararatsum,2,peakmonsters,1,2021-11-02T04:03:54.000Z,DEC,25.000,DEC,25.000,25.000,,,,G3-131-47GGTTFNKW,131,true,400,3
18290852,1dae164de7de7b01eb6a77d5ee2ca8b043498b0b-11,mylibrary,1,78.381,500,18290852,12aebcccde1201d2d8aa4aa6250a85a1a0fc2c8a,2021-11-01T04:02:48.000Z,chararatsum,2,peakmonsters,1,2021-11-02T04:02:48.000Z,DEC,78.381,DEC,78.381,78.381,,,,G4-178-3SBWIEN6XS,178,true,1,4
11531926,13eb125e1c73f926313c17cb83b800304b144ea5-7,monstergames,1,8.661,500,11531926,8332b555ee66e9f07f75783d8227be9122e8d67f,2021-11-01T04:01:06.000Z,chararatsum,2,peakmonsters,1,2021-11-02T04:01:06.000Z,DEC,8.661,DEC,8.661,8.661,,,,G1-12-TGN8EJYK4W,12,true,200,1
16940259,b278076bd23105e59201f508ec972c8149f2bbaf-7,niallon11,1,7.700,500,16940259,72da53034b4aa26c10b0a23f7591539db7e13051,2021-11-01T04:00:27.000Z,chararatsum,2,peakmonsters,1,2021-11-02T04:00:27.000Z,DEC,7.700,DEC,7.700,7.700,,,,G4-169-C3YI3BGARK,169,true,1,4
11623063,b823291af48b32e32c8afd1fab1aba2f5ce49161-124,smalp,1,23.764,500,11623063,72da53034b4aa26c10b0a23f7591539db7e13051,2021-11-01T04:00:27.000Z,chararatsum,2,peakmonsters,1,2021-11-02T04:00:27.000Z,DEC,23.764,DEC,23.764,23.764,,,,G-S6HB5U7KAO,14,true,250,0
16762521,3c840aad9dae83b7ea8ec57de2fe47ce6267b126-0,invcble,1,3.450,500,16762521,d23002ec5467caef6976d017e8beb4b1d2ffe6e2,2021-11-01T03:59:24.000Z,chararatsum,2,peakmonsters,1,2021-11-02T03:59:24.000Z,DEC,3.450,DEC,3.450,3.450,,,,G4-171-BLCAMDD2Z4,171,true,1,4