﻿id,sell_trx_id,seller,num_cards,buy_price,fee_percent,market_item_id,rental_tx,rental_date,renter,status,market_account,rental_days,next_rental_payment,payment_currency,payment_amount,escrow_currency,escrow_amount,paid_amount,cancel_tx,cancel_player,cancel_date,card_id,card_detail_id,gold,xp,edition
11771129,97743b6e0513c7e44f98e1de9b1672ce3f0ef0f6-0,rex.regulus.rey,1,10.000,500,11771129,9255f9daf2de474e3f2a4abe064d013c2a952ce7,2021-10-30T08:57:09.000Z,buckheart,2,peakmonsters,1,2021-10-31T08:57:09.000Z,DEC,10.000,DEC,10.000,10.000,,,,C3-91-181MR7YB7K,91,false,165,3
10201076,78d515d0e2d45f528653face226e20625f075480-0,apprentice001,1,11.900,500,10201076,9255f9daf2de474e3f2a4abe064d013c2a952ce7,2021-10-30T08:57:09.000Z,buckheart,2,peakmonsters,1,2021-10-31T08:57:09.000Z,DEC,11.900,DEC,11.900,11.900,,,,C1-14-N19ZQCNR40,14,false,165,1
12720784,d2466e84d0730c246224b464acce245c21cd2c51-0,piaisa,1,3.100,500,12720784,9255f9daf2de474e3f2a4abe064d013c2a952ce7,2021-10-30T08:57:09.000Z,buckheart,2,peakmonsters,1,2021-10-31T08:57:09.000Z,DEC,3.100,DEC,3.100,3.100,,,,C4-171-A2A9PF814G,171,false,6,4
11361823,d257fc50b2d98dafb481a0116a61f325d7c19c17-1,hive-vault,1,3.990,500,11361823,9255f9daf2de474e3f2a4abe064d013c2a952ce7,2021-10-30T08:57:09.000Z,buckheart,2,peakmonsters,1,2021-10-31T08:57:09.000Z,DEC,3.990,DEC,3.990,3.990,,,,C1-12-5APPS7JB34,12,false,30,1
15914846,db02e7fe0a88f7bde932919f4d45349aabd3fc9e-0,blindinglight,1,12.999,500,15914846,855a73f4cfce928f96c79566bb6b016017f2c9a2,2021-10-30T08:42:57.000Z,buckheart,2,peakmonsters,1,2021-10-31T08:42:57.000Z,DEC,12.999,DEC,12.999,12.999,,,,G3-103-OZC9TH1880,103,true,200,3
18130282,29aaad2d306b3c0887f01dd9758bbba064cf6d37-0,junghong,1,44.890,500,18130282,38e562ffc979246b583e56e867b8d731ae8d1f74,2021-10-30T08:40:54.000Z,buckheart,2,peakmonsters,1,2021-10-31T08:40:54.000Z,DEC,98.000,DEC,98.000,98.000,,,,G4-178-IU0Y3LZMXS,178,true,1,4
17544128,310394a7b9251b6da071b050e9964068963a9ce8-0,olleo,1,13.657,500,17544128,b5a8ef9464f2f53a4b207a1e36aec36eba83e498,2021-10-26T01:10:21.000Z,buckheart,2,peakmonsters,1,2021-10-27T01:10:21.000Z,DEC,13.657,DEC,13.657,13.657,,,,G1-14-L2AIB5FKUO,14,true,200,1
16216397,da08ad67f9e202e5dd2bb90e358b3acae35cd231-5,imno,1,8.790,500,16216397,b14ac47c5b92aa8189636102553255c8888bf60b,2021-10-26T01:10:03.000Z,buckheart,2,peakmonsters,1,2021-10-27T01:10:03.000Z,DEC,9.000,DEC,9.000,9.000,,,,C4-293-URBZ2CD2G0,293,false,1,4
17167715,ab471110b4b38bc5ee45c961b94716def63f930d-18,slbrf,1,21.000,500,17167715,b14ac47c5b92aa8189636102553255c8888bf60b,2021-10-26T01:10:03.000Z,buckheart,2,peakmonsters,1,2021-10-27T01:10:03.000Z,DEC,21.000,DEC,21.000,21.000,,,,C1-18-S70ZXFNRVK,18,false,2550,1
16986875,a4bf75ddeb4066c9556561457f9d5aeb45004be3-72,viniciotricolor,1,12.840,500,16986875,92e5185dc184583178680af4631853566348ccac,2021-10-26T01:09:27.000Z,buckheart,2,peakmonsters,1,2021-10-27T01:09:27.000Z,DEC,12.840,DEC,12.840,12.840,,,,G3-91-237DXUUG2O,91,true,200,3
17662562,845c0acde40eb9df79f9ba6502914d777e3c5728-25,olleo,1,14.800,500,17662562,4ed73e68b8067854ef8bc69640c44a1d2be8039f,2021-10-26T01:08:09.000Z,buckheart,2,peakmonsters,1,2021-10-27T01:08:09.000Z,DEC,14.800,DEC,14.800,14.800,,,,G1-12-VY1V5PAEPC,12,true,200,1
17662554,845c0acde40eb9df79f9ba6502914d777e3c5728-17,olleo,1,14.500,500,17662554,2474ddc547e275a3c11f447486e33dff882279a5,2021-10-26T01:07:27.000Z,buckheart,2,peakmonsters,1,2021-10-27T01:07:27.000Z,DEC,14.500,DEC,14.500,14.500,,,,G3-103-MZD7MNVE6O,103,true,200,3
15067265,c840ed7a8357496e61d6bbd1321c5b50ac655e39-0,acantoni,1,7.449,500,15067265,2474ddc547e275a3c11f447486e33dff882279a5,2021-10-26T01:07:27.000Z,buckheart,2,peakmonsters,1,2021-10-27T01:07:27.000Z,DEC,7.449,DEC,7.449,7.449,,,,G4-169-V9VJKR4CTC,169,true,1,4
17224635,40acc8241c9f279639c6d570a5fae78bfc6c3198-64,renterlands,1,44.949,500,17224635,2474ddc547e275a3c11f447486e33dff882279a5,2021-10-26T01:07:27.000Z,buckheart,2,peakmonsters,1,2021-10-27T01:07:27.000Z,DEC,44.949,DEC,44.949,44.949,,,,G4-178-V4VH013GKG,178,true,1,4
12010895,4f9299691d462d69e5c88af287f45e0a444cab8f-0,felander,1,4.200,500,12010895,491aa9a566475e948b86d415ada9857170b1d663,2021-10-21T12:03:57.000Z,buckheart,2,peakmonsters,1,2021-10-22T12:03:57.000Z,DEC,4.200,DEC,4.200,4.200,,,,C1-12-WJ7RP96FGG,12,false,165,1
12313347,e3d1a4597b6fe21469f10323027533ff526d6d1c-6,nai.collection,1,14.790,500,12313347,327f2d7ae33e55c2dd34b35a59b2da4dc11c1b00,2021-10-21T12:03:42.000Z,buckheart,2,peakmonsters,1,2021-10-22T12:03:42.000Z,DEC,14.790,DEC,14.790,14.790,,,,C1-18-PEBO42QKGG,18,false,1125,1
10317971,e9d1de8c53fc57ef93c5699daad0c0c4bf74be43-83,rce,1,9.549,500,10317971,37a262b68018f88aa519c162971c44e6ab521d52,2021-10-21T12:03:03.000Z,buckheart,2,peakmonsters,1,2021-10-22T12:03:03.000Z,DEC,15.739,DEC,15.739,15.739,,,,C3-91-152FBGQ8QO,91,false,765,3
15752711,e03ffd8a78e42387182ce43d110b997a81cf62cb-71,rdkmedia,1,3.980,500,15752711,7fd3c3f59cdda66650dd35aae297859b43e9a6f6,2021-10-21T12:00:18.000Z,buckheart,2,peakmonsters,1,2021-10-22T12:00:18.000Z,DEC,9.780,DEC,9.780,9.780,,,,G4-169-9AMW05USGW,169,true,1,4
17042234,ed85e0d8b2b3204462fb20960b13c4ddd414824e-20,goldninja,1,3.450,500,17042234,c33663d69256e5e3a40504d937762d0c700e5af8,2021-10-21T11:59:21.000Z,buckheart,2,peakmonsters,1,2021-10-22T11:59:21.000Z,DEC,3.450,DEC,3.450,3.450,,,,G4-171-PT336ZN1YO,171,true,1,4
10183601,dd0a4b20c4b54ab316455677bc23c968e476543c-2,digital-fortress,1,9.944,500,10183601,253ca4fc1ae26b20bee9244eb0137f77a35e0cf4,2021-10-21T11:58:27.000Z,buckheart,2,peakmonsters,1,2021-10-22T11:58:27.000Z,DEC,9.944,DEC,9.944,9.944,,,,G3-103-HUOFXSMKGW,103,true,200,3
16513688,0dd4e4b8a3d3a8ba61cb11d80c5202446a3ed564-0,lorkus,1,6.200,500,16513688,c4147d409f5c2dce7d18c762e1bfc707736c9096,2021-10-16T23:13:12.000Z,buckheart,2,peakmonsters,1,2021-10-17T23:13:12.000Z,DEC,6.550,DEC,6.550,6.550,,,,C3-103-85PFSEUK8G,103,false,165,3
10402661,aa35682d46bee350e65584176509903a061f01ae-0,d-pend,1,18.000,500,10402661,edb77950ab9ed73148aa14d9c7266c9fe034c1a9,2021-10-16T23:12:30.000Z,buckheart,2,peakmonsters,1,2021-10-17T23:12:30.000Z,DEC,18.000,DEC,18.000,18.000,,,,C1-14-0XHQEZ9O28,14,false,60,1
10826028,9ecbaa09c3eb3724b167f7b6dbd8ee49233257bb-0,inertia,1,23.284,500,10826028,0ee81839e0133ed3aec9d7e7da9763d8a4ada246,2021-10-16T23:08:00.000Z,buckheart,2,peakmonsters,1,2021-10-17T23:08:00.000Z,DEC,23.284,DEC,23.284,23.284,,,,C1-18-HUWX7VM8F4,18,false,4500,1
9836726,1df23763553d8c895b9e2a64ceec813e2b1e2093-38,fighter4-freedom,1,19.000,500,9836726,91dfa63097402ba9c3150dbb38e26731ebe3dde9,2021-10-16T23:06:54.000Z,buckheart,2,peakmonsters,1,2021-10-17T23:06:54.000Z,DEC,19.000,DEC,19.000,19.000,,,,G3-91-WXHULWNLWW,91,true,200,3
10426915,6a55c4153f173bc398dd96f85fa1589f547d399f-4,cyguy,1,5.950,500,10426915,c6bbae95dd06ff646cb764e5fc067d500926d107,2021-10-16T23:06:27.000Z,buckheart,2,peakmonsters,1,2021-10-17T23:06:27.000Z,CREDITS,82.450,DEC,5.950,5.950,,,,G1-12-ZJPUC720OG,12,true,200,1
16167794,d402b9f85423aebd4689963f88390e3b920c9120-10,fighter4-freedom,1,9.000,500,16167794,e0396b83ffb0be193dff3b1b2dfb724adc6ade9b,2021-10-14T02:34:09.000Z,buckheart,2,peakmonsters,1,2021-10-15T02:34:09.000Z,DEC,9.000,DEC,9.000,9.000,,,,C4-293-AQ0KJVIS68,293,false,1,4
10010715,362c31a171870f1772c7a1678136ac7f60750a0e-0,chandpur,1,9.600,500,10010715,e0396b83ffb0be193dff3b1b2dfb724adc6ade9b,2021-10-14T02:34:09.000Z,buckheart,2,peakmonsters,1,2021-10-15T02:34:09.000Z,DEC,33.000,DEC,33.000,33.000,,,,C3-131-0BIH48V6KG,131,false,300,3
12136042,8d05e470cb7a0bfbc5a400268b936b5183f14cfa-9,clove71,1,12.900,500,12136042,68154d56b95950f662c56160906dae826b920b51,2021-10-14T02:32:06.000Z,buckheart,2,peakmonsters,1,2021-10-15T02:32:06.000Z,DEC,12.900,DEC,12.900,12.900,,,,G3-103-GU80WM0UCG,103,true,200,3
15785951,b2fa801b1178592304b71b626214d943d200c89b-17,ole555,1,10.850,500,15785951,62d37bf1ed3a078e251074d6fed841c5a1aed359,2021-10-14T02:30:39.000Z,buckheart,2,peakmonsters,1,2021-10-15T02:30:39.000Z,DEC,10.940,DEC,10.940,10.940,,,,G4-169-76RQCSJWM8,169,true,2,4
10570643,cee7642d7056ab8f1328738715dcbec3b22a23c7-0,athbull,1,7.950,500,10570643,62d37bf1ed3a078e251074d6fed841c5a1aed359,2021-10-14T02:30:39.000Z,buckheart,2,peakmonsters,1,2021-10-15T02:30:39.000Z,DEC,7.950,DEC,7.950,7.950,,,,G4-171-JHCCO8W5SW,171,true,1,4
14330008,a0412814849aff74bc086e65fe1b8ed3ce9abcce-135,vugtis,1,49.800,500,14330008,62d37bf1ed3a078e251074d6fed841c5a1aed359,2021-10-14T02:30:39.000Z,buckheart,2,peakmonsters,1,2021-10-15T02:30:39.000Z,DEC,49.800,DEC,49.800,49.800,,,,G4-178-S990VE4XOG,178,true,1,4
10989592,3fb55c6910e11ae2ba1f79571314fafd21d43e0d-10,deezrentals,1,7.400,500,10989592,88389eca357988e4ef8dd11110bb300cf47631f1,2021-10-10T03:15:06.000Z,buckheart,2,peakmonsters,1,2021-10-11T03:15:06.000Z,DEC,9.798,DEC,9.798,9.798,,,,C4-293-UTC2E16940,293,false,1,4
10184583,5fa163ba4a13511c6bd65abe52e5515922dbc244-14,jzn,1,6.695,500,10184583,ff5bb950ecb8d8e96ccedd58bda94fb5c052a4ac,2021-10-10T03:12:15.000Z,buckheart,2,peakmonsters,1,2021-10-11T03:12:15.000Z,DEC,7.900,DEC,7.900,7.900,,,,C3-103-5OJ4P9EER4,103,false,165,3
15243111,2b168789286403943963ffebfd15ea6aac46f8b6-4,jron,1,16.500,500,15243111,f1c0dcd7e0ff1af99beb63a1e80b5adede7bcb7c,2021-10-10T03:11:39.000Z,buckheart,2,peakmonsters,1,2021-10-11T03:11:39.000Z,DEC,16.500,DEC,16.500,16.500,,,,C1-14-0GQVMAPJ8G,14,false,795,1
15500549,cd1ecaea39189037dd209cc98330e3d037fd452b-2,lucky-cards,1,28.000,500,15500549,953a1cd94dedc7ec4d0c77259fff09a20f1cb864,2021-10-10T03:11:06.000Z,buckheart,2,peakmonsters,1,2021-10-11T03:11:06.000Z,DEC,28.000,DEC,28.000,28.000,,,,C1-18-HAJH2YE2OG,18,false,8550,1