﻿id,sell_trx_id,seller,num_cards,buy_price,fee_percent,market_item_id,rental_tx,rental_date,renter,status,market_account,rental_days,next_rental_payment,payment_currency,payment_amount,escrow_currency,escrow_amount,paid_amount,cancel_tx,cancel_player,cancel_date,card_id,card_detail_id,gold,xp,edition
18349460,895cde6dc9cb3da37871a4a941dacb78197ba11d-0,pccpkl1990,1,18.970,500,18349460,05118d4548ce4ebd0fbba6dd1665739f987ed87f,2021-10-31T09:50:36.000Z,brynos,2,peakmonsters,1,2021-11-01T09:50:36.000Z,DEC,18.970,DEC,18.970,18.970,,,,G3-91-QT27JH66V4,91,true,200,3
15507947,15e5b2cf8085686179b90a24387414a14d2d0235-89,steemitromney,1,9.850,500,15507947,97310e9fca45481f7458fa9c625ae59ee18491d9,2021-10-31T09:50:06.000Z,brynos,2,peakmonsters,1,2021-11-01T09:50:06.000Z,DEC,9.850,DEC,9.850,9.850,,,,C4-293-CNQMIMMQ6O,293,false,1,4
10269646,af2ad218e64425a6dc0640c6eca2135201087a18-15,aatrox,1,4.200,500,10269646,53decdf94ed95d2dc68091c5adb786c98e0b4691,2021-10-31T09:49:51.000Z,brynos,2,peakmonsters,1,2021-11-01T09:49:51.000Z,DEC,4.200,DEC,4.200,4.200,,,,G1-12-ZTVTDLTSSW,12,true,200,1
10570520,b6610b460482dc60dde0fa1ac8ccf0cf67bcb9d6-1,athbull,1,4.900,500,10570520,1e2f089ac1d8f603b57c6a9f77c4b3e3dbbe0146,2021-10-31T09:48:09.000Z,brynos,2,peakmonsters,1,2021-11-01T09:48:09.000Z,DEC,4.900,DEC,4.900,4.900,,,,G4-169-XTLFLI3Q0W,169,true,1,4
12136266,a27ae60be47b5fcbf3f43046c28457a0a1ccb367-92,clove71,1,30.509,500,12136266,1e2f089ac1d8f603b57c6a9f77c4b3e3dbbe0146,2021-10-31T09:48:09.000Z,brynos,2,peakmonsters,1,2021-11-01T09:48:09.000Z,DEC,30.509,DEC,30.509,30.509,,,,G3-131-Z2W853MZJK,131,true,400,3
17321730,a9dbf0e902da46a627cd904932091e8db890b57f-41,didyourmom,1,3.499,500,17321730,1e2f089ac1d8f603b57c6a9f77c4b3e3dbbe0146,2021-10-31T09:48:09.000Z,brynos,2,peakmonsters,1,2021-11-01T09:48:09.000Z,DEC,3.499,DEC,3.499,3.499,,,,G4-171-H0U257L69C,171,true,1,4
15205429,4656d60574394412aac65a948e08009707b31c71-0,wiesnix,1,11.000,500,15205429,1e2f089ac1d8f603b57c6a9f77c4b3e3dbbe0146,2021-10-31T09:48:09.000Z,brynos,2,peakmonsters,1,2021-11-01T09:48:09.000Z,DEC,11.000,DEC,11.000,11.000,,,,G3-103-UB23TGYJ0W,103,true,200,3
16234239,efd0f637461a820cd8af89d5449e93619fbf6230-46,abh12345,1,49.650,500,16234239,1e2f089ac1d8f603b57c6a9f77c4b3e3dbbe0146,2021-10-31T09:48:09.000Z,brynos,2,peakmonsters,1,2021-11-01T09:48:09.000Z,DEC,49.650,DEC,49.650,49.650,,,,G4-178-MJBTSKKROW,178,true,1,4
15862284,7a7908f054495bd628fa7afab2fbdb5a25b08388-3,fighter4-freedom,1,18.000,500,15862284,1e2f089ac1d8f603b57c6a9f77c4b3e3dbbe0146,2021-10-31T09:48:09.000Z,brynos,2,peakmonsters,1,2021-11-01T09:48:09.000Z,DEC,18.000,DEC,18.000,18.000,,,,G1-14-PO6WOGGUEO,14,true,200,1
17006219,4a6f8f9956acc20757cbc8f050a3c0927f572dc2-0,omnipotentape,1,48.000,500,17006219,56e62a9e432b68c83db6eefac46becc7effb49ab,2021-10-27T06:24:00.000Z,brynos,2,peakmonsters,1,2021-10-28T06:24:00.000Z,DEC,48.000,DEC,48.000,48.000,,,,G1-18-SC1KUK677K,18,true,400,1
10161067,2308d3b1e27dbdbb71617167ec0382a1ef7a9c8c-0,crypto-pilot,1,9.950,500,10161067,13ad850c280ca55d55b39f1d4b3fb05bc5c00124,2021-10-27T06:23:21.000Z,brynos,2,peakmonsters,1,2021-10-28T06:23:21.000Z,DEC,9.950,DEC,9.950,9.950,,,,G1-14-OHIR27HLMO,14,true,200,1
16914637,dc3f3ccb95b9d76be5a4cec4a9c4c35861f7f86b-0,imno,1,22.990,500,16914637,13ad850c280ca55d55b39f1d4b3fb05bc5c00124,2021-10-27T06:23:21.000Z,brynos,2,peakmonsters,1,2021-10-28T06:23:21.000Z,DEC,22.990,DEC,22.990,22.990,,,,G3-91-5GI11VTBDS,91,true,200,3
15766616,637e01e15be488071a981eba55090f06544d54f8-6,lucky-cards,1,40.000,500,15766616,13ad850c280ca55d55b39f1d4b3fb05bc5c00124,2021-10-27T06:23:21.000Z,brynos,2,peakmonsters,1,2021-10-28T06:23:21.000Z,DEC,40.000,DEC,40.000,40.000,,,,G4-178-E74YTWVB40,178,true,2,4
16780785,c7029dea5f632715247e3af63065c1f5d4d3cbdc-26,requiem-of-sins,1,5.000,500,16780785,13ad850c280ca55d55b39f1d4b3fb05bc5c00124,2021-10-27T06:23:21.000Z,brynos,2,peakmonsters,1,2021-10-28T06:23:21.000Z,DEC,5.000,DEC,5.000,5.000,,,,G4-171-E134DAEHRK,171,true,1,4
10163835,08370d9b45814ff715a43a4698f5a9cb26cdeb01-1,lucky-cards,1,27.000,500,10163835,13ad850c280ca55d55b39f1d4b3fb05bc5c00124,2021-10-27T06:23:21.000Z,brynos,2,peakmonsters,1,2021-10-28T06:23:21.000Z,DEC,27.000,DEC,27.000,27.000,,,,G3-131-2G6DTY6NF4,131,true,400,3
14137048,201bccccfb02de12eb55c5a376b5aa6ffbc854c8-77,samuelhackson,1,10.391,500,14137048,10f9d19ba6dd112d143ae6fd0fab59bb6ad5ca40,2021-10-21T12:25:06.000Z,brynos,2,peakmonsters,1,2021-10-22T12:25:06.000Z,DEC,10.391,DEC,10.391,10.391,,,,C4-169-0BC2QVO3Z4,169,false,32,4
10621797,4b4a897262149bb4c5ca781af0b473211df2edc6-0,imperij4427,1,8.000,500,10621797,10f9d19ba6dd112d143ae6fd0fab59bb6ad5ca40,2021-10-21T12:25:06.000Z,brynos,2,peakmonsters,1,2021-10-22T12:25:06.000Z,DEC,9.900,DEC,9.900,9.900,,,,C4-293-UFM5G15QJ4,293,false,1,4
15866141,59c0877e444f56875f4c7258836ebe7c3353552e-8,fighter4-freedom,1,5.500,500,15866141,07d48d7f6066f7fba82b8d051916b7a2ca67f6da,2021-10-21T12:22:39.000Z,brynos,2,peakmonsters,1,2021-10-22T12:22:39.000Z,DEC,5.500,DEC,5.500,5.500,,,,G4-171-6KVEJ81PDC,171,true,1,4
15510905,7de5b9c7d665dea5dcde6baca898b428df6c44e6-0,team-spirit,1,30.000,500,15510905,07d48d7f6066f7fba82b8d051916b7a2ca67f6da,2021-10-21T12:22:39.000Z,brynos,2,peakmonsters,1,2021-10-22T12:22:39.000Z,DEC,30.000,DEC,30.000,30.000,,,,G1-18-G75XNHZJKW,18,true,400,1
12340451,ec8a04d5b8ee72ba45308e78b39f7dee07a0e8c8-0,ilovepoorpeople,1,26.098,500,12340451,07d48d7f6066f7fba82b8d051916b7a2ca67f6da,2021-10-21T12:22:39.000Z,brynos,2,peakmonsters,1,2021-10-22T12:22:39.000Z,DEC,26.098,DEC,26.098,26.098,,,,G1-14-WVK701KS9C,14,true,200,1
10496915,17300276c49e544fdd620cdc5d2d164ca994eb5a-1,cyguy,1,4.698,500,10496915,07d48d7f6066f7fba82b8d051916b7a2ca67f6da,2021-10-21T12:22:39.000Z,brynos,2,peakmonsters,1,2021-10-22T12:22:39.000Z,DEC,4.698,DEC,4.698,4.698,,,,G1-12-H7YCHLV59S,12,true,200,1
12531860,e83fb6768451472d0cb5b3a1028fffbb4fec1898-0,bitcoinportugal,1,11.800,500,12531860,07d48d7f6066f7fba82b8d051916b7a2ca67f6da,2021-10-21T12:22:39.000Z,brynos,2,peakmonsters,1,2021-10-22T12:22:39.000Z,DEC,11.800,DEC,11.800,11.800,,,,G3-103-F6NWIP0234,103,true,200,3
15905540,8d2f8dad82b82d44186840c432d117d6be4c7f05-98,moriarty95,1,10.950,500,15905540,94d8f1e5ef00c6864258593623720511df44e8af,2021-10-17T00:35:09.000Z,brynos,2,peakmonsters,1,2021-10-18T00:35:09.000Z,DEC,10.950,DEC,10.950,10.950,,,,C4-293-PVRLGY1W7K,293,false,1,4
11260109,b4387c8d8f59726df186888fa2a34b828c31e13f-5,d-pend,1,19.910,500,11260109,ea4394479dac007c7666272c83fe146953dae3bb,2021-10-17T00:34:33.000Z,brynos,2,peakmonsters,1,2021-10-18T00:34:33.000Z,DEC,19.910,DEC,19.910,19.910,,,,G1-14-NZR53TQIWW,14,true,200,1
15556688,3f21b4c5cefdc54f690fd5c99e2ef5fcf2cc123a-108,masterthematrix,1,13.800,500,15556688,6f46cd9327b7df57cc0174452235773085e0b281,2021-10-17T00:33:42.000Z,brynos,2,peakmonsters,1,2021-10-18T00:33:42.000Z,DEC,13.800,DEC,13.800,13.800,,,,G3-91-Y7FFV42MPS,91,true,200,3
10696875,840bf3ba82a2cf66b16e3f3e6c3c372a87137c83-1,jzn,1,4.150,500,10696875,6f46cd9327b7df57cc0174452235773085e0b281,2021-10-17T00:33:42.000Z,brynos,2,peakmonsters,1,2021-10-18T00:33:42.000Z,DEC,4.150,DEC,4.150,4.150,,,,G1-12-J944MO5EPS,12,true,200,1
11379314,e9bc96eb98a4c7693f99cb5411c65701150ca688-2,davemccoy,1,12.739,500,11379314,6f46cd9327b7df57cc0174452235773085e0b281,2021-10-17T00:33:42.000Z,brynos,2,peakmonsters,1,2021-10-18T00:33:42.000Z,DEC,12.739,DEC,12.739,12.739,,,,G3-103-HT4SOXD3VK,103,true,200,3
10043555,afb4963ef4a1dd9ec58d30ecf527b6eca65200bd-127,orangefudge,1,24.950,500,10043555,6f46cd9327b7df57cc0174452235773085e0b281,2021-10-17T00:33:42.000Z,brynos,2,peakmonsters,1,2021-10-18T00:33:42.000Z,DEC,24.950,DEC,24.950,24.950,,,,G3-131-E7WBVSQ428,131,true,400,3
14330007,a0412814849aff74bc086e65fe1b8ed3ce9abcce-134,vugtis,1,49.800,500,14330007,6f46cd9327b7df57cc0174452235773085e0b281,2021-10-17T00:33:42.000Z,brynos,2,peakmonsters,1,2021-10-18T00:33:42.000Z,DEC,49.800,DEC,49.800,49.800,,,,G4-178-RKS2G0UUGG,178,true,1,4
10975600,878dd73da30a6b709c19f85de2e660347e4b311d-15,fighter4-freedom,1,19.000,500,10975600,4aff820bb340a91d916b4b87e87bdd638a952ca5,2021-10-12T05:51:15.000Z,brynos,2,peakmonsters,1,2021-10-13T05:51:15.000Z,DEC,19.000,DEC,19.000,19.000,,,,G3-91-WW1S8FOTKG,91,true,200,3
10724934,52de18539dbd8fde8e654263c75e2442d750fc78-0,theriz,1,25.000,500,10724934,1141513027e78ec99478534f39e4605c934fbd82,2021-10-12T05:50:24.000Z,brynos,2,peakmonsters,1,2021-10-13T05:50:24.000Z,DEC,25.000,DEC,25.000,25.000,,,,C1-18-5O7NVFHDLC,18,false,75,1
11477962,bbeea77cdc2a0dade81f0a85dac949ca5a49dce0-0,ilovepoorpeople,1,20.329,500,11477962,415fbe70ece4fe60ac69f86d597a54a91f1e1e7a,2021-10-12T05:48:48.000Z,brynos,2,peakmonsters,1,2021-10-13T05:48:48.000Z,DEC,20.329,DEC,20.329,20.329,,,,G1-14-AKR35GMMKW,14,true,200,1
15556591,3f21b4c5cefdc54f690fd5c99e2ef5fcf2cc123a-11,masterthematrix,1,11.750,500,15556591,856db64adb0e182c1c064fd861a385b202718298,2021-10-12T05:48:12.000Z,brynos,2,peakmonsters,1,2021-10-13T05:48:12.000Z,DEC,11.750,DEC,11.750,11.750,,,,G3-103-1XIN470SCG,103,true,200,3
9494956,b17d12793e498c7a29ea97c09c4465c2011ceb54-1,smalp,1,33.124,500,9494956,c74bf5246505187557f74ec08c79ed8900f0a7fe,2021-10-12T05:47:54.000Z,brynos,2,peakmonsters,1,2021-10-13T05:47:54.000Z,DEC,33.124,DEC,33.124,33.124,,,,G3-131-0J2NO6RFYO,131,true,400,3
11468217,7daa5e05cce6fd5ae756ae6eca0296534895fcf6-6,monstergames,1,8.166,500,11468217,3e9f55a32758468158fd374724c74d7d993e1073,2021-10-12T05:47:33.000Z,brynos,2,peakmonsters,1,2021-10-13T05:47:33.000Z,DEC,8.166,DEC,8.166,8.166,,,,G1-12-VEFE5GUA28,12,true,200,1
15909410,43d825243c8a4252eb9e45b83f2f717bbd0bfc2c-107,moriarty95,1,5.150,500,15909410,5c6188cceb686fa4549b6d3512f71e9404cd35d9,2021-10-12T05:47:03.000Z,brynos,2,peakmonsters,1,2021-10-13T05:47:03.000Z,DEC,5.150,DEC,5.150,5.150,,,,G4-171-W3UQJMQH0W,171,true,1,4
15766559,78920c2b1f03931c1862134c676029686d6f7ce4-19,lucky-cards,1,11.000,500,15766559,2a96e684f77fab02f90a1f5966f75150c6b2fe9e,2021-10-12T05:46:39.000Z,brynos,2,peakmonsters,1,2021-10-13T05:46:39.000Z,DEC,11.000,DEC,11.000,11.000,,,,G4-169-G1O5TQGELS,169,true,3,4