﻿id,sell_trx_id,seller,num_cards,buy_price,fee_percent,market_item_id,rental_tx,rental_date,renter,status,market_account,rental_days,next_rental_payment,payment_currency,payment_amount,escrow_currency,escrow_amount,paid_amount,cancel_tx,cancel_player,cancel_date,card_id,card_detail_id,gold,xp,edition
13115500,c80bbf88514317de63f89fc0962e12ac71f1e6e0-0,headchange,1,7.000,500,13115500,aac6ff6bcf876bda43616a2478ef345957c64a00,2021-11-01T06:47:42.000Z,bryden,2,peakmonsters,1,2021-11-02T06:47:42.000Z,DEC,7.000,DEC,7.000,7.000,,,,C1-14-77K7IZ5Z74,14,false,30,1
14136308,e25020a4644abb5bc6f36011f9ba09f7afeff43b-0,marisenpai,1,14.000,500,14136308,ca2642b98e5cc8caafa9f638b53a06f98cddb96f,2021-11-01T06:46:51.000Z,bryden,2,peakmonsters,1,2021-11-02T06:46:51.000Z,DEC,14.000,DEC,14.000,14.000,,,,C3-91-MDKXL41EQO,91,false,765,3
13405524,dd3e6bb2f1ab836470ea3fb3be9d7f440b044e46-0,z3ll,1,28.000,500,13405524,b71cbd88e40d2773485c52eeacb227c9be5032b7,2021-11-01T06:46:36.000Z,bryden,2,peakmonsters,1,2021-11-02T06:46:36.000Z,DEC,28.000,DEC,28.000,28.000,,,,C3-131-9RXIMB3GF4,131,false,1500,3
15905540,8d2f8dad82b82d44186840c432d117d6be4c7f05-98,moriarty95,1,10.950,500,15905540,d4359fa512c3971727c6eb54d73da80fb2c7b508,2021-11-01T06:45:51.000Z,bryden,2,peakmonsters,1,2021-11-02T06:45:51.000Z,DEC,10.950,DEC,10.950,10.950,,,,C4-293-PVRLGY1W7K,293,false,1,4
18456867,e601b00739ee1a295e264afc8a0eb1bac18760c3-60,olleo,1,3.350,500,18456867,5ee0ab284fca71a29ea97697ac011bbee9898009,2021-11-01T05:53:33.000Z,bryden,2,peakmonsters,1,2021-11-02T05:53:33.000Z,DEC,3.350,DEC,3.350,3.350,,,,G4-171-ORKV8PFHZK,171,true,1,4
11375605,9aee2874f25bd7f5ea20987f7771dc824406d04c-0,world4play2earn,1,8.000,500,11375605,e797ef1d5a5ba8fb287e7b89a92d57bfb346d200,2021-11-01T05:53:24.000Z,bryden,2,peakmonsters,1,2021-11-02T05:53:24.000Z,DEC,8.000,DEC,8.000,8.000,,,,G3-103-WVBL9XBKNK,103,true,200,3
15862382,b2e8c1f9b801dcc56554ca604919e2afc228e965-21,fighter4-freedom,1,24.000,500,15862382,53cb840fb53c019d9210836f705c6f98ed0bd99e,2021-11-01T05:36:06.000Z,bryden,2,peakmonsters,1,2021-11-02T05:36:06.000Z,DEC,24.000,DEC,24.000,24.000,,,,G1-18-2YRUDCCAFK,18,true,400,1
11769783,96920a00587ddbb0f97d888e54a3169b79ed9f12-47,janoshik,1,84.900,500,11769783,7f9821502bde85f62e02f524cf3f049a9eed252f,2021-11-01T04:55:12.000Z,bryden,2,peakmonsters,1,2021-11-02T04:55:12.000Z,DEC,84.900,DEC,84.900,84.900,,,,G4-178-XKX9FKM9FK,178,true,1,4
17385361,6eb3b06640ebdcc0a31bb1e7b4b465b58355f22e-55,uniqn,1,7.750,500,17385361,7f9821502bde85f62e02f524cf3f049a9eed252f,2021-11-01T04:55:12.000Z,bryden,2,peakmonsters,1,2021-11-02T04:55:12.000Z,DEC,7.750,DEC,7.750,7.750,,,,G4-169-RQ8WSDKO9S,169,true,1,4
17273553,ecf7f4a8585c11481735f95741ef1658a950fb15-2,digital-fortress,1,9.999,500,17273553,7f9821502bde85f62e02f524cf3f049a9eed252f,2021-11-01T04:55:12.000Z,bryden,2,peakmonsters,1,2021-11-02T04:55:12.000Z,DEC,9.999,DEC,9.999,9.999,,,,G1-12-W5RGQSZ7K0,12,true,200,1