﻿id,sell_trx_id,seller,num_cards,buy_price,fee_percent,market_item_id,rental_tx,rental_date,renter,status,market_account,rental_days,next_rental_payment,payment_currency,payment_amount,escrow_currency,escrow_amount,paid_amount,cancel_tx,cancel_player,cancel_date,card_id,card_detail_id,gold,xp,edition
10433631,7feac9db6f229e89eef8a4ade3fad028e1c0c060-0,pardinus,1,12.000,500,10433631,f9fbc3f5ffe5ec43ce5d1e36c6cc78a2c8e65bda,2021-10-30T08:00:36.000Z,cafemanila,2,peakmonsters,1,2021-10-31T08:00:36.000Z,DEC,12.000,DEC,12.000,12.000,,,,C1-14-JNCOPJ15PS,14,false,60,1
11426564,23e70dab6e3da62f500031c2b239acf64e55011e-0,gregory-f,1,7.900,500,11426564,d9eddea0953bd77ad6623fe35bc5f6e8df5ba41d,2021-10-30T08:00:15.000Z,cafemanila,2,peakmonsters,1,2021-10-31T08:00:15.000Z,DEC,7.900,DEC,7.900,7.900,,,,C3-103-65LU2K02ZK,103,false,165,3
10638447,c2a01bb6b117a4b8a11bb3b763eb11169154055b-0,kauffdiggity,1,9.850,500,10638447,d9eddea0953bd77ad6623fe35bc5f6e8df5ba41d,2021-10-30T08:00:15.000Z,cafemanila,2,peakmonsters,1,2021-10-31T08:00:15.000Z,DEC,9.850,DEC,9.850,9.850,,,,C-5Y3PKVQ6Q8,18,false,400,0
16428117,d47f3a2d937f1bee10fe306ebc97b85b4f27d7c7-11,rerix,1,7.000,500,16428117,5a5b1e6fc2b6a60d4e6d4b259a1e9b011ea54f6a,2021-10-30T07:59:36.000Z,cafemanila,2,peakmonsters,1,2021-10-31T07:59:36.000Z,DEC,7.000,DEC,7.000,7.000,,,,C4-169-BTVCY4NC40,169,false,14,4
10745948,ef6d4ef0efb04b136ded249ec8986bc280ff1c37-123,thevil,1,29.814,500,10745948,5a5b1e6fc2b6a60d4e6d4b259a1e9b011ea54f6a,2021-10-30T07:59:36.000Z,cafemanila,2,peakmonsters,1,2021-10-31T07:59:36.000Z,DEC,29.814,DEC,29.814,29.814,,,,C3-131-5YD8OXI8LC,131,false,150,3
17132002,823142a27488d4fd33333cbbc6c7a59b47e78cf1-0,cal3,1,20.000,500,17132002,14285f6c0e48e7ccd20529a59d9f1c795dad5dbc,2021-10-30T07:57:39.000Z,cafemanila,2,peakmonsters,1,2021-10-31T07:57:39.000Z,DEC,20.000,DEC,20.000,20.000,,,,G3-91-NRUNL7A8LS,91,true,200,3
16431557,11b7b1206e19c016d07b749903cb094c6a5f72cd-0,aznaldi,1,88.800,500,16431557,03ae0a874dfc02d256af70de61d058fd41b2ef6f,2021-10-30T07:56:09.000Z,cafemanila,2,peakmonsters,1,2021-10-31T07:56:09.000Z,DEC,88.800,DEC,88.800,88.800,,,,G4-178-UJGD39UOKW,178,true,1,4
9494989,b17d12793e498c7a29ea97c09c4465c2011ceb54-34,smalp,1,31.341,500,9494989,595d86cb5dcd5b6b5c3767c5eb0b66b26b9410fb,2021-10-26T00:57:30.000Z,cafemanila,2,peakmonsters,1,2021-10-27T00:57:30.000Z,DEC,31.341,DEC,31.341,31.341,,,,G3-131-K2023712CG,131,true,400,3
15537660,a0b9be2b827b94fa71a0156ac028849b95688c5e-47,zonguin,1,13.627,500,15537660,158fd01fde63437125df3f9ec4673b5cfced4410,2021-10-26T00:57:03.000Z,cafemanila,2,peakmonsters,1,2021-10-27T00:57:03.000Z,DEC,13.627,DEC,13.627,13.627,,,,G1-14-IC66RR8TK0,14,true,200,1
15572083,c21b00280d1d5daaaba42ac0229a5778170193e5-0,fatjimmy,1,2.350,500,15572083,158fd01fde63437125df3f9ec4673b5cfced4410,2021-10-26T00:57:03.000Z,cafemanila,2,peakmonsters,1,2021-10-27T00:57:03.000Z,DEC,2.350,DEC,2.350,2.350,,,,G4-171-C4PPHSUI4W,171,true,1,4
15573449,94c4f1b9e7db6ed76b4814108c84d55bcc7e61b1-6,lucky-cards,1,12.700,500,15573449,e22305b3883838744c088086a0ddc515ddbef1dc,2021-10-26T00:56:36.000Z,cafemanila,2,peakmonsters,1,2021-10-27T00:56:36.000Z,DEC,12.700,DEC,12.700,12.700,,,,G3-91-ZGKU8NSCBK,91,true,200,3
12497676,a0620c321d58f85273910814437d8a568473017b-0,greatxam,1,9.800,500,12497676,0760427427ae817d610be0cb584bd7fed0ad3a16,2021-10-21T11:39:57.000Z,cafemanila,2,peakmonsters,1,2021-10-22T11:39:57.000Z,DEC,16.850,DEC,16.850,16.850,,,,C1-14-3FLRVO9134,14,false,60,1
10883579,51eb0c9a32b8cdeda5657e856944377ddbc1adf1-1,apprentice001,1,29.000,500,10883579,8468b5dd7d55c4b7d27063008140e5b8795c2e3c,2021-10-21T11:36:51.000Z,cafemanila,2,peakmonsters,1,2021-10-22T11:36:51.000Z,DEC,29.000,DEC,29.000,29.000,,,,C3-131-1S5JI752NK,131,false,1200,3
10675619,fb45cedbb58f977cca8ca40a68527c005505130b-1,a-secondchance,1,9.700,500,10675619,adf226cf734287cd7bc4b8f3d69310371595869d,2021-10-21T11:36:27.000Z,cafemanila,2,peakmonsters,1,2021-10-22T11:36:27.000Z,DEC,9.899,DEC,9.899,9.899,,,,C4-293-5FB3AE07XC,293,false,1,4
11616537,ccee9c0eef821f9a408666e65342950463ffd69c-0,digitspin,1,5.000,500,11616537,5359681a053fdbc56a0a5dd61a716b4b89eb95bc,2021-10-21T11:34:15.000Z,cafemanila,2,peakmonsters,1,2021-10-22T11:34:15.000Z,DEC,5.000,DEC,5.000,5.000,,,,G4-171-OLQHZYHE3K,171,true,1,4
10817133,c799241d4ab21c6528b602c772c146a868183276-0,harpreetjanda,1,13.000,500,10817133,c576c6210a5cd974807ecce6da5c5fc2285f2c29,2021-10-21T11:33:39.000Z,cafemanila,2,peakmonsters,1,2021-10-22T11:33:39.000Z,DEC,13.000,DEC,13.000,13.000,,,,G3-103-O0QSTVRWPC,103,true,200,3
11468214,7daa5e05cce6fd5ae756ae6eca0296534895fcf6-3,monstergames,1,8.166,500,11468214,1ca73361db39c029a48e59cfab6679e00a72a03a,2021-10-21T11:33:00.000Z,cafemanila,2,peakmonsters,1,2021-10-22T11:33:00.000Z,DEC,8.166,DEC,8.166,8.166,,,,G1-12-QZ1BTITFR4,12,true,200,1
17141757,463af7fbad18d5f98485929887d6f556ad378dd4-13,rtron86,1,19.394,500,17141757,2bf7dcd07b804cef4fa8a2b1f6b9b4a92d9e7c04,2021-10-21T11:32:12.000Z,cafemanila,2,peakmonsters,1,2021-10-22T11:32:12.000Z,DEC,19.394,DEC,19.394,19.394,,,,G3-91-GXY4UQHKUO,91,true,400,3
10672428,c9968227845a309fba1d41e33d419deb0db781f7-0,roboton,1,10.000,500,10672428,280e6803ab09b93e7cfbdae78b0fb002b3540c9e,2021-10-21T11:31:42.000Z,cafemanila,2,peakmonsters,1,2021-10-22T11:31:42.000Z,DEC,10.000,DEC,10.000,10.000,,,,G4-169-OCNIO0MAN4,169,true,1,4
15616409,a2b46ffab3ae3286dd1cd8c7ffbfa6d93d1e0de6-0,scooter77,1,45.000,500,15616409,de46d170f64548282616e7b95312617f18ee7813,2021-10-21T11:28:57.000Z,cafemanila,2,peakmonsters,1,2021-10-22T11:28:57.000Z,DEC,45.000,DEC,45.000,45.000,,,,G4-178-X60CPVM7TS,178,true,1,4
16148755,10c0f63df929a5ca39d76e46eb5910cb508f3db3-0,farmkids,1,22.000,500,16148755,c6e68c692f5446489bdb7a04d290f42dcc8241a1,2021-10-16T22:57:48.000Z,cafemanila,2,peakmonsters,1,2021-10-17T22:57:48.000Z,DEC,22.000,DEC,22.000,22.000,,,,C3-131-7PTY8LP0N4,131,false,750,3
13183015,14eb29d03d453c6a8f3f40162ca6f04b7257bd9e-70,lukes.random,1,14.489,500,13183015,df70b717386452cc66be444e808820e680a311be,2021-10-16T22:56:00.000Z,cafemanila,2,peakmonsters,1,2021-10-17T22:56:00.000Z,DEC,14.489,DEC,14.489,14.489,,,,C3-91-VSQR5RU6G0,91,false,765,3
12797156,588144ba5ba849b1364aa1abef751b949fea1a95-0,leosolo,1,10.000,500,12797156,abe70173075a1ce634bc79d8093af9d1ddacd285,2021-10-16T22:55:39.000Z,cafemanila,2,peakmonsters,1,2021-10-17T22:55:39.000Z,DEC,10.000,DEC,10.000,10.000,,,,C1-14-49M98Y2EY8,14,false,120,1
12049168,49bec7aef355882df3078feccb0210ae85aa82bb-0,lodaddy1969,1,25.000,500,12049168,b2f4c0f6b85b30f5363357aa9341c907fb375bb3,2021-10-16T22:55:24.000Z,cafemanila,2,peakmonsters,1,2021-10-17T22:55:24.000Z,DEC,25.000,DEC,25.000,25.000,,,,C1-18-5RD2M6DZCG,18,false,2550,1
12111169,4cef028b2d6fa4441e6e610127b46a944c3e8a34-0,chandpur,1,13.456,500,12111169,815f5d5983149771d4f63e67f12dcc6e47fc97d7,2021-10-16T22:54:30.000Z,cafemanila,2,peakmonsters,1,2021-10-17T22:54:30.000Z,DEC,13.456,DEC,13.456,13.456,,,,G3-103-Z1CDP5JDTC,103,true,200,3
15909386,43d825243c8a4252eb9e45b83f2f717bbd0bfc2c-83,moriarty95,1,5.150,500,15909386,a338eda157f4a1023557576140075e5c51678fe3,2021-10-16T22:52:21.000Z,cafemanila,2,peakmonsters,1,2021-10-17T22:52:21.000Z,DEC,5.150,DEC,5.150,5.150,,,,G4-171-FR2KHLN4Q8,171,true,1,4
11737762,e43ed3c25acd436bc011a4e116483e1c68349a1f-18,janoshik,1,84.900,500,11737762,8f68c1cef77b4520caa109f3137470bdaf715a27,2021-10-16T22:51:54.000Z,cafemanila,2,peakmonsters,1,2021-10-17T22:51:54.000Z,DEC,84.900,DEC,84.900,84.900,,,,G4-178-GXLQV0GS0W,178,true,1,4
10696874,840bf3ba82a2cf66b16e3f3e6c3c372a87137c83-0,jzn,1,4.070,500,10696874,16411ada48d277b7fe1732c640c5b4292dfa90a9,2021-10-16T22:51:30.000Z,cafemanila,2,peakmonsters,1,2021-10-17T22:51:30.000Z,DEC,4.070,DEC,4.070,4.070,,,,G1-12-E9TT5KCTG0,12,true,200,1
12928681,f045725c8fd1a28ba9ce1c53d81e2731fcb421b0-0,reconnectnature,1,20.000,500,12928681,684c2feb90e9556b5fe656673409fbc072d70dea,2021-10-13T05:22:12.000Z,cafemanila,2,peakmonsters,1,2021-10-14T05:22:12.000Z,DEC,20.000,DEC,20.000,20.000,,,,G-1CS7B66IZ4,12,true,500,0
10213478,18011fe757b629ac83bfbeb51ee3bbd3b32c382a-0,d-pend,1,15.000,500,10213478,66319a8aa6eefdb6e00bdd84f4c42fcc95e97df7,2021-10-13T05:21:39.000Z,cafemanila,2,peakmonsters,1,2021-10-14T05:21:39.000Z,DEC,15.000,DEC,15.000,15.000,,,,C1-14-J7YKPJM0PC,14,false,60,1
14914686,0d46e1ca597dc3e584a7d9e691a400ed2f43ea42-0,nynate,1,8.950,500,14914686,5b1c58501eff0004d93fcbd76f7f13ee152f0931,2021-10-13T05:21:09.000Z,cafemanila,2,peakmonsters,1,2021-10-14T05:21:09.000Z,DEC,9.500,DEC,9.500,9.500,,,,C4-293-FS7UC6FJY8,293,false,1,4
10745977,105281c1268f44c4b431933477a1c1d5aebf8052-11,thevil,1,26.305,500,10745977,10188e1820a8c12a8f39963408e38bd5d322edb9,2021-10-13T05:20:48.000Z,cafemanila,2,peakmonsters,1,2021-10-14T05:20:48.000Z,DEC,26.305,DEC,26.305,26.305,,,,C1-18-B7AJKQZZN4,18,false,300,1
12928646,6707be7453e77b30907b0384be54e6af63322a9f-106,karthuska,1,39.289,500,12928646,f48f3a92fab3db558b90406cc363e7f4a1970e6e,2021-10-13T05:20:21.000Z,cafemanila,2,peakmonsters,1,2021-10-14T05:20:21.000Z,DEC,39.289,DEC,39.289,39.289,,,,C4-178-9FIY4EAE0G,178,false,4,4
10896471,b596057d8a81571ffcb80a62c4f42147dec972a2-0,cryptofrancois,1,13.450,500,10896471,e3f442145708421787043baf1f23ab9177b0d87c,2021-10-13T05:18:21.000Z,cafemanila,2,peakmonsters,1,2021-10-14T05:18:21.000Z,DEC,13.450,DEC,13.450,13.450,,,,G3-103-TZEZDCN2CW,103,true,200,3
11255818,7b17fe764a77f8ec4133bbef7fc12077732b5794-2,foggybottom,1,16.628,500,11255818,2be88a7272615cfaeed9cb37a9ee01b920233e0c,2021-10-13T05:18:03.000Z,cafemanila,2,peakmonsters,1,2021-10-14T05:18:03.000Z,DEC,16.628,DEC,16.628,16.628,,,,G3-91-QJ720QTBJ4,91,true,200,3
15866165,59c0877e444f56875f4c7258836ebe7c3353552e-32,fighter4-freedom,1,5.500,500,15866165,91daf5ef09faef34bf8b1318ef14082b3e4b266f,2021-10-13T05:17:39.000Z,cafemanila,2,peakmonsters,1,2021-10-14T05:17:39.000Z,DEC,5.500,DEC,5.500,5.500,,,,G4-171-YA09SG9Y40,171,true,1,4
9494982,b17d12793e498c7a29ea97c09c4465c2011ceb54-27,smalp,1,33.124,500,9494982,744fc1f9a66b407ba22d99d9779c4baf9d60de51,2021-10-13T05:17:27.000Z,cafemanila,2,peakmonsters,1,2021-10-14T05:17:27.000Z,DEC,33.124,DEC,33.124,33.124,,,,G3-131-BSD6HPXIPC,131,true,400,3
13395661,efd96568b8ebff68a23350c81bf1dfd01cfb830e-0,nynate,1,6.467,500,13395661,83cf7ec64e5af2e428c54eb4256fbcafa7005144,2021-10-09T12:37:51.000Z,cafemanila,2,peakmonsters,1,2021-10-10T12:37:51.000Z,DEC,9.850,DEC,9.850,9.850,,,,C4-293-8EJWGB14OG,293,false,1,4
12194414,699a025dd8cba75d14073c23190c0e9c8535fdea-2,vettev,1,10.540,500,12194414,d706f01752c757cfa87b53532457a64a56c908bf,2021-10-09T12:36:12.000Z,cafemanila,2,peakmonsters,1,2021-10-10T12:36:12.000Z,DEC,10.540,DEC,10.540,10.540,,,,G4-178-NSEPFVQTRK,178,true,1,4
15500976,992a6aef5e0054e5fe86baa398f127cd9fa13595-5,lucky-cards,1,14.800,500,15500976,11ea7aebbf655bd5a3b1f4bd9262db62211d2bb5,2021-10-09T12:35:03.000Z,cafemanila,2,peakmonsters,1,2021-10-10T12:35:03.000Z,DEC,14.800,DEC,14.800,14.800,,,,G1-14-B1S2D4NB8G,14,true,200,1
10575279,c9a20c1813ccb550bb1a9fd4710f8bfa9663e7fe-0,redundancy4141,1,5.000,500,10575279,46401f9be9a390ac1bc0e763df01c20a40744267,2021-10-09T12:34:12.000Z,cafemanila,2,peakmonsters,1,2021-10-10T12:34:12.000Z,DEC,10.000,DEC,10.000,10.000,,,,C3-91-7SL9BX0X68,91,false,900,3
10416351,7960c69221f6a2d9ded2630887cafe8f02c3deb6-0,eveymor,1,10.000,500,10416351,e414ca98b198f8665a05cd7a53630c140e7fd825,2021-10-09T12:31:09.000Z,cafemanila,2,peakmonsters,1,2021-10-10T12:31:09.000Z,DEC,10.000,DEC,10.000,10.000,,,,C3-103-GKL0M1NNI8,103,false,2505,3
11207791,8241c8e8b4c7491d105c0254ceaab981b9a9a28b-16,smalp,1,34.950,500,11207791,6c18743d2c4fe8a576d9a1791b7ac4b955ca1026,2021-10-09T12:24:21.000Z,cafemanila,2,peakmonsters,1,2021-10-10T12:24:21.000Z,DEC,34.950,DEC,34.950,34.950,,,,G1-18-F83FDANOG0,18,true,400,1
11536267,b67f113f7da2e5dd14a76d1847d029a6a2e8a6ba-7,azircon,1,3.500,500,11536267,6c18743d2c4fe8a576d9a1791b7ac4b955ca1026,2021-10-09T12:24:21.000Z,cafemanila,2,peakmonsters,1,2021-10-10T12:24:21.000Z,DEC,3.500,DEC,3.500,3.500,,,,G4-171-EXZJ3S0074,171,true,1,4