﻿id,sell_trx_id,seller,num_cards,buy_price,fee_percent,market_item_id,rental_tx,rental_date,renter,status,market_account,rental_days,next_rental_payment,payment_currency,payment_amount,escrow_currency,escrow_amount,paid_amount,cancel_tx,cancel_player,cancel_date,card_id,card_detail_id,gold,xp,edition
18615653,319519a559408f01cd907b621f29f791476fb9ef-0,cafefrance,1,0.330,500,18615653,4f0f4e1ea1502d6aa8d57616fd6faa10e368ebb6,2021-11-02T15:48:48.000Z,usb76,1,splinterlands,14,2021-11-03T15:48:48.000Z,DEC,4.620,DEC,4.620,0.330,,,,C3-345-OS6TVPE274,345,false,1,3
18615052,a4b6ac80a1389fe9e0249081166a5c3472fb1ac0-0,cafefrance,1,0.487,500,18615052,30c974fb8c893405baab7df957732b31be6cf32f,2021-11-02T15:45:30.000Z,terrenceningawx,1,peakmonsters,2,2021-11-03T15:45:30.000Z,DEC,0.974,DEC,0.974,0.487,,,,C3-348-VQAL5213HC,348,false,1,3
10644320,8ad0c9dddd6c191df42b68b8554d4e8d4b304b2c-12,fighter4-freedom,1,25.000,500,10644320,314d3bb7c1783b4ba5e16b86a139791f925a6604,2021-10-30T09:25:18.000Z,cafefrance,2,peakmonsters,1,2021-10-31T09:25:18.000Z,DEC,25.000,DEC,25.000,25.000,,,,G3-91-IVW5TFEEN4,91,true,200,3
10359254,ec0aba7e70a4b6fea07013ddbef2308c88d77fc9-0,holzhackerbuam,1,11.450,500,10359254,6a4a94503f4fc49d53454d34ac0d94a200607e0a,2021-10-30T07:54:48.000Z,cafefrance,2,peakmonsters,1,2021-10-31T07:54:48.000Z,DEC,11.450,DEC,11.450,11.450,,,,C1-14-L9EDCNBTGW,14,false,180,1
12136051,8d05e470cb7a0bfbc5a400268b936b5183f14cfa-18,clove71,1,12.900,500,12136051,1259af5a3eef4ca9c6068c37ed1e09a3f4eac992,2021-10-30T07:54:06.000Z,cafefrance,2,peakmonsters,1,2021-10-31T07:54:06.000Z,DEC,12.900,DEC,12.900,12.900,,,,G3-103-Z4NEPAXARK,103,true,200,3
10993061,e1775f02cee4d84753a5299488d8ea91df1aca09-0,ora-et-labora,1,25.000,500,10993061,413eae7fec0147a7b5ba9a2887c4d3e792dfb4b6,2021-10-30T07:48:48.000Z,cafefrance,2,peakmonsters,1,2021-10-31T07:48:48.000Z,DEC,25.000,DEC,25.000,25.000,,,,C3-91-8010MKVNGW,91,false,360,3
17296227,a87c647596c0fb8fd4d329b74bcb470592279507-61,leomonsters,1,6.900,500,17296227,445fe9734feaab257a983e473e6fcf98ba2fc51a,2021-10-30T07:48:24.000Z,cafefrance,2,peakmonsters,1,2021-10-31T07:48:24.000Z,DEC,6.900,DEC,6.900,6.900,,,,C1-12-X9W5NMBBR4,12,false,360,1
16432673,2fa0d086b6e01711f9748fd60ca174e6c984d946-0,victor-alexander,1,88.000,500,16432673,b4cf2612d205945e0a4729ffa7ff30434cf8ba0a,2021-10-30T07:46:51.000Z,cafefrance,2,peakmonsters,1,2021-10-31T07:46:51.000Z,DEC,88.000,DEC,88.000,88.000,,,,G4-178-F7ZOWHAGW0,178,true,1,4
13301781,1b075335fc8ad19befe9a555484212288dffb2a6-0,tomy5,1,35.000,500,13301781,3537408163caf39f0c63e77d684c5bf8dc83f5e2,2021-10-30T07:46:21.000Z,cafefrance,2,peakmonsters,1,2021-10-31T07:46:21.000Z,DEC,35.000,DEC,35.000,35.000,,,,C3-131-ALM6T9XO9S,131,false,1650,3
13954433,9a29f65f33a6aaaf4fc8ef1786f47e383baa7ca8-0,agepan,1,10.000,500,13954433,a7734498c0148eb7aded3c830a60e2d3db6dbe7e,2021-10-30T07:45:48.000Z,cafefrance,2,peakmonsters,1,2021-10-31T07:45:48.000Z,DEC,10.000,DEC,10.000,10.000,,,,C4-293-RMTRLZFXG0,293,false,1,4
9494963,b17d12793e498c7a29ea97c09c4465c2011ceb54-8,smalp,1,31.341,500,9494963,414f1d886350b6327f0f54ca11fffac5920a3f49,2021-10-26T00:54:57.000Z,cafefrance,2,peakmonsters,1,2021-10-27T00:54:57.000Z,DEC,31.341,DEC,31.341,31.341,,,,G3-131-53K3U5Z2V4,131,true,400,3
16167771,3c86a274695bd77ffef4c8e832a218f20c76d00c-7,fighter4-freedom,1,10.000,500,16167771,4fb2fa2aa68a2c164c01027607b69f79351c98a7,2021-10-26T00:53:48.000Z,cafefrance,2,peakmonsters,1,2021-10-27T00:53:48.000Z,DEC,10.000,DEC,10.000,10.000,,,,C4-293-3TSF3SG1HS,293,false,1,4
14378532,0eac15e6f14a882996dda593f9a0212e4374f054-0,sacred-agent,1,16.577,500,14378532,c24a3c7fcdf550f07dfa6f5defa5a14611eae7f1,2021-10-26T00:52:57.000Z,cafefrance,2,peakmonsters,1,2021-10-27T00:52:57.000Z,DEC,16.577,DEC,16.577,16.577,,,,G3-91-0TDWTQTQ5S,91,true,200,3
16856310,05dc59da05bce4834eb02b1f22e4f77b21b6051e-18,ulviux,1,13.577,500,16856310,fa90dd196e0d50ee948620cef3c4098278eebdcc,2021-10-26T00:51:24.000Z,cafefrance,2,peakmonsters,1,2021-10-27T00:51:24.000Z,DEC,13.577,DEC,13.577,13.577,,,,G1-14-YQKU03Y1K0,14,true,200,1
11696819,e0d62bb67f816e10a1e96a422da16a4c50c6a00f-0,drakotek,1,9.950,500,11696819,fa90dd196e0d50ee948620cef3c4098278eebdcc,2021-10-26T00:51:24.000Z,cafefrance,2,peakmonsters,1,2021-10-27T00:51:24.000Z,DEC,9.950,DEC,9.950,9.950,,,,G4-169-7P369QI17K,169,true,1,4
14973814,4af6ca9f49a804c971434f1d373eba8f20227036-5,nai.collection,1,9.794,500,14973814,89282cad610e8030f244233cf739524b2b9e7426,2021-10-26T00:50:24.000Z,cafefrance,2,peakmonsters,1,2021-10-27T00:50:24.000Z,DEC,9.794,DEC,9.794,9.794,,,,G3-103-F7C3FKSGS0,103,true,200,3
16852240,384c16d223f1b0430c13534057cc95a17ae18c53-59,brybro27,1,31.940,500,16852240,89282cad610e8030f244233cf739524b2b9e7426,2021-10-26T00:50:24.000Z,cafefrance,2,peakmonsters,1,2021-10-27T00:50:24.000Z,DEC,31.940,DEC,31.940,31.940,,,,G4-178-6IMEE2I43K,178,true,1,4
14899454,9f6e0aae034f01c77c44bf38ae24db89ce7ee09c-64,jarvie,1,29.450,500,14899454,b965061e9422b78aa6eba65ec263aa790d550a6b,2021-10-21T11:27:48.000Z,cafefrance,2,peakmonsters,1,2021-10-22T11:27:48.000Z,DEC,29.450,DEC,29.450,29.450,,,,C-45VTHQSWKW,18,false,700,0
16167765,3c86a274695bd77ffef4c8e832a218f20c76d00c-1,fighter4-freedom,1,10.000,500,16167765,f9b56f9bb3a22b5871f53041815fa2ebd1b2f658,2021-10-21T11:27:15.000Z,cafefrance,2,peakmonsters,1,2021-10-22T11:27:15.000Z,DEC,10.000,DEC,10.000,10.000,,,,C4-293-0FY7X4I5DS,293,false,1,4
15188269,7625d2945ec888142b54855a9fa3b5ac05e0bf8e-0,adonisabril,1,30.000,500,15188269,8e132e637901b2fdb24e6456dfeebc954078d5df,2021-10-21T11:26:36.000Z,cafefrance,2,peakmonsters,1,2021-10-22T11:26:36.000Z,DEC,30.000,DEC,30.000,30.000,,,,C3-131-07DAADMY4G,131,false,3225,3
10307841,7fcce4e630b66ad0db15a6b3b482a64d48be7a49-31,lucky-cards,1,13.000,500,10307841,5a4d92a79ad416b4b07007028f3b25daeca09d64,2021-10-21T11:25:48.000Z,cafefrance,2,peakmonsters,1,2021-10-22T11:25:48.000Z,DEC,13.000,DEC,13.000,13.000,,,,G3-103-1HBSQWD68W,103,true,200,3
17141754,463af7fbad18d5f98485929887d6f556ad378dd4-10,rtron86,1,19.294,500,17141754,2d63572bed423e5a101cf46df6a401177e352bec,2021-10-21T11:25:15.000Z,cafefrance,2,peakmonsters,1,2021-10-22T11:25:15.000Z,DEC,19.394,DEC,19.394,19.394,,,,G3-91-84WO8DD0TS,91,true,400,3
10336376,cff377e56e440a889a88a4452a4eca0dbf7f85d6-2,pbj214,1,12.285,500,10336376,2f9437e0370d37abc8115166d78f15a9522e5400,2021-10-21T11:24:51.000Z,cafefrance,2,peakmonsters,1,2021-10-22T11:24:51.000Z,DEC,12.285,DEC,12.285,12.285,,,,G1-14-WIYEXWGI80,14,true,200,1
13567637,c343b4235c1fefea789a1ae4e20b1a00a8bfe48d-0,papigman,1,10.000,500,13567637,b0d2346e98db07f5c2cc0eeddb52a22ad3558bc1,2021-10-21T11:23:06.000Z,cafefrance,2,peakmonsters,1,2021-10-22T11:23:06.000Z,DEC,10.000,DEC,10.000,10.000,,,,G4-169-U1OO0X7W5S,169,true,1,4
15692774,2355eaa9d444aefb275f474f52badff5a24fb27b-0,softa,1,7.500,500,15692774,b0d2346e98db07f5c2cc0eeddb52a22ad3558bc1,2021-10-21T11:23:06.000Z,cafefrance,2,peakmonsters,1,2021-10-22T11:23:06.000Z,DEC,7.500,DEC,7.500,7.500,,,,G1-12-94P937G2KG,12,true,200,1
15260392,93abc6fc82fbe9efc655125f43bd0cbccaae8e5c-0,mulletwang,1,49.000,500,15260392,741e9162d8574eedecebe609474805e53f0711b4,2021-10-21T11:21:57.000Z,cafefrance,2,peakmonsters,1,2021-10-22T11:21:57.000Z,DEC,49.000,DEC,49.000,49.000,,,,G4-178-U3JCZPJOGW,178,true,1,4
10213478,18011fe757b629ac83bfbeb51ee3bbd3b32c382a-0,d-pend,1,15.000,500,10213478,474870e4432226d6a015ea07f453517668f7d360,2021-10-16T22:50:12.000Z,cafefrance,2,peakmonsters,1,2021-10-17T22:50:12.000Z,DEC,15.000,DEC,15.000,15.000,,,,C1-14-J7YKPJM0PC,14,false,60,1
16167768,3c86a274695bd77ffef4c8e832a218f20c76d00c-4,fighter4-freedom,1,10.000,500,16167768,2cd84f34446d176d428d5ea7fa7c95b784be8812,2021-10-16T22:49:42.000Z,cafefrance,2,peakmonsters,1,2021-10-17T22:49:42.000Z,DEC,10.000,DEC,10.000,10.000,,,,C4-293-2FJ3NHDJC0,293,false,1,4
15909409,43d825243c8a4252eb9e45b83f2f717bbd0bfc2c-106,moriarty95,1,5.150,500,15909409,a2ea598291838bc95a76e7269bc01a870bbd513f,2021-10-16T22:44:00.000Z,cafefrance,2,peakmonsters,1,2021-10-17T22:44:00.000Z,DEC,5.150,DEC,5.150,5.150,,,,G4-171-UVU5B3M68G,171,true,1,4
15984632,cd31dab6244feb0803e8b12b1c8671af7e16bd61-25,irishgirlcrypto,1,29.950,500,15984632,69cfa04b5f1fb20e77ca50f2543933bc0478d327,2021-10-13T05:16:33.000Z,cafefrance,2,peakmonsters,1,2021-10-14T05:16:33.000Z,DEC,29.950,DEC,29.950,29.950,,,,C4-178-648RYLSNEO,178,false,7,4
13935734,e6dbd07eb915c63c157c9e90ac5028d3558ac9ed-17,jarvie,1,23.610,500,13935734,9d421647d08d9f6e35547b37b054e5c042abbb6d,2021-10-13T05:15:45.000Z,cafefrance,2,peakmonsters,1,2021-10-14T05:15:45.000Z,DEC,23.610,DEC,23.610,23.610,,,,C-W8MG1K11E8,14,false,760,0
11036538,75227879e2dd52beb54e36a47955e3a878d1fff2-9,smalp,1,29.850,500,11036538,b0dca0ec87eda3b2c8fa28d2127cbcf5f2062461,2021-10-13T05:14:57.000Z,cafefrance,2,peakmonsters,1,2021-10-14T05:14:57.000Z,DEC,29.850,DEC,29.850,29.850,,,,C1-18-7LUEUCRL80,18,false,750,1
14937653,bf40f6244670ecd794845df8a157503c376fa12f-26,birillitudine,1,5.950,500,14937653,01c79105f6ac206431cd0b68204b02db019745e0,2021-10-13T05:14:36.000Z,cafefrance,2,peakmonsters,1,2021-10-14T05:14:36.000Z,DEC,10.950,DEC,10.950,10.950,,,,C4-293-WGZDQP5OSW,293,false,1,4
9495002,b17d12793e498c7a29ea97c09c4465c2011ceb54-47,smalp,1,33.124,500,9495002,488c861d98353945c6577839cb0a04be942f3308,2021-10-13T05:12:54.000Z,cafefrance,2,peakmonsters,1,2021-10-14T05:12:54.000Z,DEC,33.124,DEC,33.124,33.124,,,,G3-131-QUO151E60G,131,true,400,3
12136127,8d05e470cb7a0bfbc5a400268b936b5183f14cfa-94,clove71,1,16.578,500,12136127,7a87680d9f7863d4cb6d301627c8dce77120f94f,2021-10-13T05:08:48.000Z,cafefrance,2,peakmonsters,1,2021-10-14T05:08:48.000Z,DEC,16.578,DEC,16.578,16.578,,,,G3-91-CSG3HLPCB4,91,true,200,3
15866140,59c0877e444f56875f4c7258836ebe7c3353552e-7,fighter4-freedom,1,5.500,500,15866140,d13aa3c71131090c71f83d1621e5a382d1e291f1,2021-10-13T05:08:27.000Z,cafefrance,2,peakmonsters,1,2021-10-14T05:08:27.000Z,DEC,5.500,DEC,5.500,5.500,,,,G4-171-69BZH6F2Y8,171,true,1,4
12049255,d6f5d70328781535557b48968b95bf0bc5fa73a3-66,thebluewin,1,4.350,500,12049255,f385712e13f225a6652f629c6698810151bd6539,2021-10-13T05:07:03.000Z,cafefrance,2,peakmonsters,1,2021-10-14T05:07:03.000Z,DEC,4.350,DEC,4.350,4.350,,,,G1-12-MT4N0HBRAO,12,true,200,1
12136130,8d05e470cb7a0bfbc5a400268b936b5183f14cfa-97,clove71,1,16.578,500,12136130,c54479564585536af2c9364336edaa187fa94087,2021-10-10T16:17:45.000Z,cafefrance,2,peakmonsters,1,2021-10-11T16:17:45.000Z,DEC,16.578,DEC,16.578,16.578,,,,G3-91-G34BOZ158W,91,true,200,3
9494960,b17d12793e498c7a29ea97c09c4465c2011ceb54-5,smalp,1,31.341,500,9494960,f9f4abcb4ab659b26dbec246d738c02707bd1c85,2021-10-10T16:16:27.000Z,cafefrance,2,peakmonsters,1,2021-10-11T16:16:27.000Z,DEC,31.341,DEC,31.341,31.341,,,,G3-131-4AECDSFWTS,131,true,400,3
12136043,8d05e470cb7a0bfbc5a400268b936b5183f14cfa-10,clove71,1,12.900,500,12136043,be950b2b9dfca93b3eab155ecbfd39d6f303e18f,2021-10-10T16:15:48.000Z,cafefrance,2,peakmonsters,1,2021-10-11T16:15:48.000Z,DEC,12.900,DEC,12.900,12.900,,,,G3-103-HAN88OZE9S,103,true,200,3
11260105,b4387c8d8f59726df186888fa2a34b828c31e13f-1,d-pend,1,19.990,500,11260105,53248525111f0c132454a0e7713f1279d6ba744f,2021-10-10T16:15:03.000Z,cafefrance,2,peakmonsters,1,2021-10-11T16:15:03.000Z,DEC,19.990,DEC,19.990,19.990,,,,G1-14-2QJ7OJF32O,14,true,200,1
15785951,b2fa801b1178592304b71b626214d943d200c89b-17,ole555,1,10.850,500,15785951,da449de9944e9678eafbeaa57ad0235573c98392,2021-10-10T16:13:36.000Z,cafefrance,2,peakmonsters,1,2021-10-11T16:13:36.000Z,DEC,10.940,DEC,10.940,10.940,,,,G4-169-76RQCSJWM8,169,true,2,4
15619831,2b2a9dd7806a4b88e4c0ded723bd77b43c25ee92-13,wargames,1,44.900,500,15619831,1624529d651ad1712a8ed373fecf3bdb7ff8cfb5,2021-10-10T16:12:42.000Z,cafefrance,2,peakmonsters,1,2021-10-11T16:12:42.000Z,DEC,44.900,DEC,44.900,44.900,,,,G4-178-DHBHPG5BPS,178,true,1,4
11207793,8241c8e8b4c7491d105c0254ceaab981b9a9a28b-18,smalp,1,34.950,500,11207793,0e840053b6085b9ec6812a6735b7bf230711f6cf,2021-10-10T16:08:33.000Z,cafefrance,2,peakmonsters,1,2021-10-11T16:08:33.000Z,DEC,34.950,DEC,34.950,34.950,,,,G1-18-ZV6CSNZ7M8,18,true,400,1
15298047,062e85bb51e1e5872aa0af44fead4ee184b1e9b4-0,sanjeev021,1,18.990,500,15298047,81daac50d28f4297004c515441a4070bd869e4a6,2021-10-09T08:48:57.000Z,cafefrance,2,peakmonsters,1,2021-10-10T08:48:57.000Z,DEC,18.990,DEC,18.990,18.990,,,,G3-91-EMRUGL8P00,91,true,200,3
11861358,0c5c90eb149aaa9e44a0080b330a9fe74a7209a6-8,jstudio,1,12.350,500,11861358,f487ed1515bf9dec6a1cf6b81eb48e4cf891e3bb,2021-10-09T08:48:21.000Z,cafefrance,2,peakmonsters,1,2021-10-10T08:48:21.000Z,DEC,12.350,DEC,12.350,12.350,,,,G3-103-SA6WA7IXLS,103,true,200,3
15500987,992a6aef5e0054e5fe86baa398f127cd9fa13595-16,lucky-cards,1,14.100,500,15500987,f487ed1515bf9dec6a1cf6b81eb48e4cf891e3bb,2021-10-09T08:48:21.000Z,cafefrance,2,peakmonsters,1,2021-10-10T08:48:21.000Z,DEC,14.100,DEC,14.100,14.100,,,,G1-14-RJWDLV4ZRK,14,true,200,1
15509842,23e07d2d7959c0c21a4ea0230be7f5e763230ec6-0,scooter77,1,45.000,500,15509842,f487ed1515bf9dec6a1cf6b81eb48e4cf891e3bb,2021-10-09T08:48:21.000Z,cafefrance,2,peakmonsters,1,2021-10-10T08:48:21.000Z,DEC,45.000,DEC,45.000,45.000,,,,G4-178-P878QAQYOG,178,true,1,4
9495010,b17d12793e498c7a29ea97c09c4465c2011ceb54-55,smalp,1,31.341,500,9495010,f487ed1515bf9dec6a1cf6b81eb48e4cf891e3bb,2021-10-09T08:48:21.000Z,cafefrance,2,peakmonsters,1,2021-10-10T08:48:21.000Z,DEC,31.341,DEC,31.341,31.341,,,,G3-131-VFBOTJBDY8,131,true,400,3
11065669,5c27dbdb8cd5c890b896f7aa4c1a3c2ec7aba8e3-4,lucky-cards,1,29.000,500,11065669,7c624b1e2645656c3a843c1be9d411f0502d8990,2021-10-09T08:46:45.000Z,cafefrance,2,peakmonsters,1,2021-10-10T08:46:45.000Z,DEC,29.000,DEC,29.000,29.000,,,,G1-18-NVVCGGXPI8,18,true,400,1