﻿id,sell_trx_id,seller,num_cards,buy_price,fee_percent,market_item_id,rental_tx,rental_date,renter,status,market_account,rental_days,next_rental_payment,payment_currency,payment_amount,escrow_currency,escrow_amount,paid_amount,cancel_tx,cancel_player,cancel_date,card_id,card_detail_id,gold,xp,edition
17888874,43acecdc3940b564ddb9468603e6f5488b6c68a6-29,renterlands,1,49.900,500,17888874,39cf8182363af57a897579e8315878f3c5db3a19,2021-11-02T12:12:06.000Z,bluedeer,1,peakmonsters,1,2021-11-03T12:12:06.000Z,DEC,49.900,DEC,49.900,49.900,,,,G3-131-1DWUR0TCR4,131,true,400,3
11608937,7ad5a2407e57b8f62937269650e3be4e8f341f3d-0,giker,1,9.850,500,11608937,f9fe3b343f3aa0c5ba77f9ee9916e136658eff7c,2021-11-02T12:07:24.000Z,bluedeer,1,peakmonsters,1,2021-11-03T12:07:24.000Z,DEC,9.850,DEC,9.850,9.850,,,,C4-293-3NMUZBKBC0,293,false,1,4
14873328,e6aaf02846ab0c3cf664ce73a9de0f2c3d41f4a0-50,mountainjewel,1,11.650,500,14873328,345a604e1bc1587440d44d61ab24b68eca1a833c,2021-11-02T12:05:09.000Z,bluedeer,1,peakmonsters,1,2021-11-03T12:05:09.000Z,DEC,11.650,DEC,11.650,11.650,,,,G3-103-ZHT84C03OW,103,true,200,3
10799778,8394e2f57377efff347533822f266b5b6cf6ba6a-12,dec-bazaar,1,9.000,500,10799778,168c56f4d04fdbf667823f63b09ee60f5bb727e9,2021-11-02T12:04:12.000Z,bluedeer,1,peakmonsters,1,2021-11-03T12:04:12.000Z,DEC,9.000,DEC,9.000,9.000,,,,G3-91-4K0VG8W7WG,91,true,200,3
11655704,dcc3cf446adfea8280b5a00dde7f39d9f729fb9f-5,sm-traders,1,14.950,500,11655704,b987f7251c86ecdf6ca6e2f0c9a76bd01bd04425,2021-11-02T11:39:45.000Z,bluedeer,1,peakmonsters,1,2021-11-03T11:39:45.000Z,DEC,14.950,DEC,14.950,14.950,,,,G1-14-JK1J9DM2PS,14,true,200,1
10443967,eec419a5eb0e50070c74dfa6382a0c860df13920-1,cyguy,1,4.748,500,10443967,83f9bdb8947f7ead30962abc0997065bd5319e72,2021-11-02T11:29:21.000Z,bluedeer,1,peakmonsters,1,2021-11-03T11:29:21.000Z,DEC,4.748,DEC,4.748,4.748,,,,G1-12-BQJ9LT7I28,12,true,200,1
17452639,c629940d3d6fae21f62e70e70d4ce92bdb1e9041-0,profkaos,1,30.000,500,17452639,83f9bdb8947f7ead30962abc0997065bd5319e72,2021-11-02T11:29:21.000Z,bluedeer,1,peakmonsters,1,2021-11-03T11:29:21.000Z,DEC,30.000,DEC,30.000,30.000,,,,G1-18-4CH40JDRLS,18,true,400,1
17359164,60614df0d86fe9134eb75be7a50ed2af85585596-12,abh12345,1,44.840,500,17359164,83f9bdb8947f7ead30962abc0997065bd5319e72,2021-11-02T11:29:21.000Z,bluedeer,1,peakmonsters,1,2021-11-03T11:29:21.000Z,DEC,44.840,DEC,44.840,44.840,,,,G4-178-K53PRIA1A8,178,true,1,4
17930778,9dbfd29ea99e329a7ccf3cef284ea3c94107fac8-0,aaros,1,14.000,500,17930778,8964a14d15e57a0260952a277f0af2a6c4f989e0,2021-11-02T11:15:00.000Z,bluedeer,1,peakmonsters,1,2021-11-03T11:15:00.000Z,DEC,14.000,DEC,14.000,14.000,,,,G4-169-TN2UE54DJK,169,true,2,4
13171264,1eb1da4d9b330c11d33a187647d273b04f693ada-0,beetlejoos,1,4.000,500,13171264,8964a14d15e57a0260952a277f0af2a6c4f989e0,2021-11-02T11:15:00.000Z,bluedeer,1,peakmonsters,1,2021-11-03T11:15:00.000Z,DEC,4.000,DEC,4.000,4.000,,,,G4-171-LPVZP7HKDC,171,true,2,4